2026-09-15 10:52:01 [INFO    ] chipify: ============================================================
2026-09-15 10:52:01 [INFO    ] chipify: Chipify 0.2.3  →  /usr/local/lib/python3.12/dist-packages/chipify
2026-09-15 10:52:01 [INFO    ] chipify: Logging initialised  →  /foss/designs/heichip/isource_beta/chipify/out/chipify.log
2026-09-15 10:52:01 [INFO    ] chipify: ============================================================
2026-09-15 10:52:01 [INFO    ] chipify.gui_qt: Wayland session detected; preferring XWayland (xcb) with a native-Wayland fallback.
2026-09-15 10:52:03 [INFO    ] chipify.gui_qt: Starting Chipify Qt GUI (theme=night, PySide6).
2026-09-15 10:52:03 [INFO    ] chipify.gui_qt.main_window: Initial window size 1300x950 (screen work area 1920x1200).
2026-09-15 10:52:03 [DEBUG   ] chipify.gui_qt.main_window: MainWindow constructed (theme=night).
2026-09-15 10:53:19 [INFO    ] chipify.gui_qt.controllers.simulation: SimulationController.start: corners_ngspice.yaml
2026-09-15 10:53:19 [INFO    ] chipify.gui_qt.sim_worker: SimWorker.run on thread Dummy-1
2026-09-15 10:53:19 [INFO    ] chipify.simulator: run_sim() started. Testbenches: 1
2026-09-15 10:53:19 [INFO    ] chipify.simulator: Phase 1/3: generating parameter cases...
2026-09-15 10:53:19 [INFO    ] chipify.simulator: Total cases: 1
2026-09-15 10:53:19 [INFO    ] chipify.simulator: Simulator engine(s) in use: ngspice
2026-09-15 10:53:19 [INFO    ] chipify.simulator: Phase 2/3: generating Xschem templates...
2026-09-15 10:53:19 [INFO    ] chipify.engines.xschem: run_xschem: /foss/designs/heichip/isource_beta/testbenches/xschem/tb_isource_beta_op.sch (mode=spice)
2026-09-15 10:53:19 [INFO    ] chipify.engines.xschem: Xschem env: HOME=/headless XSCHEM_SHAREDIR=None PATH=/headless/.local/bin:/foss/tools/bin:/foss/tools/sak:/usr/local/sbin:/usr/local/bin:/usr/sbin:/usr/bin:/sbin:/bin:/foss/tools/kactus2:/foss/tools/klayout:/foss/tools/osic-multitool cwd=/foss/designs/heichip/isource_beta/chipify
2026-09-15 10:53:19 [INFO    ] chipify.engines.xschem: Xschem PID=707 cmd=xschem -n --spice -q -x -o /tmp/chipify_f828d4bc08 /foss/designs/heichip/isource_beta/testbenches/xschem/tb_isource_beta_op.sch
2026-09-15 10:53:19 [INFO    ] chipify.engines.xschem: xschem post-run scan: recent_files=['../../../../../tmp/chipify_f828d4bc08/tb_isource_beta_op.xschem.log'] netlist_files=[] chosen=<none>
2026-09-15 10:53:19 [WARNING ] chipify.simulator: Template generation failed for tb_isource_beta_op [ngspice]: Xschem ran (rc=1) but wrote no netlist named 'tb_isource_beta_op'. recent_files=['/tmp/chipify_f828d4bc08/tb_isource_beta_op.xschem.log']. FAST_TMP contents: ['tb_isource_beta_op.xschem.log']. See /tmp/chipify_f828d4bc08/tb_isource_beta_op.xschem.log. log_tail=Using run time directory XSCHEM_SHAREDIR = /foss/tools/xschem/share/xschem
Sourcing /foss/tools/xschem/share/xschem/xschemrc init file
Sourcing /headless/.xschem/xschemrc init file
MODELS_NGSPICE: /foss/pdks/ihp-sg13g2/libs.tech/ngspice/models
MODELS_XYCE: /foss/pdks/ihp-sg13g2/libs.tech/xyce/models
SG13G2_MODELS_VACASK: /foss/pdks/ihp-sg13g2/libs.tech/vacask/models
Netlist mode: <default>
Sourced library init file /foss/tools/xschem/share/doc/xschem/analyses/lib_init.tcl
load_schematic(): unable to open file: /foss/designs/heichip/isource_beta/testbenches/xschem/tb_isource_beta_op.sch, ffname=/foss/designs/heichip/isource_beta/testbenches/xschem/tb_isource_beta_op.sch
2026-09-15 10:53:19 [INFO    ] chipify.simulator: Phase 3/3: staging files to RAM disk...
2026-09-15 10:53:19 [INFO    ] chipify.engines.staging: Staging library files to RAM disk: /tmp/chipify_f828d4bc08
2026-09-15 10:53:19 [DEBUG   ] chipify.engines.staging: No tb/xschemrc to stage (looked at /foss/designs/heichip/isource_beta/chipify/../testbenches/xschem/xschemrc)
2026-09-15 10:53:19 [INFO    ] chipify.simulator: Spawning pool: 11 workers, 1 tasks.
2026-09-15 10:53:19 [DEBUG   ] chipify.simulator: Pool created (forkserver, 11 workers).
2026-09-15 10:53:19 [DEBUG   ] chipify.simulator: 1 batch tasks submitted (chunk_size=1).
2026-09-15 10:53:20 [INFO    ] chipify.simulator: Pool finished cleanly. 1 results collected.
2026-09-15 10:53:20 [INFO    ] chipify.simulator: run_sim() exited.
2026-09-15 10:53:20 [INFO    ] chipify.gui_qt.sim_worker: run_sim returned 1 rows. Saving results…
2026-09-15 10:53:20 [INFO    ] chipify.run_meta: Wrote run metadata: /foss/designs/heichip/isource_beta/chipify/out/history/run_20260915_105320.meta.json
2026-09-15 10:53:20 [INFO    ] chipify.run_meta: Wrote run metadata: /foss/designs/heichip/isource_beta/chipify/out/simulation_results.meta.json
2026-09-15 10:53:20 [DEBUG   ] chipify.expression: evaluate_dataframe_column 'vd_tr': 'outp-outn' → 'outp-outn'
2026-09-15 10:53:20 [WARNING ] chipify.uikit.services.equations: Scalar equation 'vd_tr' failed: name 'outp' is not defined
2026-09-15 10:53:57 [INFO    ] chipify.gui_qt.controllers.simulation: SimulationController.start: corners_ngspice.yaml
2026-09-15 10:53:57 [INFO    ] chipify.gui_qt.sim_worker: SimWorker.run on thread Dummy-1
2026-09-15 10:53:57 [INFO    ] chipify.simulator: run_sim() started. Testbenches: 1
2026-09-15 10:53:57 [INFO    ] chipify.simulator: Phase 1/3: generating parameter cases...
2026-09-15 10:53:57 [INFO    ] chipify.simulator: Total cases: 1
2026-09-15 10:53:57 [INFO    ] chipify.simulator: Simulator engine(s) in use: ngspice
2026-09-15 10:53:57 [INFO    ] chipify.simulator: Phase 2/3: generating Xschem templates...
2026-09-15 10:53:57 [INFO    ] chipify.engines.xschem: run_xschem: /foss/designs/heichip/isource_beta/testbenches/xschem/tb_isource_beta_op.sch (mode=spice)
2026-09-15 10:53:57 [INFO    ] chipify.engines.xschem: Xschem env: HOME=/headless XSCHEM_SHAREDIR=None PATH=/headless/.local/bin:/foss/tools/bin:/foss/tools/sak:/usr/local/sbin:/usr/local/bin:/usr/sbin:/usr/bin:/sbin:/bin:/foss/tools/kactus2:/foss/tools/klayout:/foss/tools/osic-multitool cwd=/foss/designs/heichip/isource_beta/chipify
2026-09-15 10:53:57 [INFO    ] chipify.engines.xschem: Xschem PID=773 cmd=xschem -n --spice -q -x -o /tmp/chipify_f828d4bc08 /foss/designs/heichip/isource_beta/testbenches/xschem/tb_isource_beta_op.sch
2026-09-15 10:53:57 [INFO    ] chipify.engines.xschem: xschem post-run scan: recent_files=['../../../../../tmp/chipify_f828d4bc08/tb_isource_beta_op.xschem.log'] netlist_files=[] chosen=<none>
2026-09-15 10:53:57 [WARNING ] chipify.simulator: Template generation failed for tb_isource_beta_op [ngspice]: Xschem ran (rc=1) but wrote no netlist named 'tb_isource_beta_op'. recent_files=['/tmp/chipify_f828d4bc08/tb_isource_beta_op.xschem.log']. FAST_TMP contents: ['tb_isource_beta_op.xschem.log']. See /tmp/chipify_f828d4bc08/tb_isource_beta_op.xschem.log. log_tail=Using run time directory XSCHEM_SHAREDIR = /foss/tools/xschem/share/xschem
Sourcing /foss/tools/xschem/share/xschem/xschemrc init file
Sourcing /headless/.xschem/xschemrc init file
MODELS_NGSPICE: /foss/pdks/ihp-sg13g2/libs.tech/ngspice/models
MODELS_XYCE: /foss/pdks/ihp-sg13g2/libs.tech/xyce/models
SG13G2_MODELS_VACASK: /foss/pdks/ihp-sg13g2/libs.tech/vacask/models
Netlist mode: <default>
Sourced library init file /foss/tools/xschem/share/doc/xschem/analyses/lib_init.tcl
load_schematic(): unable to open file: /foss/designs/heichip/isource_beta/testbenches/xschem/tb_isource_beta_op.sch, ffname=/foss/designs/heichip/isource_beta/testbenches/xschem/tb_isource_beta_op.sch
2026-09-15 10:53:57 [INFO    ] chipify.simulator: Phase 3/3: staging files to RAM disk...
2026-09-15 10:53:57 [INFO    ] chipify.engines.staging: Staging library files to RAM disk: /tmp/chipify_f828d4bc08
2026-09-15 10:53:57 [DEBUG   ] chipify.engines.staging: No tb/xschemrc to stage (looked at /foss/designs/heichip/isource_beta/chipify/../testbenches/xschem/xschemrc)
2026-09-15 10:53:57 [INFO    ] chipify.simulator: Spawning pool: 11 workers, 1 tasks.
2026-09-15 10:53:57 [DEBUG   ] chipify.simulator: Pool created (forkserver, 11 workers).
2026-09-15 10:53:57 [DEBUG   ] chipify.simulator: 1 batch tasks submitted (chunk_size=1).
2026-09-15 10:53:58 [INFO    ] chipify.simulator: Pool finished cleanly. 1 results collected.
2026-09-15 10:53:58 [INFO    ] chipify.simulator: run_sim() exited.
2026-09-15 10:53:58 [INFO    ] chipify.gui_qt.sim_worker: run_sim returned 1 rows. Saving results…
2026-09-15 10:53:58 [INFO    ] chipify.run_meta: Wrote run metadata: /foss/designs/heichip/isource_beta/chipify/out/history/run_20260915_105358.meta.json
2026-09-15 10:53:58 [INFO    ] chipify.run_meta: Wrote run metadata: /foss/designs/heichip/isource_beta/chipify/out/simulation_results.meta.json
2026-09-15 10:53:58 [DEBUG   ] chipify.expression: evaluate_dataframe_column 'vd_tr': 'outp-outn' → 'outp-outn'
2026-09-15 10:53:58 [WARNING ] chipify.uikit.services.equations: Scalar equation 'vd_tr' failed: name 'outp' is not defined
2026-09-15 11:10:11 [INFO    ] chipify.gui_qt.controllers.simulation: SimulationController.start: corners_ngspice.yaml
2026-09-15 11:10:11 [INFO    ] chipify.gui_qt.sim_worker: SimWorker.run on thread Dummy-1
2026-09-15 11:10:11 [INFO    ] chipify.simulator: run_sim() started. Testbenches: 1
2026-09-15 11:10:11 [INFO    ] chipify.simulator: Phase 1/3: generating parameter cases...
2026-09-15 11:10:11 [INFO    ] chipify.simulator: Total cases: 1
2026-09-15 11:10:11 [INFO    ] chipify.simulator: Simulator engine(s) in use: ngspice
2026-09-15 11:10:11 [INFO    ] chipify.simulator: Phase 2/3: generating Xschem templates...
2026-09-15 11:10:11 [INFO    ] chipify.engines.xschem: run_xschem: /foss/designs/heichip/isource_beta/testbenches/xschem/tb_isource_beta_op.sch (mode=spice)
2026-09-15 11:10:11 [INFO    ] chipify.engines.xschem: Xschem env: HOME=/headless XSCHEM_SHAREDIR=None PATH=/headless/.local/bin:/foss/tools/bin:/foss/tools/sak:/usr/local/sbin:/usr/local/bin:/usr/sbin:/usr/bin:/sbin:/bin:/foss/tools/kactus2:/foss/tools/klayout:/foss/tools/osic-multitool cwd=/foss/designs/heichip/isource_beta/chipify
2026-09-15 11:10:11 [INFO    ] chipify.engines.xschem: Xschem PID=834 cmd=xschem -n --spice -q -x -o /tmp/chipify_f828d4bc08 /foss/designs/heichip/isource_beta/testbenches/xschem/tb_isource_beta_op.sch
2026-09-15 11:10:11 [INFO    ] chipify.engines.xschem: xschem post-run scan: recent_files=['../../../../../tmp/chipify_f828d4bc08/tb_isource_beta_op.xschem.log', '../../../../../tmp/chipify_f828d4bc08/tb_isource_beta_op.spice'] netlist_files=['../../../../../tmp/chipify_f828d4bc08/tb_isource_beta_op.spice'] chosen=../../../../../tmp/chipify_f828d4bc08/tb_isource_beta_op.spice
2026-09-15 11:10:11 [WARNING ] chipify.engines.xschem: Xschem returned rc=10 but produced /tmp/chipify_f828d4bc08/tb_isource_beta_op.spice. Continuing.
2026-09-15 11:10:11 [INFO    ] chipify.engines.xschem: Xschem netlist generated OK (spice).
2026-09-15 11:10:11 [INFO    ] chipify.simulator: Phase 3/3: staging files to RAM disk...
2026-09-15 11:10:11 [INFO    ] chipify.engines.staging: Staging library files to RAM disk: /tmp/chipify_f828d4bc08
2026-09-15 11:10:11 [DEBUG   ] chipify.engines.staging: No tb/xschemrc to stage (looked at /foss/designs/heichip/isource_beta/chipify/../testbenches/xschem/xschemrc)
2026-09-15 11:10:11 [INFO    ] chipify.simulator: Spawning pool: 11 workers, 1 tasks.
2026-09-15 11:10:12 [DEBUG   ] chipify.simulator: Pool created (forkserver, 11 workers).
2026-09-15 11:10:12 [DEBUG   ] chipify.simulator: 1 batch tasks submitted (chunk_size=1).
2026-09-15 11:10:12 [INFO    ] chipify.simulator: Pool finished cleanly. 1 results collected.
2026-09-15 11:10:12 [INFO    ] chipify.simulator: run_sim() exited.
2026-09-15 11:10:12 [INFO    ] chipify.gui_qt.sim_worker: run_sim returned 1 rows. Saving results…
2026-09-15 11:10:12 [INFO    ] chipify.run_meta: Wrote run metadata: /foss/designs/heichip/isource_beta/chipify/out/history/run_20260915_111012.meta.json
2026-09-15 11:10:12 [INFO    ] chipify.run_meta: Wrote run metadata: /foss/designs/heichip/isource_beta/chipify/out/simulation_results.meta.json
2026-09-15 11:10:12 [DEBUG   ] chipify.expression: evaluate_dataframe_column 'vd_tr': 'outp-outn' → 'outp-outn'
2026-09-15 11:10:12 [WARNING ] chipify.uikit.services.equations: Scalar equation 'vd_tr' failed: name 'outp' is not defined
2026-09-15 11:10:35 [INFO    ] chipify: ============================================================
2026-09-15 11:10:35 [INFO    ] chipify: Chipify 0.2.3  →  /usr/local/lib/python3.12/dist-packages/chipify
2026-09-15 11:10:35 [INFO    ] chipify: Logging initialised  →  /foss/designs/heichip/isource_beta/chipify/out/chipify.log
2026-09-15 11:10:35 [INFO    ] chipify: ============================================================
2026-09-15 11:10:35 [INFO    ] chipify.gui_qt: Wayland session detected; preferring XWayland (xcb) with a native-Wayland fallback.
2026-09-15 11:10:36 [INFO    ] chipify.gui_qt: Starting Chipify Qt GUI (theme=night, PySide6).
2026-09-15 11:10:36 [INFO    ] chipify.gui_qt.main_window: Initial window size 1300x950 (screen work area 1920x1200).
2026-09-15 11:10:36 [DEBUG   ] chipify.gui_qt.main_window: MainWindow constructed (theme=night).
2026-09-15 11:10:36 [DEBUG   ] chipify.expression: evaluate_dataframe_column 'vd_tr': 'outp-outn' → 'outp-outn'
2026-09-15 11:10:36 [WARNING ] chipify.uikit.services.equations: Scalar equation 'vd_tr' failed: name 'outp' is not defined
2026-09-15 11:10:48 [INFO    ] chipify.gui_qt.controllers.simulation: SimulationController.start: corners_ngspice.yaml
2026-09-15 11:10:48 [INFO    ] chipify.gui_qt.sim_worker: SimWorker.run on thread Dummy-1
2026-09-15 11:10:48 [INFO    ] chipify.simulator: run_sim() started. Testbenches: 1
2026-09-15 11:10:48 [INFO    ] chipify.simulator: Phase 1/3: generating parameter cases...
2026-09-15 11:10:48 [INFO    ] chipify.simulator: Total cases: 1
2026-09-15 11:10:48 [INFO    ] chipify.simulator: Simulator engine(s) in use: ngspice
2026-09-15 11:10:48 [INFO    ] chipify.simulator: Phase 2/3: generating Xschem templates...
2026-09-15 11:10:48 [INFO    ] chipify.engines.xschem: run_xschem: /foss/designs/heichip/isource_beta/testbenches/xschem/tb_isource_beta_op.sch (mode=spice)
2026-09-15 11:10:48 [INFO    ] chipify.engines.xschem: Xschem env: HOME=/headless XSCHEM_SHAREDIR=None PATH=/headless/.local/bin:/foss/tools/bin:/foss/tools/sak:/usr/local/sbin:/usr/local/bin:/usr/sbin:/usr/bin:/sbin:/bin:/foss/tools/kactus2:/foss/tools/klayout:/foss/tools/osic-multitool cwd=/foss/designs/heichip/isource_beta/chipify
2026-09-15 11:10:48 [INFO    ] chipify.engines.xschem: Xschem PID=925 cmd=xschem -n --spice -q -x -o /tmp/chipify_f828d4bc08 /foss/designs/heichip/isource_beta/testbenches/xschem/tb_isource_beta_op.sch
2026-09-15 11:10:49 [INFO    ] chipify.engines.xschem: xschem post-run scan: recent_files=['../../../../../tmp/chipify_f828d4bc08/tb_isource_beta_op.xschem.log', '../../../../../tmp/chipify_f828d4bc08/tb_isource_beta_op.spice'] netlist_files=['../../../../../tmp/chipify_f828d4bc08/tb_isource_beta_op.spice'] chosen=../../../../../tmp/chipify_f828d4bc08/tb_isource_beta_op.spice
2026-09-15 11:10:49 [WARNING ] chipify.engines.xschem: Xschem returned rc=10 but produced /tmp/chipify_f828d4bc08/tb_isource_beta_op.spice. Continuing.
2026-09-15 11:10:49 [INFO    ] chipify.engines.xschem: Xschem netlist generated OK (spice).
2026-09-15 11:10:49 [INFO    ] chipify.simulator: Phase 3/3: staging files to RAM disk...
2026-09-15 11:10:49 [INFO    ] chipify.engines.staging: Staging library files to RAM disk: /tmp/chipify_f828d4bc08
2026-09-15 11:10:49 [DEBUG   ] chipify.engines.staging: No tb/xschemrc to stage (looked at /foss/designs/heichip/isource_beta/chipify/../testbenches/xschem/xschemrc)
2026-09-15 11:10:49 [INFO    ] chipify.simulator: Spawning pool: 11 workers, 1 tasks.
2026-09-15 11:10:49 [DEBUG   ] chipify.simulator: Pool created (forkserver, 11 workers).
2026-09-15 11:10:49 [DEBUG   ] chipify.simulator: 1 batch tasks submitted (chunk_size=1).
2026-09-15 11:10:49 [INFO    ] chipify.simulator: Pool finished cleanly. 1 results collected.
2026-09-15 11:10:49 [INFO    ] chipify.simulator: run_sim() exited.
2026-09-15 11:10:49 [INFO    ] chipify.gui_qt.sim_worker: run_sim returned 1 rows. Saving results…
2026-09-15 11:10:49 [INFO    ] chipify.run_meta: Wrote run metadata: /foss/designs/heichip/isource_beta/chipify/out/history/run_20260915_111049.meta.json
2026-09-15 11:10:50 [INFO    ] chipify.run_meta: Wrote run metadata: /foss/designs/heichip/isource_beta/chipify/out/simulation_results.meta.json
2026-09-15 11:10:50 [DEBUG   ] chipify.expression: evaluate_dataframe_column 'vd_tr': 'outp-outn' → 'outp-outn'
2026-09-15 11:10:50 [WARNING ] chipify.uikit.services.equations: Scalar equation 'vd_tr' failed: name 'outp' is not defined
2026-09-15 11:13:46 [INFO    ] chipify: ============================================================
2026-09-15 11:13:46 [INFO    ] chipify: Chipify 0.2.3  →  /usr/local/lib/python3.12/dist-packages/chipify
2026-09-15 11:13:46 [INFO    ] chipify: Logging initialised  →  /foss/designs/heichip/isource_beta/chipify/out/chipify.log
2026-09-15 11:13:46 [INFO    ] chipify: ============================================================
2026-09-15 11:13:46 [INFO    ] chipify.gui_qt: Wayland session detected; preferring XWayland (xcb) with a native-Wayland fallback.
2026-09-15 11:13:47 [INFO    ] chipify.gui_qt: Starting Chipify Qt GUI (theme=night, PySide6).
2026-09-15 11:13:47 [INFO    ] chipify.gui_qt.main_window: Initial window size 1300x950 (screen work area 1920x1200).
2026-09-15 11:13:47 [DEBUG   ] chipify.gui_qt.main_window: MainWindow constructed (theme=night).
2026-09-15 11:13:47 [DEBUG   ] chipify.expression: evaluate_dataframe_column 'vd_tr': 'outp-outn' → 'outp-outn'
2026-09-15 11:13:47 [WARNING ] chipify.uikit.services.equations: Scalar equation 'vd_tr' failed: name 'outp' is not defined
2026-09-15 11:13:50 [INFO    ] chipify.gui_qt.controllers.simulation: SimulationController.start: corners_ngspice.yaml
2026-09-15 11:13:50 [INFO    ] chipify.gui_qt.sim_worker: SimWorker.run on thread Dummy-1
2026-09-15 11:13:50 [INFO    ] chipify.simulator: run_sim() started. Testbenches: 1
2026-09-15 11:13:50 [INFO    ] chipify.simulator: Phase 1/3: generating parameter cases...
2026-09-15 11:13:50 [INFO    ] chipify.simulator: Total cases: 1
2026-09-15 11:13:50 [INFO    ] chipify.simulator: Simulator engine(s) in use: ngspice
2026-09-15 11:13:50 [INFO    ] chipify.simulator: Phase 2/3: generating Xschem templates...
2026-09-15 11:13:50 [INFO    ] chipify.engines.xschem: run_xschem: /foss/designs/heichip/isource_beta/testbenches/xschem/tb_isource_beta_op.sch (mode=spice)
2026-09-15 11:13:50 [INFO    ] chipify.engines.xschem: Xschem env: HOME=/headless XSCHEM_SHAREDIR=None PATH=/headless/.local/bin:/foss/tools/bin:/foss/tools/sak:/usr/local/sbin:/usr/local/bin:/usr/sbin:/usr/bin:/sbin:/bin:/foss/tools/kactus2:/foss/tools/klayout:/foss/tools/osic-multitool cwd=/foss/designs/heichip/isource_beta/chipify
2026-09-15 11:13:50 [INFO    ] chipify.engines.xschem: Xschem PID=1025 cmd=xschem -n --spice -q -x -o /tmp/chipify_f828d4bc08 /foss/designs/heichip/isource_beta/testbenches/xschem/tb_isource_beta_op.sch
2026-09-15 11:13:50 [INFO    ] chipify.engines.xschem: xschem post-run scan: recent_files=['../../../../../tmp/chipify_f828d4bc08/tb_isource_beta_op.xschem.log', '../../../../../tmp/chipify_f828d4bc08/tb_isource_beta_op.spice'] netlist_files=['../../../../../tmp/chipify_f828d4bc08/tb_isource_beta_op.spice'] chosen=../../../../../tmp/chipify_f828d4bc08/tb_isource_beta_op.spice
2026-09-15 11:13:50 [INFO    ] chipify.engines.xschem: Xschem netlist generated OK (spice).
2026-09-15 11:13:50 [INFO    ] chipify.simulator: Phase 3/3: staging files to RAM disk...
2026-09-15 11:13:50 [INFO    ] chipify.engines.staging: Staging library files to RAM disk: /tmp/chipify_f828d4bc08
2026-09-15 11:13:50 [DEBUG   ] chipify.engines.staging: No tb/xschemrc to stage (looked at /foss/designs/heichip/isource_beta/chipify/../testbenches/xschem/xschemrc)
2026-09-15 11:13:50 [INFO    ] chipify.simulator: Spawning pool: 11 workers, 1 tasks.
2026-09-15 11:13:50 [DEBUG   ] chipify.simulator: Pool created (forkserver, 11 workers).
2026-09-15 11:13:50 [DEBUG   ] chipify.simulator: 1 batch tasks submitted (chunk_size=1).
2026-09-15 11:13:51 [INFO    ] chipify.simulator: Pool finished cleanly. 1 results collected.
2026-09-15 11:13:51 [INFO    ] chipify.simulator: run_sim() exited.
2026-09-15 11:13:51 [INFO    ] chipify.gui_qt.sim_worker: run_sim returned 1 rows. Saving results…
2026-09-15 11:13:51 [INFO    ] chipify.run_meta: Wrote run metadata: /foss/designs/heichip/isource_beta/chipify/out/history/run_20260915_111351.meta.json
2026-09-15 11:13:51 [INFO    ] chipify.run_meta: Wrote run metadata: /foss/designs/heichip/isource_beta/chipify/out/simulation_results.meta.json
2026-09-15 11:13:51 [DEBUG   ] chipify.expression: evaluate_dataframe_column 'vd_tr': 'outp-outn' → 'outp-outn'
2026-09-15 11:13:51 [WARNING ] chipify.uikit.services.equations: Scalar equation 'vd_tr' failed: name 'outp' is not defined
2026-09-15 11:15:13 [DEBUG   ] chipify.expression: evaluate_dataframe_column 'iout': 'out/res' → 'out/res'
2026-09-15 11:15:13 [WARNING ] chipify.uikit.services.equations: Scalar equation 'iout' failed: name 'res' is not defined
2026-09-15 11:15:29 [INFO    ] chipify.gui_qt.controllers.simulation: SimulationController.start: corners_ngspice.yaml
2026-09-15 11:15:29 [INFO    ] chipify.gui_qt.sim_worker: SimWorker.run on thread Dummy-1
2026-09-15 11:15:29 [INFO    ] chipify.simulator: run_sim() started. Testbenches: 1
2026-09-15 11:15:29 [INFO    ] chipify.simulator: Phase 1/3: generating parameter cases...
2026-09-15 11:15:29 [INFO    ] chipify.simulator: Total cases: 1
2026-09-15 11:15:29 [INFO    ] chipify.simulator: Simulator engine(s) in use: ngspice
2026-09-15 11:15:29 [INFO    ] chipify.simulator: Phase 2/3: generating Xschem templates...
2026-09-15 11:15:29 [INFO    ] chipify.engines.xschem: run_xschem: /foss/designs/heichip/isource_beta/testbenches/xschem/tb_isource_beta_op.sch (mode=spice)
2026-09-15 11:15:29 [INFO    ] chipify.engines.xschem: Xschem env: HOME=/headless XSCHEM_SHAREDIR=None PATH=/headless/.local/bin:/foss/tools/bin:/foss/tools/sak:/usr/local/sbin:/usr/local/bin:/usr/sbin:/usr/bin:/sbin:/bin:/foss/tools/kactus2:/foss/tools/klayout:/foss/tools/osic-multitool cwd=/foss/designs/heichip/isource_beta/chipify
2026-09-15 11:15:29 [INFO    ] chipify.engines.xschem: Xschem PID=1095 cmd=xschem -n --spice -q -x -o /tmp/chipify_f828d4bc08 /foss/designs/heichip/isource_beta/testbenches/xschem/tb_isource_beta_op.sch
2026-09-15 11:15:29 [INFO    ] chipify.engines.xschem: xschem post-run scan: recent_files=['../../../../../tmp/chipify_f828d4bc08/tb_isource_beta_op.xschem.log', '../../../../../tmp/chipify_f828d4bc08/tb_isource_beta_op.spice'] netlist_files=['../../../../../tmp/chipify_f828d4bc08/tb_isource_beta_op.spice'] chosen=../../../../../tmp/chipify_f828d4bc08/tb_isource_beta_op.spice
2026-09-15 11:15:29 [INFO    ] chipify.engines.xschem: Xschem netlist generated OK (spice).
2026-09-15 11:15:29 [INFO    ] chipify.simulator: Phase 3/3: staging files to RAM disk...
2026-09-15 11:15:29 [INFO    ] chipify.engines.staging: Staging library files to RAM disk: /tmp/chipify_f828d4bc08
2026-09-15 11:15:29 [DEBUG   ] chipify.engines.staging: No tb/xschemrc to stage (looked at /foss/designs/heichip/isource_beta/chipify/../testbenches/xschem/xschemrc)
2026-09-15 11:15:29 [INFO    ] chipify.simulator: Spawning pool: 11 workers, 1 tasks.
2026-09-15 11:15:29 [DEBUG   ] chipify.simulator: Pool created (forkserver, 11 workers).
2026-09-15 11:15:29 [DEBUG   ] chipify.simulator: 1 batch tasks submitted (chunk_size=1).
2026-09-15 11:15:30 [INFO    ] chipify.simulator: Pool finished cleanly. 1 results collected.
2026-09-15 11:15:30 [INFO    ] chipify.simulator: run_sim() exited.
2026-09-15 11:15:30 [INFO    ] chipify.gui_qt.sim_worker: run_sim returned 1 rows. Saving results…
2026-09-15 11:15:30 [INFO    ] chipify.run_meta: Wrote run metadata: /foss/designs/heichip/isource_beta/chipify/out/history/run_20260915_111530.meta.json
2026-09-15 11:15:30 [INFO    ] chipify.run_meta: Wrote run metadata: /foss/designs/heichip/isource_beta/chipify/out/simulation_results.meta.json
2026-09-15 11:15:30 [DEBUG   ] chipify.expression: evaluate_dataframe_column 'iout': 'out/res' → 'out/res'
2026-09-15 11:15:30 [WARNING ] chipify.uikit.services.equations: Scalar equation 'iout' failed: unsupported operand type(s) for /: 'float' and 'str'
2026-09-15 11:15:34 [DEBUG   ] chipify.expression: evaluate_dataframe_column 'iout': 'out/res' → 'out/res'
2026-09-15 11:15:34 [WARNING ] chipify.uikit.services.equations: Scalar equation 'iout' failed: unsupported operand type(s) for /: 'float' and 'str'
2026-09-15 11:15:38 [DEBUG   ] chipify.expression: evaluate_dataframe_column 'iout': 'out/res' → 'out/res'
2026-09-15 11:15:38 [WARNING ] chipify.uikit.services.equations: Scalar equation 'iout' failed: unsupported operand type(s) for /: 'float' and 'str'
2026-09-15 11:15:38 [DEBUG   ] chipify.expression: evaluate_dataframe_column 'iout': 'out/res' → 'out/res'
2026-09-15 11:15:38 [WARNING ] chipify.uikit.services.equations: Scalar equation 'iout' failed: unsupported operand type(s) for /: 'float' and 'str'
2026-09-15 11:15:39 [DEBUG   ] chipify.expression: evaluate_dataframe_column 'iout': 'out/res' → 'out/res'
2026-09-15 11:15:39 [WARNING ] chipify.uikit.services.equations: Scalar equation 'iout' failed: unsupported operand type(s) for /: 'float' and 'str'
2026-09-15 11:15:49 [DEBUG   ] chipify.expression: evaluate_dataframe_column 'iout': 'out/res' → 'out/res'
2026-09-15 11:15:49 [WARNING ] chipify.uikit.services.equations: Scalar equation 'iout' failed: unsupported operand type(s) for /: 'float' and 'str'
2026-09-15 11:15:50 [INFO    ] chipify.gui_qt.controllers.simulation: SimulationController.start: corners_ngspice.yaml
2026-09-15 11:15:50 [INFO    ] chipify.gui_qt.sim_worker: SimWorker.run on thread Dummy-1
2026-09-15 11:15:50 [INFO    ] chipify.simulator: run_sim() started. Testbenches: 1
2026-09-15 11:15:50 [INFO    ] chipify.simulator: Phase 1/3: generating parameter cases...
2026-09-15 11:15:50 [INFO    ] chipify.simulator: Total cases: 1
2026-09-15 11:15:50 [INFO    ] chipify.simulator: Simulator engine(s) in use: ngspice
2026-09-15 11:15:50 [INFO    ] chipify.simulator: Phase 2/3: generating Xschem templates...
2026-09-15 11:15:50 [INFO    ] chipify.engines.xschem: run_xschem: /foss/designs/heichip/isource_beta/testbenches/xschem/tb_isource_beta_op.sch (mode=spice)
2026-09-15 11:15:50 [INFO    ] chipify.engines.xschem: Xschem env: HOME=/headless XSCHEM_SHAREDIR=None PATH=/headless/.local/bin:/foss/tools/bin:/foss/tools/sak:/usr/local/sbin:/usr/local/bin:/usr/sbin:/usr/bin:/sbin:/bin:/foss/tools/kactus2:/foss/tools/klayout:/foss/tools/osic-multitool cwd=/foss/designs/heichip/isource_beta/chipify
2026-09-15 11:15:50 [INFO    ] chipify.engines.xschem: Xschem PID=1160 cmd=xschem -n --spice -q -x -o /tmp/chipify_f828d4bc08 /foss/designs/heichip/isource_beta/testbenches/xschem/tb_isource_beta_op.sch
2026-09-15 11:15:51 [INFO    ] chipify.engines.xschem: xschem post-run scan: recent_files=['../../../../../tmp/chipify_f828d4bc08/tb_isource_beta_op.xschem.log', '../../../../../tmp/chipify_f828d4bc08/tb_isource_beta_op.spice'] netlist_files=['../../../../../tmp/chipify_f828d4bc08/tb_isource_beta_op.spice'] chosen=../../../../../tmp/chipify_f828d4bc08/tb_isource_beta_op.spice
2026-09-15 11:15:51 [INFO    ] chipify.engines.xschem: Xschem netlist generated OK (spice).
2026-09-15 11:15:51 [INFO    ] chipify.simulator: Phase 3/3: staging files to RAM disk...
2026-09-15 11:15:51 [INFO    ] chipify.engines.staging: Staging library files to RAM disk: /tmp/chipify_f828d4bc08
2026-09-15 11:15:51 [DEBUG   ] chipify.engines.staging: No tb/xschemrc to stage (looked at /foss/designs/heichip/isource_beta/chipify/../testbenches/xschem/xschemrc)
2026-09-15 11:15:51 [INFO    ] chipify.simulator: Spawning pool: 11 workers, 1 tasks.
2026-09-15 11:15:51 [DEBUG   ] chipify.simulator: Pool created (forkserver, 11 workers).
2026-09-15 11:15:51 [DEBUG   ] chipify.simulator: 1 batch tasks submitted (chunk_size=1).
2026-09-15 11:15:52 [INFO    ] chipify.simulator: Pool finished cleanly. 1 results collected.
2026-09-15 11:15:52 [INFO    ] chipify.simulator: run_sim() exited.
2026-09-15 11:15:52 [INFO    ] chipify.gui_qt.sim_worker: run_sim returned 1 rows. Saving results…
2026-09-15 11:15:54 [INFO    ] chipify.run_meta: Wrote run metadata: /foss/designs/heichip/isource_beta/chipify/out/history/run_20260915_111554.meta.json
2026-09-15 11:15:54 [INFO    ] chipify.run_meta: Wrote run metadata: /foss/designs/heichip/isource_beta/chipify/out/simulation_results.meta.json
2026-09-15 11:15:54 [DEBUG   ] chipify.expression: evaluate_dataframe_column 'iout': 'out/res' → 'out/res'
2026-09-15 11:15:54 [WARNING ] chipify.uikit.services.equations: Scalar equation 'iout' failed: unsupported operand type(s) for /: 'float' and 'str'
2026-09-15 11:16:22 [INFO    ] chipify.gui_qt.controllers.simulation: SimulationController.start: corners_ngspice.yaml
2026-09-15 11:16:22 [INFO    ] chipify.gui_qt.sim_worker: SimWorker.run on thread Dummy-1
2026-09-15 11:16:22 [INFO    ] chipify.simulator: run_sim() started. Testbenches: 1
2026-09-15 11:16:22 [INFO    ] chipify.simulator: Phase 1/3: generating parameter cases...
2026-09-15 11:16:22 [INFO    ] chipify.simulator: Total cases: 1
2026-09-15 11:16:22 [INFO    ] chipify.simulator: Simulator engine(s) in use: ngspice
2026-09-15 11:16:22 [INFO    ] chipify.simulator: Phase 2/3: generating Xschem templates...
2026-09-15 11:16:22 [INFO    ] chipify.engines.xschem: run_xschem: /foss/designs/heichip/isource_beta/testbenches/xschem/tb_isource_beta_op.sch (mode=spice)
2026-09-15 11:16:22 [INFO    ] chipify.engines.xschem: Xschem env: HOME=/headless XSCHEM_SHAREDIR=None PATH=/headless/.local/bin:/foss/tools/bin:/foss/tools/sak:/usr/local/sbin:/usr/local/bin:/usr/sbin:/usr/bin:/sbin:/bin:/foss/tools/kactus2:/foss/tools/klayout:/foss/tools/osic-multitool cwd=/foss/designs/heichip/isource_beta/chipify
2026-09-15 11:16:22 [INFO    ] chipify.engines.xschem: Xschem PID=1225 cmd=xschem -n --spice -q -x -o /tmp/chipify_f828d4bc08 /foss/designs/heichip/isource_beta/testbenches/xschem/tb_isource_beta_op.sch
2026-09-15 11:16:22 [INFO    ] chipify.engines.xschem: xschem post-run scan: recent_files=['../../../../../tmp/chipify_f828d4bc08/tb_isource_beta_op.xschem.log', '../../../../../tmp/chipify_f828d4bc08/tb_isource_beta_op.spice'] netlist_files=['../../../../../tmp/chipify_f828d4bc08/tb_isource_beta_op.spice'] chosen=../../../../../tmp/chipify_f828d4bc08/tb_isource_beta_op.spice
2026-09-15 11:16:22 [INFO    ] chipify.engines.xschem: Xschem netlist generated OK (spice).
2026-09-15 11:16:22 [INFO    ] chipify.simulator: Phase 3/3: staging files to RAM disk...
2026-09-15 11:16:22 [INFO    ] chipify.engines.staging: Staging library files to RAM disk: /tmp/chipify_f828d4bc08
2026-09-15 11:16:23 [DEBUG   ] chipify.engines.staging: No tb/xschemrc to stage (looked at /foss/designs/heichip/isource_beta/chipify/../testbenches/xschem/xschemrc)
2026-09-15 11:16:23 [INFO    ] chipify.simulator: Spawning pool: 11 workers, 1 tasks.
2026-09-15 11:16:23 [DEBUG   ] chipify.simulator: Pool created (forkserver, 11 workers).
2026-09-15 11:16:23 [DEBUG   ] chipify.simulator: 1 batch tasks submitted (chunk_size=1).
2026-09-15 11:16:23 [INFO    ] chipify.simulator: Pool finished cleanly. 1 results collected.
2026-09-15 11:16:23 [INFO    ] chipify.simulator: run_sim() exited.
2026-09-15 11:16:23 [INFO    ] chipify.gui_qt.sim_worker: run_sim returned 1 rows. Saving results…
2026-09-15 11:16:23 [INFO    ] chipify.run_meta: Wrote run metadata: /foss/designs/heichip/isource_beta/chipify/out/history/run_20260915_111623.meta.json
2026-09-15 11:16:23 [INFO    ] chipify.run_meta: Wrote run metadata: /foss/designs/heichip/isource_beta/chipify/out/simulation_results.meta.json
2026-09-15 11:16:23 [DEBUG   ] chipify.expression: evaluate_dataframe_column 'iout': 'out/res' → 'out/res'
2026-09-15 11:16:23 [DEBUG   ] chipify.uikit.services.equations: Applied scalar equation: iout = out/res
2026-09-15 11:16:46 [INFO    ] chipify.gui_qt.controllers.simulation: SimulationController.start: corners_ngspice.yaml
2026-09-15 11:16:46 [INFO    ] chipify.gui_qt.sim_worker: SimWorker.run on thread Dummy-1
2026-09-15 11:16:46 [INFO    ] chipify.simulator: run_sim() started. Testbenches: 1
2026-09-15 11:16:46 [INFO    ] chipify.simulator: Phase 1/3: generating parameter cases...
2026-09-15 11:16:46 [INFO    ] chipify.simulator: Total cases: 3
2026-09-15 11:16:46 [INFO    ] chipify.simulator: Simulator engine(s) in use: ngspice
2026-09-15 11:16:46 [INFO    ] chipify.simulator: Phase 2/3: generating Xschem templates...
2026-09-15 11:16:46 [INFO    ] chipify.engines.xschem: run_xschem: /foss/designs/heichip/isource_beta/testbenches/xschem/tb_isource_beta_op.sch (mode=spice)
2026-09-15 11:16:46 [INFO    ] chipify.engines.xschem: Xschem env: HOME=/headless XSCHEM_SHAREDIR=None PATH=/headless/.local/bin:/foss/tools/bin:/foss/tools/sak:/usr/local/sbin:/usr/local/bin:/usr/sbin:/usr/bin:/sbin:/bin:/foss/tools/kactus2:/foss/tools/klayout:/foss/tools/osic-multitool cwd=/foss/designs/heichip/isource_beta/chipify
2026-09-15 11:16:46 [INFO    ] chipify.engines.xschem: Xschem PID=1290 cmd=xschem -n --spice -q -x -o /tmp/chipify_f828d4bc08 /foss/designs/heichip/isource_beta/testbenches/xschem/tb_isource_beta_op.sch
2026-09-15 11:16:47 [INFO    ] chipify.engines.xschem: xschem post-run scan: recent_files=['../../../../../tmp/chipify_f828d4bc08/tb_isource_beta_op.xschem.log', '../../../../../tmp/chipify_f828d4bc08/tb_isource_beta_op.spice'] netlist_files=['../../../../../tmp/chipify_f828d4bc08/tb_isource_beta_op.spice'] chosen=../../../../../tmp/chipify_f828d4bc08/tb_isource_beta_op.spice
2026-09-15 11:16:47 [INFO    ] chipify.engines.xschem: Xschem netlist generated OK (spice).
2026-09-15 11:16:47 [INFO    ] chipify.simulator: Phase 3/3: staging files to RAM disk...
2026-09-15 11:16:47 [INFO    ] chipify.engines.staging: Staging library files to RAM disk: /tmp/chipify_f828d4bc08
2026-09-15 11:16:47 [DEBUG   ] chipify.engines.staging: No tb/xschemrc to stage (looked at /foss/designs/heichip/isource_beta/chipify/../testbenches/xschem/xschemrc)
2026-09-15 11:16:47 [INFO    ] chipify.simulator: Spawning pool: 11 workers, 3 tasks.
2026-09-15 11:16:47 [DEBUG   ] chipify.simulator: Pool created (forkserver, 11 workers).
2026-09-15 11:16:47 [DEBUG   ] chipify.simulator: 3 batch tasks submitted (chunk_size=1).
2026-09-15 11:16:47 [INFO    ] chipify.simulator: Pool finished cleanly. 3 results collected.
2026-09-15 11:16:47 [INFO    ] chipify.simulator: run_sim() exited.
2026-09-15 11:16:47 [INFO    ] chipify.gui_qt.sim_worker: run_sim returned 3 rows. Saving results…
2026-09-15 11:16:47 [INFO    ] chipify.run_meta: Wrote run metadata: /foss/designs/heichip/isource_beta/chipify/out/history/run_20260915_111647.meta.json
2026-09-15 11:16:47 [INFO    ] chipify.run_meta: Wrote run metadata: /foss/designs/heichip/isource_beta/chipify/out/simulation_results.meta.json
2026-09-15 11:16:47 [DEBUG   ] chipify.expression: evaluate_dataframe_column 'iout': 'out/res' → 'out/res'
2026-09-15 11:16:47 [DEBUG   ] chipify.uikit.services.equations: Applied scalar equation: iout = out/res
2026-09-15 11:18:31 [INFO    ] chipify.gui_qt.controllers.simulation: SimulationController.start: corners_ngspice.yaml
2026-09-15 11:18:31 [INFO    ] chipify.gui_qt.sim_worker: SimWorker.run on thread Dummy-1
2026-09-15 11:18:31 [INFO    ] chipify.simulator: run_sim() started. Testbenches: 1
2026-09-15 11:18:31 [INFO    ] chipify.simulator: Phase 1/3: generating parameter cases...
2026-09-15 11:18:31 [INFO    ] chipify.simulator: Total cases: 3
2026-09-15 11:18:31 [INFO    ] chipify.simulator: Simulator engine(s) in use: ngspice
2026-09-15 11:18:31 [INFO    ] chipify.simulator: Phase 2/3: generating Xschem templates...
2026-09-15 11:18:31 [INFO    ] chipify.engines.xschem: run_xschem: /foss/designs/heichip/isource_beta/testbenches/xschem/tb_isource_beta_op.sch (mode=spice)
2026-09-15 11:18:31 [INFO    ] chipify.engines.xschem: Xschem env: HOME=/headless XSCHEM_SHAREDIR=None PATH=/headless/.local/bin:/foss/tools/bin:/foss/tools/sak:/usr/local/sbin:/usr/local/bin:/usr/sbin:/usr/bin:/sbin:/bin:/foss/tools/kactus2:/foss/tools/klayout:/foss/tools/osic-multitool cwd=/foss/designs/heichip/isource_beta/chipify
2026-09-15 11:18:31 [INFO    ] chipify.engines.xschem: Xschem PID=1385 cmd=xschem -n --spice -q -x -o /tmp/chipify_f828d4bc08 /foss/designs/heichip/isource_beta/testbenches/xschem/tb_isource_beta_op.sch
2026-09-15 11:18:31 [INFO    ] chipify.engines.xschem: xschem post-run scan: recent_files=['../../../../../tmp/chipify_f828d4bc08/tb_isource_beta_op.xschem.log', '../../../../../tmp/chipify_f828d4bc08/tb_isource_beta_op.spice'] netlist_files=['../../../../../tmp/chipify_f828d4bc08/tb_isource_beta_op.spice'] chosen=../../../../../tmp/chipify_f828d4bc08/tb_isource_beta_op.spice
2026-09-15 11:18:31 [INFO    ] chipify.engines.xschem: Xschem netlist generated OK (spice).
2026-09-15 11:18:31 [INFO    ] chipify.simulator: Phase 3/3: staging files to RAM disk...
2026-09-15 11:18:31 [INFO    ] chipify.engines.staging: Staging library files to RAM disk: /tmp/chipify_f828d4bc08
2026-09-15 11:18:31 [DEBUG   ] chipify.engines.staging: No tb/xschemrc to stage (looked at /foss/designs/heichip/isource_beta/chipify/../testbenches/xschem/xschemrc)
2026-09-15 11:18:31 [INFO    ] chipify.simulator: Spawning pool: 11 workers, 3 tasks.
2026-09-15 11:18:31 [DEBUG   ] chipify.simulator: Pool created (forkserver, 11 workers).
2026-09-15 11:18:31 [DEBUG   ] chipify.simulator: 3 batch tasks submitted (chunk_size=1).
2026-09-15 11:18:32 [INFO    ] chipify.simulator: Pool finished cleanly. 3 results collected.
2026-09-15 11:18:32 [INFO    ] chipify.simulator: run_sim() exited.
2026-09-15 11:18:32 [INFO    ] chipify.gui_qt.sim_worker: run_sim returned 3 rows. Saving results…
2026-09-15 11:18:32 [INFO    ] chipify.run_meta: Wrote run metadata: /foss/designs/heichip/isource_beta/chipify/out/history/run_20260915_111832.meta.json
2026-09-15 11:18:32 [INFO    ] chipify.run_meta: Wrote run metadata: /foss/designs/heichip/isource_beta/chipify/out/simulation_results.meta.json
2026-09-15 11:18:32 [DEBUG   ] chipify.expression: evaluate_dataframe_column 'iout': 'out/res' → 'out/res'
2026-09-15 11:18:32 [DEBUG   ] chipify.uikit.services.equations: Applied scalar equation: iout = out/res
2026-09-15 11:18:46 [INFO    ] chipify.gui_qt.controllers.simulation: SimulationController.start: corners_ngspice.yaml
2026-09-15 11:18:46 [INFO    ] chipify.gui_qt.sim_worker: SimWorker.run on thread Dummy-1
2026-09-15 11:18:46 [INFO    ] chipify.simulator: run_sim() started. Testbenches: 1
2026-09-15 11:18:46 [INFO    ] chipify.simulator: Phase 1/3: generating parameter cases...
2026-09-15 11:18:46 [INFO    ] chipify.simulator: Total cases: 3
2026-09-15 11:18:46 [INFO    ] chipify.simulator: Simulator engine(s) in use: ngspice
2026-09-15 11:18:46 [INFO    ] chipify.simulator: Phase 2/3: generating Xschem templates...
2026-09-15 11:18:46 [INFO    ] chipify.engines.xschem: run_xschem: /foss/designs/heichip/isource_beta/testbenches/xschem/tb_isource_beta_op.sch (mode=spice)
2026-09-15 11:18:46 [INFO    ] chipify.engines.xschem: Xschem env: HOME=/headless XSCHEM_SHAREDIR=None PATH=/headless/.local/bin:/foss/tools/bin:/foss/tools/sak:/usr/local/sbin:/usr/local/bin:/usr/sbin:/usr/bin:/sbin:/bin:/foss/tools/kactus2:/foss/tools/klayout:/foss/tools/osic-multitool cwd=/foss/designs/heichip/isource_beta/chipify
2026-09-15 11:18:46 [INFO    ] chipify.engines.xschem: Xschem PID=1476 cmd=xschem -n --spice -q -x -o /tmp/chipify_f828d4bc08 /foss/designs/heichip/isource_beta/testbenches/xschem/tb_isource_beta_op.sch
2026-09-15 11:18:46 [INFO    ] chipify.engines.xschem: xschem post-run scan: recent_files=['../../../../../tmp/chipify_f828d4bc08/tb_isource_beta_op.xschem.log', '../../../../../tmp/chipify_f828d4bc08/tb_isource_beta_op.spice'] netlist_files=['../../../../../tmp/chipify_f828d4bc08/tb_isource_beta_op.spice'] chosen=../../../../../tmp/chipify_f828d4bc08/tb_isource_beta_op.spice
2026-09-15 11:18:46 [INFO    ] chipify.engines.xschem: Xschem netlist generated OK (spice).
2026-09-15 11:18:46 [INFO    ] chipify.simulator: Phase 3/3: staging files to RAM disk...
2026-09-15 11:18:46 [INFO    ] chipify.engines.staging: Staging library files to RAM disk: /tmp/chipify_f828d4bc08
2026-09-15 11:18:46 [DEBUG   ] chipify.engines.staging: No tb/xschemrc to stage (looked at /foss/designs/heichip/isource_beta/chipify/../testbenches/xschem/xschemrc)
2026-09-15 11:18:46 [INFO    ] chipify.simulator: Spawning pool: 11 workers, 3 tasks.
2026-09-15 11:18:46 [DEBUG   ] chipify.simulator: Pool created (forkserver, 11 workers).
2026-09-15 11:18:46 [DEBUG   ] chipify.simulator: 3 batch tasks submitted (chunk_size=1).
2026-09-15 11:18:47 [INFO    ] chipify.simulator: Pool finished cleanly. 3 results collected.
2026-09-15 11:18:47 [INFO    ] chipify.simulator: run_sim() exited.
2026-09-15 11:18:47 [INFO    ] chipify.gui_qt.sim_worker: run_sim returned 3 rows. Saving results…
2026-09-15 11:18:47 [INFO    ] chipify.run_meta: Wrote run metadata: /foss/designs/heichip/isource_beta/chipify/out/history/run_20260915_111847.meta.json
2026-09-15 11:18:47 [INFO    ] chipify.run_meta: Wrote run metadata: /foss/designs/heichip/isource_beta/chipify/out/simulation_results.meta.json
2026-09-15 11:18:47 [DEBUG   ] chipify.expression: evaluate_dataframe_column 'iout': 'out/res' → 'out/res'
2026-09-15 11:18:47 [DEBUG   ] chipify.uikit.services.equations: Applied scalar equation: iout = out/res
2026-09-15 11:19:53 [INFO    ] chipify.gui_qt.controllers.simulation: SimulationController.start: corners_ngspice.yaml
2026-09-15 11:19:53 [INFO    ] chipify.gui_qt.sim_worker: SimWorker.run on thread Dummy-1
2026-09-15 11:19:53 [INFO    ] chipify.simulator: run_sim() started. Testbenches: 1
2026-09-15 11:19:53 [INFO    ] chipify.simulator: Phase 1/3: generating parameter cases...
2026-09-15 11:19:53 [INFO    ] chipify.simulator: Total cases: 270
2026-09-15 11:19:53 [INFO    ] chipify.simulator: Simulator engine(s) in use: ngspice
2026-09-15 11:19:53 [INFO    ] chipify.simulator: Phase 2/3: generating Xschem templates...
2026-09-15 11:19:53 [INFO    ] chipify.engines.xschem: run_xschem: /foss/designs/heichip/isource_beta/testbenches/xschem/tb_isource_beta_op.sch (mode=spice)
2026-09-15 11:19:53 [INFO    ] chipify.engines.xschem: Xschem env: HOME=/headless XSCHEM_SHAREDIR=None PATH=/headless/.local/bin:/foss/tools/bin:/foss/tools/sak:/usr/local/sbin:/usr/local/bin:/usr/sbin:/usr/bin:/sbin:/bin:/foss/tools/kactus2:/foss/tools/klayout:/foss/tools/osic-multitool cwd=/foss/designs/heichip/isource_beta/chipify
2026-09-15 11:19:53 [INFO    ] chipify.engines.xschem: Xschem PID=1565 cmd=xschem -n --spice -q -x -o /tmp/chipify_f828d4bc08 /foss/designs/heichip/isource_beta/testbenches/xschem/tb_isource_beta_op.sch
2026-09-15 11:19:53 [INFO    ] chipify.engines.xschem: xschem post-run scan: recent_files=['../../../../../tmp/chipify_f828d4bc08/tb_isource_beta_op.xschem.log', '../../../../../tmp/chipify_f828d4bc08/tb_isource_beta_op.spice'] netlist_files=['../../../../../tmp/chipify_f828d4bc08/tb_isource_beta_op.spice'] chosen=../../../../../tmp/chipify_f828d4bc08/tb_isource_beta_op.spice
2026-09-15 11:19:53 [INFO    ] chipify.engines.xschem: Xschem netlist generated OK (spice).
2026-09-15 11:19:53 [INFO    ] chipify.simulator: Phase 3/3: staging files to RAM disk...
2026-09-15 11:19:53 [INFO    ] chipify.engines.staging: Staging library files to RAM disk: /tmp/chipify_f828d4bc08
2026-09-15 11:19:53 [DEBUG   ] chipify.engines.staging: No tb/xschemrc to stage (looked at /foss/designs/heichip/isource_beta/chipify/../testbenches/xschem/xschemrc)
2026-09-15 11:19:53 [INFO    ] chipify.simulator: Spawning pool: 11 workers, 270 tasks.
2026-09-15 11:19:53 [DEBUG   ] chipify.simulator: Pool created (forkserver, 11 workers).
2026-09-15 11:19:53 [DEBUG   ] chipify.simulator: 90 batch tasks submitted (chunk_size=3).
2026-09-15 11:19:57 [INFO    ] chipify.simulator: Pool finished cleanly. 270 results collected.
2026-09-15 11:19:57 [INFO    ] chipify.simulator: run_sim() exited.
2026-09-15 11:19:57 [INFO    ] chipify.gui_qt.sim_worker: run_sim returned 270 rows. Saving results…
2026-09-15 11:19:57 [INFO    ] chipify.run_meta: Wrote run metadata: /foss/designs/heichip/isource_beta/chipify/out/history/run_20260915_111957.meta.json
2026-09-15 11:19:57 [INFO    ] chipify.run_meta: Wrote run metadata: /foss/designs/heichip/isource_beta/chipify/out/simulation_results.meta.json
2026-09-15 11:19:57 [DEBUG   ] chipify.expression: evaluate_dataframe_column 'iout': 'out/res' → 'out/res'
2026-09-15 11:19:57 [DEBUG   ] chipify.uikit.services.equations: Applied scalar equation: iout = out/res
2026-09-15 11:21:47 [INFO    ] chipify.gui_qt.controllers.simulation: SimulationController.start: corners_ngspice.yaml
2026-09-15 11:21:47 [INFO    ] chipify.gui_qt.sim_worker: SimWorker.run on thread Dummy-1
2026-09-15 11:21:47 [INFO    ] chipify.simulator: run_sim() started. Testbenches: 1
2026-09-15 11:21:47 [INFO    ] chipify.simulator: Phase 1/3: generating parameter cases...
2026-09-15 11:21:47 [INFO    ] chipify.simulator: Total cases: 270
2026-09-15 11:21:47 [INFO    ] chipify.simulator: Simulator engine(s) in use: ngspice
2026-09-15 11:21:47 [INFO    ] chipify.simulator: Phase 2/3: generating Xschem templates...
2026-09-15 11:21:47 [INFO    ] chipify.engines.xschem: run_xschem: /foss/designs/heichip/isource_beta/testbenches/xschem/tb_isource_beta_op.sch (mode=spice)
2026-09-15 11:21:47 [INFO    ] chipify.engines.xschem: Xschem env: HOME=/headless XSCHEM_SHAREDIR=None PATH=/headless/.local/bin:/foss/tools/bin:/foss/tools/sak:/usr/local/sbin:/usr/local/bin:/usr/sbin:/usr/bin:/sbin:/bin:/foss/tools/kactus2:/foss/tools/klayout:/foss/tools/osic-multitool cwd=/foss/designs/heichip/isource_beta/chipify
2026-09-15 11:21:47 [INFO    ] chipify.engines.xschem: Xschem PID=2019 cmd=xschem -n --spice -q -x -o /tmp/chipify_f828d4bc08 /foss/designs/heichip/isource_beta/testbenches/xschem/tb_isource_beta_op.sch
2026-09-15 11:21:48 [INFO    ] chipify.engines.xschem: xschem post-run scan: recent_files=['../../../../../tmp/chipify_f828d4bc08/tb_isource_beta_op.xschem.log', '../../../../../tmp/chipify_f828d4bc08/tb_isource_beta_op.spice'] netlist_files=['../../../../../tmp/chipify_f828d4bc08/tb_isource_beta_op.spice'] chosen=../../../../../tmp/chipify_f828d4bc08/tb_isource_beta_op.spice
2026-09-15 11:21:48 [INFO    ] chipify.engines.xschem: Xschem netlist generated OK (spice).
2026-09-15 11:21:48 [INFO    ] chipify.simulator: Phase 3/3: staging files to RAM disk...
2026-09-15 11:21:48 [INFO    ] chipify.engines.staging: Staging library files to RAM disk: /tmp/chipify_f828d4bc08
2026-09-15 11:21:48 [DEBUG   ] chipify.engines.staging: No tb/xschemrc to stage (looked at /foss/designs/heichip/isource_beta/chipify/../testbenches/xschem/xschemrc)
2026-09-15 11:21:48 [INFO    ] chipify.simulator: Spawning pool: 11 workers, 270 tasks.
2026-09-15 11:21:48 [DEBUG   ] chipify.simulator: Pool created (forkserver, 11 workers).
2026-09-15 11:21:48 [DEBUG   ] chipify.simulator: 90 batch tasks submitted (chunk_size=3).
2026-09-15 11:21:52 [INFO    ] chipify.simulator: Pool finished cleanly. 270 results collected.
2026-09-15 11:21:52 [INFO    ] chipify.simulator: run_sim() exited.
2026-09-15 11:21:52 [INFO    ] chipify.gui_qt.sim_worker: run_sim returned 270 rows. Saving results…
2026-09-15 11:21:52 [INFO    ] chipify.run_meta: Wrote run metadata: /foss/designs/heichip/isource_beta/chipify/out/history/run_20260915_112152.meta.json
2026-09-15 11:21:52 [INFO    ] chipify.run_meta: Wrote run metadata: /foss/designs/heichip/isource_beta/chipify/out/simulation_results.meta.json
2026-09-15 11:21:52 [DEBUG   ] chipify.expression: evaluate_dataframe_column 'iout': 'out/res' → 'out/res'
2026-09-15 11:21:52 [DEBUG   ] chipify.uikit.services.equations: Applied scalar equation: iout = out/res
2026-09-15 11:22:07 [INFO    ] chipify.gui_qt.controllers.simulation: SimulationController.start: corners_ngspice.yaml
2026-09-15 11:22:07 [INFO    ] chipify.gui_qt.sim_worker: SimWorker.run on thread Dummy-29
2026-09-15 11:22:07 [INFO    ] chipify.simulator: run_sim() started. Testbenches: 1
2026-09-15 11:22:07 [INFO    ] chipify.simulator: Phase 1/3: generating parameter cases...
2026-09-15 11:22:07 [INFO    ] chipify.simulator: Total cases: 90
2026-09-15 11:22:07 [INFO    ] chipify.simulator: Simulator engine(s) in use: ngspice
2026-09-15 11:22:07 [INFO    ] chipify.simulator: Phase 2/3: generating Xschem templates...
2026-09-15 11:22:07 [INFO    ] chipify.engines.xschem: run_xschem: /foss/designs/heichip/isource_beta/testbenches/xschem/tb_isource_beta_op.sch (mode=spice)
2026-09-15 11:22:07 [INFO    ] chipify.engines.xschem: Xschem env: HOME=/headless XSCHEM_SHAREDIR=None PATH=/headless/.local/bin:/foss/tools/bin:/foss/tools/sak:/usr/local/sbin:/usr/local/bin:/usr/sbin:/usr/bin:/sbin:/bin:/foss/tools/kactus2:/foss/tools/klayout:/foss/tools/osic-multitool cwd=/foss/designs/heichip/isource_beta/chipify
2026-09-15 11:22:07 [INFO    ] chipify.engines.xschem: Xschem PID=2469 cmd=xschem -n --spice -q -x -o /tmp/chipify_f828d4bc08 /foss/designs/heichip/isource_beta/testbenches/xschem/tb_isource_beta_op.sch
2026-09-15 11:22:07 [INFO    ] chipify.engines.xschem: xschem post-run scan: recent_files=['../../../../../tmp/chipify_f828d4bc08/tb_isource_beta_op.xschem.log', '../../../../../tmp/chipify_f828d4bc08/tb_isource_beta_op.spice'] netlist_files=['../../../../../tmp/chipify_f828d4bc08/tb_isource_beta_op.spice'] chosen=../../../../../tmp/chipify_f828d4bc08/tb_isource_beta_op.spice
2026-09-15 11:22:07 [INFO    ] chipify.engines.xschem: Xschem netlist generated OK (spice).
2026-09-15 11:22:07 [INFO    ] chipify.simulator: Phase 3/3: staging files to RAM disk...
2026-09-15 11:22:07 [INFO    ] chipify.engines.staging: Staging library files to RAM disk: /tmp/chipify_f828d4bc08
2026-09-15 11:22:07 [DEBUG   ] chipify.engines.staging: No tb/xschemrc to stage (looked at /foss/designs/heichip/isource_beta/chipify/../testbenches/xschem/xschemrc)
2026-09-15 11:22:07 [INFO    ] chipify.simulator: Spawning pool: 11 workers, 90 tasks.
2026-09-15 11:22:07 [DEBUG   ] chipify.simulator: Pool created (forkserver, 11 workers).
2026-09-15 11:22:07 [DEBUG   ] chipify.simulator: 90 batch tasks submitted (chunk_size=1).
2026-09-15 11:22:09 [INFO    ] chipify.simulator: Pool finished cleanly. 90 results collected.
2026-09-15 11:22:09 [INFO    ] chipify.simulator: run_sim() exited.
2026-09-15 11:22:09 [INFO    ] chipify.gui_qt.sim_worker: run_sim returned 90 rows. Saving results…
2026-09-15 11:22:09 [INFO    ] chipify.run_meta: Wrote run metadata: /foss/designs/heichip/isource_beta/chipify/out/history/run_20260915_112209.meta.json
2026-09-15 11:22:09 [INFO    ] chipify.run_meta: Wrote run metadata: /foss/designs/heichip/isource_beta/chipify/out/simulation_results.meta.json
2026-09-15 11:22:09 [DEBUG   ] chipify.expression: evaluate_dataframe_column 'iout': 'out/res' → 'out/res'
2026-09-15 11:22:10 [DEBUG   ] chipify.uikit.services.equations: Applied scalar equation: iout = out/res
2026-09-15 11:23:26 [INFO    ] chipify.gui_qt.controllers.simulation: SimulationController.start: corners_ngspice.yaml
2026-09-15 11:23:26 [INFO    ] chipify.gui_qt.sim_worker: SimWorker.run on thread Dummy-1
2026-09-15 11:23:26 [INFO    ] chipify.simulator: run_sim() started. Testbenches: 1
2026-09-15 11:23:26 [INFO    ] chipify.simulator: Phase 1/3: generating parameter cases...
2026-09-15 11:23:26 [INFO    ] chipify.simulator: Total cases: 270
2026-09-15 11:23:26 [INFO    ] chipify.simulator: Simulator engine(s) in use: ngspice
2026-09-15 11:23:26 [INFO    ] chipify.simulator: Phase 2/3: generating Xschem templates...
2026-09-15 11:23:26 [INFO    ] chipify.engines.xschem: run_xschem: /foss/designs/heichip/isource_beta/testbenches/xschem/tb_isource_beta_op.sch (mode=spice)
2026-09-15 11:23:26 [INFO    ] chipify.engines.xschem: Xschem env: HOME=/headless XSCHEM_SHAREDIR=None PATH=/headless/.local/bin:/foss/tools/bin:/foss/tools/sak:/usr/local/sbin:/usr/local/bin:/usr/sbin:/usr/bin:/sbin:/bin:/foss/tools/kactus2:/foss/tools/klayout:/foss/tools/osic-multitool cwd=/foss/designs/heichip/isource_beta/chipify
2026-09-15 11:23:26 [INFO    ] chipify.engines.xschem: Xschem PID=2733 cmd=xschem -n --spice -q -x -o /tmp/chipify_f828d4bc08 /foss/designs/heichip/isource_beta/testbenches/xschem/tb_isource_beta_op.sch
2026-09-15 11:23:27 [INFO    ] chipify.engines.xschem: xschem post-run scan: recent_files=['../../../../../tmp/chipify_f828d4bc08/tb_isource_beta_op.xschem.log', '../../../../../tmp/chipify_f828d4bc08/tb_isource_beta_op.spice'] netlist_files=['../../../../../tmp/chipify_f828d4bc08/tb_isource_beta_op.spice'] chosen=../../../../../tmp/chipify_f828d4bc08/tb_isource_beta_op.spice
2026-09-15 11:23:27 [INFO    ] chipify.engines.xschem: Xschem netlist generated OK (spice).
2026-09-15 11:23:27 [INFO    ] chipify.simulator: Phase 3/3: staging files to RAM disk...
2026-09-15 11:23:27 [INFO    ] chipify.engines.staging: Staging library files to RAM disk: /tmp/chipify_f828d4bc08
2026-09-15 11:23:27 [DEBUG   ] chipify.engines.staging: No tb/xschemrc to stage (looked at /foss/designs/heichip/isource_beta/chipify/../testbenches/xschem/xschemrc)
2026-09-15 11:23:27 [INFO    ] chipify.simulator: Spawning pool: 11 workers, 270 tasks.
2026-09-15 11:23:27 [DEBUG   ] chipify.simulator: Pool created (forkserver, 11 workers).
2026-09-15 11:23:27 [DEBUG   ] chipify.simulator: 90 batch tasks submitted (chunk_size=3).
2026-09-15 11:23:30 [INFO    ] chipify.simulator: Pool finished cleanly. 270 results collected.
2026-09-15 11:23:30 [INFO    ] chipify.simulator: run_sim() exited.
2026-09-15 11:23:30 [INFO    ] chipify.gui_qt.sim_worker: run_sim returned 270 rows. Saving results…
2026-09-15 11:23:30 [INFO    ] chipify.run_meta: Wrote run metadata: /foss/designs/heichip/isource_beta/chipify/out/history/run_20260915_112330.meta.json
2026-09-15 11:23:30 [INFO    ] chipify.run_meta: Wrote run metadata: /foss/designs/heichip/isource_beta/chipify/out/simulation_results.meta.json
2026-09-15 11:23:30 [DEBUG   ] chipify.expression: evaluate_dataframe_column 'iout': 'out/res' → 'out/res'
2026-09-15 11:23:30 [DEBUG   ] chipify.uikit.services.equations: Applied scalar equation: iout = out/res
2026-09-15 11:24:42 [INFO    ] chipify.gui_qt.controllers.simulation: SimulationController.start: corners_ngspice.yaml
2026-09-15 11:24:42 [INFO    ] chipify.gui_qt.sim_worker: SimWorker.run on thread Dummy-1
2026-09-15 11:24:42 [INFO    ] chipify.simulator: run_sim() started. Testbenches: 1
2026-09-15 11:24:42 [INFO    ] chipify.simulator: Phase 1/3: generating parameter cases...
2026-09-15 11:24:42 [INFO    ] chipify.simulator: Total cases: 270
2026-09-15 11:24:42 [INFO    ] chipify.simulator: Simulator engine(s) in use: ngspice
2026-09-15 11:24:42 [INFO    ] chipify.simulator: Phase 2/3: generating Xschem templates...
2026-09-15 11:24:42 [INFO    ] chipify.engines.xschem: run_xschem: /foss/designs/heichip/isource_beta/testbenches/xschem/tb_isource_beta_op.sch (mode=spice)
2026-09-15 11:24:42 [INFO    ] chipify.engines.xschem: Xschem env: HOME=/headless XSCHEM_SHAREDIR=None PATH=/headless/.local/bin:/foss/tools/bin:/foss/tools/sak:/usr/local/sbin:/usr/local/bin:/usr/sbin:/usr/bin:/sbin:/bin:/foss/tools/kactus2:/foss/tools/klayout:/foss/tools/osic-multitool cwd=/foss/designs/heichip/isource_beta/chipify
2026-09-15 11:24:42 [INFO    ] chipify.engines.xschem: Xschem PID=3179 cmd=xschem -n --spice -q -x -o /tmp/chipify_f828d4bc08 /foss/designs/heichip/isource_beta/testbenches/xschem/tb_isource_beta_op.sch
2026-09-15 11:24:42 [INFO    ] chipify.engines.xschem: xschem post-run scan: recent_files=['../../../../../tmp/chipify_f828d4bc08/tb_isource_beta_op.xschem.log', '../../../../../tmp/chipify_f828d4bc08/tb_isource_beta_op.spice'] netlist_files=['../../../../../tmp/chipify_f828d4bc08/tb_isource_beta_op.spice'] chosen=../../../../../tmp/chipify_f828d4bc08/tb_isource_beta_op.spice
2026-09-15 11:24:42 [INFO    ] chipify.engines.xschem: Xschem netlist generated OK (spice).
2026-09-15 11:24:42 [INFO    ] chipify.simulator: Phase 3/3: staging files to RAM disk...
2026-09-15 11:24:42 [INFO    ] chipify.engines.staging: Staging library files to RAM disk: /tmp/chipify_f828d4bc08
2026-09-15 11:24:42 [DEBUG   ] chipify.engines.staging: No tb/xschemrc to stage (looked at /foss/designs/heichip/isource_beta/chipify/../testbenches/xschem/xschemrc)
2026-09-15 11:24:42 [INFO    ] chipify.simulator: Spawning pool: 11 workers, 270 tasks.
2026-09-15 11:24:42 [DEBUG   ] chipify.simulator: Pool created (forkserver, 11 workers).
2026-09-15 11:24:42 [DEBUG   ] chipify.simulator: 90 batch tasks submitted (chunk_size=3).
2026-09-15 11:24:46 [INFO    ] chipify.simulator: Pool finished cleanly. 270 results collected.
2026-09-15 11:24:46 [INFO    ] chipify.simulator: run_sim() exited.
2026-09-15 11:24:46 [INFO    ] chipify.gui_qt.sim_worker: run_sim returned 270 rows. Saving results…
2026-09-15 11:24:46 [INFO    ] chipify.run_meta: Wrote run metadata: /foss/designs/heichip/isource_beta/chipify/out/history/run_20260915_112446.meta.json
2026-09-15 11:24:46 [INFO    ] chipify.run_meta: Wrote run metadata: /foss/designs/heichip/isource_beta/chipify/out/simulation_results.meta.json
2026-09-15 11:24:46 [DEBUG   ] chipify.expression: evaluate_dataframe_column 'iout': 'out/res' → 'out/res'
2026-09-15 11:24:46 [DEBUG   ] chipify.uikit.services.equations: Applied scalar equation: iout = out/res
2026-09-15 11:28:16 [INFO    ] chipify.gui_qt.controllers.simulation: SimulationController.start: corners_ngspice.yaml
2026-09-15 11:28:16 [INFO    ] chipify.gui_qt.sim_worker: SimWorker.run on thread Dummy-1
2026-09-15 11:28:16 [INFO    ] chipify.simulator: run_sim() started. Testbenches: 1
2026-09-15 11:28:16 [INFO    ] chipify.simulator: Phase 1/3: generating parameter cases...
2026-09-15 11:28:16 [INFO    ] chipify.simulator: Total cases: 270
2026-09-15 11:28:16 [INFO    ] chipify.simulator: Simulator engine(s) in use: ngspice
2026-09-15 11:28:16 [INFO    ] chipify.simulator: Phase 2/3: generating Xschem templates...
2026-09-15 11:28:16 [INFO    ] chipify.engines.xschem: run_xschem: /foss/designs/heichip/isource_beta/testbenches/xschem/tb_isource_beta_op.sch (mode=spice)
2026-09-15 11:28:16 [INFO    ] chipify.engines.xschem: Xschem env: HOME=/headless XSCHEM_SHAREDIR=None PATH=/headless/.local/bin:/foss/tools/bin:/foss/tools/sak:/usr/local/sbin:/usr/local/bin:/usr/sbin:/usr/bin:/sbin:/bin:/foss/tools/kactus2:/foss/tools/klayout:/foss/tools/osic-multitool cwd=/foss/designs/heichip/isource_beta/chipify
2026-09-15 11:28:16 [INFO    ] chipify.engines.xschem: Xschem PID=3627 cmd=xschem -n --spice -q -x -o /tmp/chipify_f828d4bc08 /foss/designs/heichip/isource_beta/testbenches/xschem/tb_isource_beta_op.sch
2026-09-15 11:28:17 [INFO    ] chipify.engines.xschem: xschem post-run scan: recent_files=['../../../../../tmp/chipify_f828d4bc08/tb_isource_beta_op.xschem.log', '../../../../../tmp/chipify_f828d4bc08/tb_isource_beta_op.spice'] netlist_files=['../../../../../tmp/chipify_f828d4bc08/tb_isource_beta_op.spice'] chosen=../../../../../tmp/chipify_f828d4bc08/tb_isource_beta_op.spice
2026-09-15 11:28:17 [INFO    ] chipify.engines.xschem: Xschem netlist generated OK (spice).
2026-09-15 11:28:17 [INFO    ] chipify.simulator: Phase 3/3: staging files to RAM disk...
2026-09-15 11:28:17 [INFO    ] chipify.engines.staging: Staging library files to RAM disk: /tmp/chipify_f828d4bc08
2026-09-15 11:28:17 [DEBUG   ] chipify.engines.staging: No tb/xschemrc to stage (looked at /foss/designs/heichip/isource_beta/chipify/../testbenches/xschem/xschemrc)
2026-09-15 11:28:17 [INFO    ] chipify.simulator: Spawning pool: 11 workers, 270 tasks.
2026-09-15 11:28:17 [DEBUG   ] chipify.simulator: Pool created (forkserver, 11 workers).
2026-09-15 11:28:17 [DEBUG   ] chipify.simulator: 90 batch tasks submitted (chunk_size=3).
2026-09-15 11:28:21 [INFO    ] chipify.simulator: Pool finished cleanly. 270 results collected.
2026-09-15 11:28:21 [INFO    ] chipify.simulator: run_sim() exited.
2026-09-15 11:28:21 [INFO    ] chipify.gui_qt.sim_worker: run_sim returned 270 rows. Saving results…
2026-09-15 11:28:21 [INFO    ] chipify.run_meta: Wrote run metadata: /foss/designs/heichip/isource_beta/chipify/out/history/run_20260915_112821.meta.json
2026-09-15 11:28:21 [INFO    ] chipify.run_meta: Wrote run metadata: /foss/designs/heichip/isource_beta/chipify/out/simulation_results.meta.json
2026-09-15 11:28:21 [DEBUG   ] chipify.expression: evaluate_dataframe_column 'iout': 'out/res' → 'out/res'
2026-09-15 11:28:21 [DEBUG   ] chipify.uikit.services.equations: Applied scalar equation: iout = out/res
2026-09-15 11:28:47 [INFO    ] chipify.gui_qt.controllers.simulation: SimulationController.start: corners_ngspice.yaml
2026-09-15 11:28:47 [INFO    ] chipify.gui_qt.sim_worker: SimWorker.run on thread Dummy-1
2026-09-15 11:28:47 [INFO    ] chipify.simulator: run_sim() started. Testbenches: 1
2026-09-15 11:28:47 [INFO    ] chipify.simulator: Phase 1/3: generating parameter cases...
2026-09-15 11:28:47 [INFO    ] chipify.simulator: Total cases: 270
2026-09-15 11:28:47 [INFO    ] chipify.simulator: Simulator engine(s) in use: ngspice
2026-09-15 11:28:47 [INFO    ] chipify.simulator: Phase 2/3: generating Xschem templates...
2026-09-15 11:28:47 [INFO    ] chipify.engines.xschem: run_xschem: /foss/designs/heichip/isource_beta/testbenches/xschem/tb_isource_beta_op.sch (mode=spice)
2026-09-15 11:28:47 [INFO    ] chipify.engines.xschem: Xschem env: HOME=/headless XSCHEM_SHAREDIR=None PATH=/headless/.local/bin:/foss/tools/bin:/foss/tools/sak:/usr/local/sbin:/usr/local/bin:/usr/sbin:/usr/bin:/sbin:/bin:/foss/tools/kactus2:/foss/tools/klayout:/foss/tools/osic-multitool cwd=/foss/designs/heichip/isource_beta/chipify
2026-09-15 11:28:47 [INFO    ] chipify.engines.xschem: Xschem PID=4079 cmd=xschem -n --spice -q -x -o /tmp/chipify_f828d4bc08 /foss/designs/heichip/isource_beta/testbenches/xschem/tb_isource_beta_op.sch
2026-09-15 11:28:47 [INFO    ] chipify.engines.xschem: xschem post-run scan: recent_files=['../../../../../tmp/chipify_f828d4bc08/tb_isource_beta_op.xschem.log', '../../../../../tmp/chipify_f828d4bc08/tb_isource_beta_op.spice'] netlist_files=['../../../../../tmp/chipify_f828d4bc08/tb_isource_beta_op.spice'] chosen=../../../../../tmp/chipify_f828d4bc08/tb_isource_beta_op.spice
2026-09-15 11:28:47 [INFO    ] chipify.engines.xschem: Xschem netlist generated OK (spice).
2026-09-15 11:28:47 [INFO    ] chipify.simulator: Phase 3/3: staging files to RAM disk...
2026-09-15 11:28:47 [INFO    ] chipify.engines.staging: Staging library files to RAM disk: /tmp/chipify_f828d4bc08
2026-09-15 11:28:47 [DEBUG   ] chipify.engines.staging: No tb/xschemrc to stage (looked at /foss/designs/heichip/isource_beta/chipify/../testbenches/xschem/xschemrc)
2026-09-15 11:28:47 [INFO    ] chipify.simulator: Spawning pool: 11 workers, 270 tasks.
2026-09-15 11:28:47 [DEBUG   ] chipify.simulator: Pool created (forkserver, 11 workers).
2026-09-15 11:28:47 [DEBUG   ] chipify.simulator: 90 batch tasks submitted (chunk_size=3).
2026-09-15 11:28:51 [INFO    ] chipify.simulator: Pool finished cleanly. 270 results collected.
2026-09-15 11:28:51 [INFO    ] chipify.simulator: run_sim() exited.
2026-09-15 11:28:51 [INFO    ] chipify.gui_qt.sim_worker: run_sim returned 270 rows. Saving results…
2026-09-15 11:28:51 [INFO    ] chipify.run_meta: Wrote run metadata: /foss/designs/heichip/isource_beta/chipify/out/history/run_20260915_112851.meta.json
2026-09-15 11:28:51 [INFO    ] chipify.run_meta: Wrote run metadata: /foss/designs/heichip/isource_beta/chipify/out/simulation_results.meta.json
2026-09-15 11:28:51 [DEBUG   ] chipify.expression: evaluate_dataframe_column 'iout': 'out/res' → 'out/res'
2026-09-15 11:28:51 [DEBUG   ] chipify.uikit.services.equations: Applied scalar equation: iout = out/res
2026-09-15 11:29:06 [INFO    ] chipify.gui_qt.controllers.simulation: SimulationController.start: corners_ngspice.yaml
2026-09-15 11:29:06 [INFO    ] chipify.gui_qt.sim_worker: SimWorker.run on thread Dummy-1
2026-09-15 11:29:06 [INFO    ] chipify.simulator: run_sim() started. Testbenches: 1
2026-09-15 11:29:06 [INFO    ] chipify.simulator: Phase 1/3: generating parameter cases...
2026-09-15 11:29:06 [INFO    ] chipify.simulator: Total cases: 270
2026-09-15 11:29:06 [INFO    ] chipify.simulator: Simulator engine(s) in use: ngspice
2026-09-15 11:29:06 [INFO    ] chipify.simulator: Phase 2/3: generating Xschem templates...
2026-09-15 11:29:06 [INFO    ] chipify.engines.xschem: run_xschem: /foss/designs/heichip/isource_beta/testbenches/xschem/tb_isource_beta_op.sch (mode=spice)
2026-09-15 11:29:06 [INFO    ] chipify.engines.xschem: Xschem env: HOME=/headless XSCHEM_SHAREDIR=None PATH=/headless/.local/bin:/foss/tools/bin:/foss/tools/sak:/usr/local/sbin:/usr/local/bin:/usr/sbin:/usr/bin:/sbin:/bin:/foss/tools/kactus2:/foss/tools/klayout:/foss/tools/osic-multitool cwd=/foss/designs/heichip/isource_beta/chipify
2026-09-15 11:29:06 [INFO    ] chipify.engines.xschem: Xschem PID=4525 cmd=xschem -n --spice -q -x -o /tmp/chipify_f828d4bc08 /foss/designs/heichip/isource_beta/testbenches/xschem/tb_isource_beta_op.sch
2026-09-15 11:29:06 [INFO    ] chipify.engines.xschem: xschem post-run scan: recent_files=['../../../../../tmp/chipify_f828d4bc08/tb_isource_beta_op.xschem.log', '../../../../../tmp/chipify_f828d4bc08/tb_isource_beta_op.spice'] netlist_files=['../../../../../tmp/chipify_f828d4bc08/tb_isource_beta_op.spice'] chosen=../../../../../tmp/chipify_f828d4bc08/tb_isource_beta_op.spice
2026-09-15 11:29:06 [INFO    ] chipify.engines.xschem: Xschem netlist generated OK (spice).
2026-09-15 11:29:06 [INFO    ] chipify.simulator: Phase 3/3: staging files to RAM disk...
2026-09-15 11:29:06 [INFO    ] chipify.engines.staging: Staging library files to RAM disk: /tmp/chipify_f828d4bc08
2026-09-15 11:29:06 [DEBUG   ] chipify.engines.staging: No tb/xschemrc to stage (looked at /foss/designs/heichip/isource_beta/chipify/../testbenches/xschem/xschemrc)
2026-09-15 11:29:06 [INFO    ] chipify.simulator: Spawning pool: 11 workers, 270 tasks.
2026-09-15 11:29:06 [DEBUG   ] chipify.simulator: Pool created (forkserver, 11 workers).
2026-09-15 11:29:06 [DEBUG   ] chipify.simulator: 90 batch tasks submitted (chunk_size=3).
2026-09-15 11:29:13 [INFO    ] chipify.simulator: Pool finished cleanly. 270 results collected.
2026-09-15 11:29:13 [INFO    ] chipify.simulator: run_sim() exited.
2026-09-15 11:29:13 [INFO    ] chipify.gui_qt.sim_worker: run_sim returned 270 rows. Saving results…
2026-09-15 11:29:13 [INFO    ] chipify.run_meta: Wrote run metadata: /foss/designs/heichip/isource_beta/chipify/out/history/run_20260915_112913.meta.json
2026-09-15 11:29:13 [INFO    ] chipify.run_meta: Wrote run metadata: /foss/designs/heichip/isource_beta/chipify/out/simulation_results.meta.json
2026-09-15 11:29:13 [DEBUG   ] chipify.expression: evaluate_dataframe_column 'iout': 'out/res' → 'out/res'
2026-09-15 11:29:13 [DEBUG   ] chipify.uikit.services.equations: Applied scalar equation: iout = out/res
2026-09-15 11:38:21 [INFO    ] chipify.gui_qt.controllers.simulation: SimulationController.start: corners_ngspice.yaml
2026-09-15 11:38:21 [INFO    ] chipify.gui_qt.sim_worker: SimWorker.run on thread Dummy-48
2026-09-15 11:38:21 [INFO    ] chipify.simulator: run_sim() started. Testbenches: 1
2026-09-15 11:38:21 [INFO    ] chipify.simulator: Phase 1/3: generating parameter cases...
2026-09-15 11:38:21 [INFO    ] chipify.simulator: Total cases: 270
2026-09-15 11:38:21 [INFO    ] chipify.simulator: Simulator engine(s) in use: ngspice
2026-09-15 11:38:21 [INFO    ] chipify.simulator: Phase 2/3: generating Xschem templates...
2026-09-15 11:38:21 [INFO    ] chipify.engines.xschem: run_xschem: /foss/designs/heichip/isource_beta/testbenches/xschem/tb_isource_beta_op.sch (mode=spice)
2026-09-15 11:38:21 [INFO    ] chipify.engines.xschem: Xschem env: HOME=/headless XSCHEM_SHAREDIR=None PATH=/headless/.local/bin:/foss/tools/bin:/foss/tools/sak:/usr/local/sbin:/usr/local/bin:/usr/sbin:/usr/bin:/sbin:/bin:/foss/tools/kactus2:/foss/tools/klayout:/foss/tools/osic-multitool cwd=/foss/designs/heichip/isource_beta/chipify
2026-09-15 11:38:21 [INFO    ] chipify.engines.xschem: Xschem PID=4979 cmd=xschem -n --spice -q -x -o /tmp/chipify_f828d4bc08 /foss/designs/heichip/isource_beta/testbenches/xschem/tb_isource_beta_op.sch
2026-09-15 11:38:21 [INFO    ] chipify.engines.xschem: xschem post-run scan: recent_files=['../../../../../tmp/chipify_f828d4bc08/tb_isource_beta_op.xschem.log', '../../../../../tmp/chipify_f828d4bc08/tb_isource_beta_op.spice'] netlist_files=['../../../../../tmp/chipify_f828d4bc08/tb_isource_beta_op.spice'] chosen=../../../../../tmp/chipify_f828d4bc08/tb_isource_beta_op.spice
2026-09-15 11:38:21 [INFO    ] chipify.engines.xschem: Xschem netlist generated OK (spice).
2026-09-15 11:38:21 [INFO    ] chipify.simulator: Phase 3/3: staging files to RAM disk...
2026-09-15 11:38:21 [INFO    ] chipify.engines.staging: Staging library files to RAM disk: /tmp/chipify_f828d4bc08
2026-09-15 11:38:21 [DEBUG   ] chipify.engines.staging: No tb/xschemrc to stage (looked at /foss/designs/heichip/isource_beta/chipify/../testbenches/xschem/xschemrc)
2026-09-15 11:38:21 [INFO    ] chipify.simulator: Spawning pool: 11 workers, 270 tasks.
2026-09-15 11:38:21 [DEBUG   ] chipify.simulator: Pool created (forkserver, 11 workers).
2026-09-15 11:38:21 [DEBUG   ] chipify.simulator: 90 batch tasks submitted (chunk_size=3).
2026-09-15 11:38:25 [INFO    ] chipify.simulator: Pool finished cleanly. 270 results collected.
2026-09-15 11:38:25 [INFO    ] chipify.simulator: run_sim() exited.
2026-09-15 11:38:25 [INFO    ] chipify.gui_qt.sim_worker: run_sim returned 270 rows. Saving results…
2026-09-15 11:38:25 [INFO    ] chipify.run_meta: Wrote run metadata: /foss/designs/heichip/isource_beta/chipify/out/history/run_20260915_113825.meta.json
2026-09-15 11:38:25 [INFO    ] chipify.run_meta: Wrote run metadata: /foss/designs/heichip/isource_beta/chipify/out/simulation_results.meta.json
2026-09-15 11:38:25 [DEBUG   ] chipify.expression: evaluate_dataframe_column 'iout': 'out/res' → 'out/res'
2026-09-15 11:38:25 [DEBUG   ] chipify.uikit.services.equations: Applied scalar equation: iout = out/res
2026-09-15 11:54:01 [INFO    ] chipify.gui_qt.controllers.simulation: SimulationController.start: corners_ngspice.yaml
2026-09-15 11:54:01 [INFO    ] chipify.gui_qt.sim_worker: SimWorker.run on thread Dummy-48
2026-09-15 11:54:01 [INFO    ] chipify.simulator: run_sim() started. Testbenches: 1
2026-09-15 11:54:01 [INFO    ] chipify.simulator: Phase 1/3: generating parameter cases...
2026-09-15 11:54:01 [INFO    ] chipify.simulator: Total cases: 270
2026-09-15 11:54:01 [INFO    ] chipify.simulator: Simulator engine(s) in use: ngspice
2026-09-15 11:54:01 [INFO    ] chipify.simulator: Phase 2/3: generating Xschem templates...
2026-09-15 11:54:01 [INFO    ] chipify.engines.xschem: run_xschem: /foss/designs/heichip/isource_beta/testbenches/xschem/tb_isource_beta_op.sch (mode=spice)
2026-09-15 11:54:01 [INFO    ] chipify.engines.xschem: Xschem env: HOME=/headless XSCHEM_SHAREDIR=None PATH=/headless/.local/bin:/foss/tools/bin:/foss/tools/sak:/usr/local/sbin:/usr/local/bin:/usr/sbin:/usr/bin:/sbin:/bin:/foss/tools/kactus2:/foss/tools/klayout:/foss/tools/osic-multitool cwd=/foss/designs/heichip/isource_beta/chipify
2026-09-15 11:54:01 [INFO    ] chipify.engines.xschem: Xschem PID=5431 cmd=xschem -n --spice -q -x -o /tmp/chipify_f828d4bc08 /foss/designs/heichip/isource_beta/testbenches/xschem/tb_isource_beta_op.sch
2026-09-15 11:54:01 [INFO    ] chipify.engines.xschem: xschem post-run scan: recent_files=['../../../../../tmp/chipify_f828d4bc08/tb_isource_beta_op.xschem.log', '../../../../../tmp/chipify_f828d4bc08/tb_isource_beta_op.spice'] netlist_files=['../../../../../tmp/chipify_f828d4bc08/tb_isource_beta_op.spice'] chosen=../../../../../tmp/chipify_f828d4bc08/tb_isource_beta_op.spice
2026-09-15 11:54:01 [INFO    ] chipify.engines.xschem: Xschem netlist generated OK (spice).
2026-09-15 11:54:01 [INFO    ] chipify.simulator: Phase 3/3: staging files to RAM disk...
2026-09-15 11:54:01 [INFO    ] chipify.engines.staging: Staging library files to RAM disk: /tmp/chipify_f828d4bc08
2026-09-15 11:54:01 [DEBUG   ] chipify.engines.staging: No tb/xschemrc to stage (looked at /foss/designs/heichip/isource_beta/chipify/../testbenches/xschem/xschemrc)
2026-09-15 11:54:01 [INFO    ] chipify.simulator: Spawning pool: 11 workers, 270 tasks.
2026-09-15 11:54:01 [DEBUG   ] chipify.simulator: Pool created (forkserver, 11 workers).
2026-09-15 11:54:01 [DEBUG   ] chipify.simulator: 90 batch tasks submitted (chunk_size=3).
2026-09-15 11:54:05 [INFO    ] chipify.simulator: Pool finished cleanly. 270 results collected.
2026-09-15 11:54:05 [INFO    ] chipify.simulator: run_sim() exited.
2026-09-15 11:54:05 [INFO    ] chipify.gui_qt.sim_worker: run_sim returned 270 rows. Saving results…
2026-09-15 11:54:05 [INFO    ] chipify.run_meta: Wrote run metadata: /foss/designs/heichip/isource_beta/chipify/out/history/run_20260915_115405.meta.json
2026-09-15 11:54:05 [INFO    ] chipify.run_meta: Wrote run metadata: /foss/designs/heichip/isource_beta/chipify/out/simulation_results.meta.json
2026-09-15 11:54:05 [DEBUG   ] chipify.expression: evaluate_dataframe_column 'iout': 'out/res' → 'out/res'
2026-09-15 11:54:05 [DEBUG   ] chipify.uikit.services.equations: Applied scalar equation: iout = out/res
2026-09-15 11:55:20 [INFO    ] chipify.gui_qt.controllers.simulation: SimulationController.start: corners_ngspice.yaml
2026-09-15 11:55:21 [INFO    ] chipify.gui_qt.sim_worker: SimWorker.run on thread Dummy-48
2026-09-15 11:55:21 [INFO    ] chipify.simulator: run_sim() started. Testbenches: 1
2026-09-15 11:55:21 [INFO    ] chipify.simulator: Phase 1/3: generating parameter cases...
2026-09-15 11:55:21 [INFO    ] chipify.simulator: Total cases: 180
2026-09-15 11:55:21 [INFO    ] chipify.simulator: Simulator engine(s) in use: ngspice
2026-09-15 11:55:21 [INFO    ] chipify.simulator: Phase 2/3: generating Xschem templates...
2026-09-15 11:55:21 [INFO    ] chipify.engines.xschem: run_xschem: /foss/designs/heichip/isource_beta/testbenches/xschem/tb_isource_beta_op.sch (mode=spice)
2026-09-15 11:55:21 [INFO    ] chipify.engines.xschem: Xschem env: HOME=/headless XSCHEM_SHAREDIR=None PATH=/headless/.local/bin:/foss/tools/bin:/foss/tools/sak:/usr/local/sbin:/usr/local/bin:/usr/sbin:/usr/bin:/sbin:/bin:/foss/tools/kactus2:/foss/tools/klayout:/foss/tools/osic-multitool cwd=/foss/designs/heichip/isource_beta/chipify
2026-09-15 11:55:21 [INFO    ] chipify.engines.xschem: Xschem PID=5881 cmd=xschem -n --spice -q -x -o /tmp/chipify_f828d4bc08 /foss/designs/heichip/isource_beta/testbenches/xschem/tb_isource_beta_op.sch
2026-09-15 11:55:21 [INFO    ] chipify.engines.xschem: xschem post-run scan: recent_files=['../../../../../tmp/chipify_f828d4bc08/tb_isource_beta_op.xschem.log', '../../../../../tmp/chipify_f828d4bc08/tb_isource_beta_op.spice'] netlist_files=['../../../../../tmp/chipify_f828d4bc08/tb_isource_beta_op.spice'] chosen=../../../../../tmp/chipify_f828d4bc08/tb_isource_beta_op.spice
2026-09-15 11:55:21 [INFO    ] chipify.engines.xschem: Xschem netlist generated OK (spice).
2026-09-15 11:55:21 [INFO    ] chipify.simulator: Phase 3/3: staging files to RAM disk...
2026-09-15 11:55:21 [INFO    ] chipify.engines.staging: Staging library files to RAM disk: /tmp/chipify_f828d4bc08
2026-09-15 11:55:21 [DEBUG   ] chipify.engines.staging: No tb/xschemrc to stage (looked at /foss/designs/heichip/isource_beta/chipify/../testbenches/xschem/xschemrc)
2026-09-15 11:55:21 [INFO    ] chipify.simulator: Spawning pool: 11 workers, 180 tasks.
2026-09-15 11:55:21 [DEBUG   ] chipify.simulator: Pool created (forkserver, 11 workers).
2026-09-15 11:55:21 [DEBUG   ] chipify.simulator: 90 batch tasks submitted (chunk_size=2).
2026-09-15 11:55:24 [INFO    ] chipify.simulator: Pool finished cleanly. 180 results collected.
2026-09-15 11:55:24 [INFO    ] chipify.simulator: run_sim() exited.
2026-09-15 11:55:24 [INFO    ] chipify.gui_qt.sim_worker: run_sim returned 180 rows. Saving results…
2026-09-15 11:55:24 [INFO    ] chipify.run_meta: Wrote run metadata: /foss/designs/heichip/isource_beta/chipify/out/history/run_20260915_115524.meta.json
2026-09-15 11:55:24 [INFO    ] chipify.run_meta: Wrote run metadata: /foss/designs/heichip/isource_beta/chipify/out/simulation_results.meta.json
2026-09-15 11:55:24 [DEBUG   ] chipify.expression: evaluate_dataframe_column 'iout': 'out/res' → 'out/res'
2026-09-15 11:55:24 [DEBUG   ] chipify.uikit.services.equations: Applied scalar equation: iout = out/res
2026-09-15 12:00:52 [INFO    ] chipify.gui_qt.controllers.simulation: SimulationController.start: corners_ngspice.yaml
2026-09-15 12:00:52 [INFO    ] chipify.gui_qt.sim_worker: SimWorker.run on thread Dummy-48
2026-09-15 12:00:52 [INFO    ] chipify.simulator: run_sim() started. Testbenches: 1
2026-09-15 12:00:52 [INFO    ] chipify.simulator: Phase 1/3: generating parameter cases...
2026-09-15 12:00:52 [INFO    ] chipify.simulator: Total cases: 90
2026-09-15 12:00:52 [INFO    ] chipify.simulator: Simulator engine(s) in use: ngspice
2026-09-15 12:00:52 [INFO    ] chipify.simulator: Phase 2/3: generating Xschem templates...
2026-09-15 12:00:52 [INFO    ] chipify.engines.xschem: run_xschem: /foss/designs/heichip/isource_beta/testbenches/xschem/tb_isource_beta_op.sch (mode=spice)
2026-09-15 12:00:52 [INFO    ] chipify.engines.xschem: Xschem env: HOME=/headless XSCHEM_SHAREDIR=None PATH=/headless/.local/bin:/foss/tools/bin:/foss/tools/sak:/usr/local/sbin:/usr/local/bin:/usr/sbin:/usr/bin:/sbin:/bin:/foss/tools/kactus2:/foss/tools/klayout:/foss/tools/osic-multitool cwd=/foss/designs/heichip/isource_beta/chipify
2026-09-15 12:00:52 [INFO    ] chipify.engines.xschem: Xschem PID=6293 cmd=xschem -n --spice -q -x -o /tmp/chipify_f828d4bc08 /foss/designs/heichip/isource_beta/testbenches/xschem/tb_isource_beta_op.sch
2026-09-15 12:00:52 [INFO    ] chipify.engines.xschem: xschem post-run scan: recent_files=['../../../../../tmp/chipify_f828d4bc08/tb_isource_beta_op.xschem.log', '../../../../../tmp/chipify_f828d4bc08/tb_isource_beta_op.spice'] netlist_files=['../../../../../tmp/chipify_f828d4bc08/tb_isource_beta_op.spice'] chosen=../../../../../tmp/chipify_f828d4bc08/tb_isource_beta_op.spice
2026-09-15 12:00:52 [INFO    ] chipify.engines.xschem: Xschem netlist generated OK (spice).
2026-09-15 12:00:52 [INFO    ] chipify.simulator: Phase 3/3: staging files to RAM disk...
2026-09-15 12:00:52 [INFO    ] chipify.engines.staging: Staging library files to RAM disk: /tmp/chipify_f828d4bc08
2026-09-15 12:00:52 [DEBUG   ] chipify.engines.staging: No tb/xschemrc to stage (looked at /foss/designs/heichip/isource_beta/chipify/../testbenches/xschem/xschemrc)
2026-09-15 12:00:52 [INFO    ] chipify.simulator: Spawning pool: 11 workers, 90 tasks.
2026-09-15 12:00:52 [DEBUG   ] chipify.simulator: Pool created (forkserver, 11 workers).
2026-09-15 12:00:52 [DEBUG   ] chipify.simulator: 90 batch tasks submitted (chunk_size=1).
2026-09-15 12:00:54 [INFO    ] chipify.simulator: Pool finished cleanly. 90 results collected.
2026-09-15 12:00:54 [INFO    ] chipify.simulator: run_sim() exited.
2026-09-15 12:00:54 [INFO    ] chipify.gui_qt.sim_worker: run_sim returned 90 rows. Saving results…
2026-09-15 12:00:54 [INFO    ] chipify.run_meta: Wrote run metadata: /foss/designs/heichip/isource_beta/chipify/out/history/run_20260915_120054.meta.json
2026-09-15 12:00:54 [INFO    ] chipify.run_meta: Wrote run metadata: /foss/designs/heichip/isource_beta/chipify/out/simulation_results.meta.json
2026-09-15 12:00:54 [DEBUG   ] chipify.expression: evaluate_dataframe_column 'iout': 'out/res' → 'out/res'
2026-09-15 12:00:54 [WARNING ] chipify.uikit.services.equations: Scalar equation 'iout' failed: name 'res' is not defined
2026-09-15 12:02:30 [INFO    ] chipify.gui_qt.controllers.simulation: SimulationController.start: corners_ngspice.yaml
2026-09-15 12:02:30 [INFO    ] chipify.gui_qt.sim_worker: SimWorker.run on thread Dummy-48
2026-09-15 12:02:31 [INFO    ] chipify.simulator: run_sim() started. Testbenches: 1
2026-09-15 12:02:31 [INFO    ] chipify.simulator: Phase 1/3: generating parameter cases...
2026-09-15 12:02:31 [INFO    ] chipify.simulator: Total cases: 90
2026-09-15 12:02:31 [INFO    ] chipify.simulator: Simulator engine(s) in use: ngspice
2026-09-15 12:02:31 [INFO    ] chipify.simulator: Phase 2/3: generating Xschem templates...
2026-09-15 12:02:31 [INFO    ] chipify.engines.xschem: run_xschem: /foss/designs/heichip/isource_beta/testbenches/xschem/tb_isource_beta_op.sch (mode=spice)
2026-09-15 12:02:31 [INFO    ] chipify.engines.xschem: Xschem env: HOME=/headless XSCHEM_SHAREDIR=None PATH=/headless/.local/bin:/foss/tools/bin:/foss/tools/sak:/usr/local/sbin:/usr/local/bin:/usr/sbin:/usr/bin:/sbin:/bin:/foss/tools/kactus2:/foss/tools/klayout:/foss/tools/osic-multitool cwd=/foss/designs/heichip/isource_beta/chipify
2026-09-15 12:02:31 [INFO    ] chipify.engines.xschem: Xschem PID=6561 cmd=xschem -n --spice -q -x -o /tmp/chipify_f828d4bc08 /foss/designs/heichip/isource_beta/testbenches/xschem/tb_isource_beta_op.sch
2026-09-15 12:02:31 [INFO    ] chipify.engines.xschem: xschem post-run scan: recent_files=['../../../../../tmp/chipify_f828d4bc08/tb_isource_beta_op.xschem.log', '../../../../../tmp/chipify_f828d4bc08/tb_isource_beta_op.spice'] netlist_files=['../../../../../tmp/chipify_f828d4bc08/tb_isource_beta_op.spice'] chosen=../../../../../tmp/chipify_f828d4bc08/tb_isource_beta_op.spice
2026-09-15 12:02:31 [INFO    ] chipify.engines.xschem: Xschem netlist generated OK (spice).
2026-09-15 12:02:31 [INFO    ] chipify.simulator: Phase 3/3: staging files to RAM disk...
2026-09-15 12:02:31 [INFO    ] chipify.engines.staging: Staging library files to RAM disk: /tmp/chipify_f828d4bc08
2026-09-15 12:02:31 [DEBUG   ] chipify.engines.staging: No tb/xschemrc to stage (looked at /foss/designs/heichip/isource_beta/chipify/../testbenches/xschem/xschemrc)
2026-09-15 12:02:31 [INFO    ] chipify.simulator: Spawning pool: 11 workers, 90 tasks.
2026-09-15 12:02:31 [DEBUG   ] chipify.simulator: Pool created (forkserver, 11 workers).
2026-09-15 12:02:31 [DEBUG   ] chipify.simulator: 90 batch tasks submitted (chunk_size=1).
2026-09-15 12:02:33 [INFO    ] chipify.simulator: Pool finished cleanly. 90 results collected.
2026-09-15 12:02:33 [INFO    ] chipify.simulator: run_sim() exited.
2026-09-15 12:02:33 [INFO    ] chipify.gui_qt.sim_worker: run_sim returned 90 rows. Saving results…
2026-09-15 12:02:33 [INFO    ] chipify.run_meta: Wrote run metadata: /foss/designs/heichip/isource_beta/chipify/out/history/run_20260915_120233.meta.json
2026-09-15 12:02:33 [INFO    ] chipify.run_meta: Wrote run metadata: /foss/designs/heichip/isource_beta/chipify/out/simulation_results.meta.json
2026-09-15 12:02:33 [DEBUG   ] chipify.expression: evaluate_dataframe_column 'iout': 'out/res' → 'out/res'
2026-09-15 12:02:33 [WARNING ] chipify.uikit.services.equations: Scalar equation 'iout' failed: name 'res' is not defined
2026-09-15 12:02:55 [INFO    ] chipify.gui_qt.controllers.simulation: SimulationController.start: corners_ngspice.yaml
2026-09-15 12:02:55 [WARNING ] chipify.gui_qt.controllers.simulation: Could not preload Stimuli for live state: Datasheet '/foss/designs/heichip/isource_beta/chipify/datasheets/corners_ngspice.yaml' schema error: tests.tb_isource_beta_op.iout: expected a number, got '0.8u'
2026-09-15 12:02:55 [INFO    ] chipify.gui_qt.sim_worker: SimWorker.run on thread Dummy-48
2026-09-15 12:02:55 [ERROR   ] chipify.gui_qt.sim_worker: SimWorker.run failed: Datasheet '/foss/designs/heichip/isource_beta/chipify/datasheets/corners_ngspice.yaml' schema error: tests.tb_isource_beta_op.iout: expected a number, got '0.8u'
Traceback (most recent call last):
  File "/usr/local/lib/python3.12/dist-packages/chipify/schema.py", line 164, in _parse_scalar_value
    return float(raw)
           ^^^^^^^^^^
ValueError: could not convert string to float: '0.8u'

The above exception was the direct cause of the following exception:

Traceback (most recent call last):
  File "/usr/local/lib/python3.12/dist-packages/chipify/schema.py", line 458, in validate_datasheet
    vmin = _parse_scalar_value(bounds.get("min", bounds.get("vmin")))
           ^^^^^^^^^^^^^^^^^^^^^^^^^^^^^^^^^^^^^^^^^^^^^^^^^^^^^^^^^^
  File "/usr/local/lib/python3.12/dist-packages/chipify/schema.py", line 166, in _parse_scalar_value
    raise SchemaError(f"expected a number, got {raw!r}") from exc
chipify.schema.SchemaError: expected a number, got '0.8u'

The above exception was the direct cause of the following exception:

Traceback (most recent call last):
  File "/usr/local/lib/python3.12/dist-packages/chipify/util.py", line 53, in _load_from_yaml
    validated = validate_datasheet(data or {})
                ^^^^^^^^^^^^^^^^^^^^^^^^^^^^^^
  File "/usr/local/lib/python3.12/dist-packages/chipify/schema.py", line 462, in validate_datasheet
    raise SchemaError(
chipify.schema.SchemaError: tests.tb_isource_beta_op.iout: expected a number, got '0.8u'

The above exception was the direct cause of the following exception:

Traceback (most recent call last):
  File "/usr/local/lib/python3.12/dist-packages/chipify/gui_qt/workers/sim_worker.py", line 81, in run
    stim = util.Stimuli(self._yaml_path)
           ^^^^^^^^^^^^^^^^^^^^^^^^^^^^^
  File "/usr/local/lib/python3.12/dist-packages/chipify/util.py", line 38, in __init__
    self._load_from_yaml(yaml_file)
  File "/usr/local/lib/python3.12/dist-packages/chipify/util.py", line 55, in _load_from_yaml
    raise ValueError(f"Datasheet {file_path!r} schema error: {exc}") from exc
ValueError: Datasheet '/foss/designs/heichip/isource_beta/chipify/datasheets/corners_ngspice.yaml' schema error: tests.tb_isource_beta_op.iout: expected a number, got '0.8u'
2026-09-15 12:03:04 [INFO    ] chipify.gui_qt.controllers.simulation: SimulationController.start: corners_ngspice.yaml
2026-09-15 12:03:04 [WARNING ] chipify.gui_qt.controllers.simulation: Could not preload Stimuli for live state: Datasheet '/foss/designs/heichip/isource_beta/chipify/datasheets/corners_ngspice.yaml' schema error: tests.tb_isource_beta_op.iout: expected a number, got '0.8u'
2026-09-15 12:03:04 [INFO    ] chipify.gui_qt.sim_worker: SimWorker.run on thread Dummy-48
2026-09-15 12:03:04 [ERROR   ] chipify.gui_qt.sim_worker: SimWorker.run failed: Datasheet '/foss/designs/heichip/isource_beta/chipify/datasheets/corners_ngspice.yaml' schema error: tests.tb_isource_beta_op.iout: expected a number, got '0.8u'
Traceback (most recent call last):
  File "/usr/local/lib/python3.12/dist-packages/chipify/schema.py", line 164, in _parse_scalar_value
    return float(raw)
           ^^^^^^^^^^
ValueError: could not convert string to float: '0.8u'

The above exception was the direct cause of the following exception:

Traceback (most recent call last):
  File "/usr/local/lib/python3.12/dist-packages/chipify/schema.py", line 458, in validate_datasheet
    vmin = _parse_scalar_value(bounds.get("min", bounds.get("vmin")))
           ^^^^^^^^^^^^^^^^^^^^^^^^^^^^^^^^^^^^^^^^^^^^^^^^^^^^^^^^^^
  File "/usr/local/lib/python3.12/dist-packages/chipify/schema.py", line 166, in _parse_scalar_value
    raise SchemaError(f"expected a number, got {raw!r}") from exc
chipify.schema.SchemaError: expected a number, got '0.8u'

The above exception was the direct cause of the following exception:

Traceback (most recent call last):
  File "/usr/local/lib/python3.12/dist-packages/chipify/util.py", line 53, in _load_from_yaml
    validated = validate_datasheet(data or {})
                ^^^^^^^^^^^^^^^^^^^^^^^^^^^^^^
  File "/usr/local/lib/python3.12/dist-packages/chipify/schema.py", line 462, in validate_datasheet
    raise SchemaError(
chipify.schema.SchemaError: tests.tb_isource_beta_op.iout: expected a number, got '0.8u'

The above exception was the direct cause of the following exception:

Traceback (most recent call last):
  File "/usr/local/lib/python3.12/dist-packages/chipify/gui_qt/workers/sim_worker.py", line 81, in run
    stim = util.Stimuli(self._yaml_path)
           ^^^^^^^^^^^^^^^^^^^^^^^^^^^^^
  File "/usr/local/lib/python3.12/dist-packages/chipify/util.py", line 38, in __init__
    self._load_from_yaml(yaml_file)
  File "/usr/local/lib/python3.12/dist-packages/chipify/util.py", line 55, in _load_from_yaml
    raise ValueError(f"Datasheet {file_path!r} schema error: {exc}") from exc
ValueError: Datasheet '/foss/designs/heichip/isource_beta/chipify/datasheets/corners_ngspice.yaml' schema error: tests.tb_isource_beta_op.iout: expected a number, got '0.8u'
2026-09-15 12:03:21 [INFO    ] chipify.gui_qt.controllers.simulation: SimulationController.start: corners_ngspice.yaml
2026-09-15 12:03:21 [INFO    ] chipify.gui_qt.sim_worker: SimWorker.run on thread Dummy-48
2026-09-15 12:03:21 [INFO    ] chipify.simulator: run_sim() started. Testbenches: 1
2026-09-15 12:03:21 [INFO    ] chipify.simulator: Phase 1/3: generating parameter cases...
2026-09-15 12:03:21 [INFO    ] chipify.simulator: Total cases: 90
2026-09-15 12:03:21 [INFO    ] chipify.simulator: Simulator engine(s) in use: ngspice
2026-09-15 12:03:21 [INFO    ] chipify.simulator: Phase 2/3: generating Xschem templates...
2026-09-15 12:03:21 [INFO    ] chipify.engines.xschem: run_xschem: /foss/designs/heichip/isource_beta/testbenches/xschem/tb_isource_beta_op.sch (mode=spice)
2026-09-15 12:03:21 [INFO    ] chipify.engines.xschem: Xschem env: HOME=/headless XSCHEM_SHAREDIR=None PATH=/headless/.local/bin:/foss/tools/bin:/foss/tools/sak:/usr/local/sbin:/usr/local/bin:/usr/sbin:/usr/bin:/sbin:/bin:/foss/tools/kactus2:/foss/tools/klayout:/foss/tools/osic-multitool cwd=/foss/designs/heichip/isource_beta/chipify
2026-09-15 12:03:21 [INFO    ] chipify.engines.xschem: Xschem PID=6827 cmd=xschem -n --spice -q -x -o /tmp/chipify_f828d4bc08 /foss/designs/heichip/isource_beta/testbenches/xschem/tb_isource_beta_op.sch
2026-09-15 12:03:21 [INFO    ] chipify.engines.xschem: xschem post-run scan: recent_files=['../../../../../tmp/chipify_f828d4bc08/tb_isource_beta_op.xschem.log', '../../../../../tmp/chipify_f828d4bc08/tb_isource_beta_op.spice'] netlist_files=['../../../../../tmp/chipify_f828d4bc08/tb_isource_beta_op.spice'] chosen=../../../../../tmp/chipify_f828d4bc08/tb_isource_beta_op.spice
2026-09-15 12:03:21 [INFO    ] chipify.engines.xschem: Xschem netlist generated OK (spice).
2026-09-15 12:03:21 [INFO    ] chipify.simulator: Phase 3/3: staging files to RAM disk...
2026-09-15 12:03:21 [INFO    ] chipify.engines.staging: Staging library files to RAM disk: /tmp/chipify_f828d4bc08
2026-09-15 12:03:21 [DEBUG   ] chipify.engines.staging: No tb/xschemrc to stage (looked at /foss/designs/heichip/isource_beta/chipify/../testbenches/xschem/xschemrc)
2026-09-15 12:03:21 [INFO    ] chipify.simulator: Spawning pool: 11 workers, 90 tasks.
2026-09-15 12:03:21 [DEBUG   ] chipify.simulator: Pool created (forkserver, 11 workers).
2026-09-15 12:03:21 [DEBUG   ] chipify.simulator: 90 batch tasks submitted (chunk_size=1).
2026-09-15 12:03:23 [INFO    ] chipify.simulator: Pool finished cleanly. 90 results collected.
2026-09-15 12:03:23 [INFO    ] chipify.simulator: run_sim() exited.
2026-09-15 12:03:23 [INFO    ] chipify.gui_qt.sim_worker: run_sim returned 90 rows. Saving results…
2026-09-15 12:03:23 [INFO    ] chipify.run_meta: Wrote run metadata: /foss/designs/heichip/isource_beta/chipify/out/history/run_20260915_120323.meta.json
2026-09-15 12:03:23 [INFO    ] chipify.run_meta: Wrote run metadata: /foss/designs/heichip/isource_beta/chipify/out/simulation_results.meta.json
2026-09-15 12:03:23 [DEBUG   ] chipify.expression: evaluate_dataframe_column 'iout': 'out/res' → 'out/res'
2026-09-15 12:03:23 [WARNING ] chipify.uikit.services.equations: Scalar equation 'iout' failed: name 'res' is not defined
2026-09-15 12:04:29 [INFO    ] chipify.gui_qt.controllers.simulation: SimulationController.start: corners_ngspice.yaml
2026-09-15 12:04:30 [INFO    ] chipify.gui_qt.sim_worker: SimWorker.run on thread Dummy-48
2026-09-15 12:04:30 [INFO    ] chipify.simulator: run_sim() started. Testbenches: 1
2026-09-15 12:04:30 [INFO    ] chipify.simulator: Phase 1/3: generating parameter cases...
2026-09-15 12:04:30 [INFO    ] chipify.simulator: Total cases: 270
2026-09-15 12:04:30 [INFO    ] chipify.simulator: Simulator engine(s) in use: ngspice
2026-09-15 12:04:30 [INFO    ] chipify.simulator: Phase 2/3: generating Xschem templates...
2026-09-15 12:04:30 [INFO    ] chipify.engines.xschem: run_xschem: /foss/designs/heichip/isource_beta/testbenches/xschem/tb_isource_beta_op.sch (mode=spice)
2026-09-15 12:04:30 [INFO    ] chipify.engines.xschem: Xschem env: HOME=/headless XSCHEM_SHAREDIR=None PATH=/headless/.local/bin:/foss/tools/bin:/foss/tools/sak:/usr/local/sbin:/usr/local/bin:/usr/sbin:/usr/bin:/sbin:/bin:/foss/tools/kactus2:/foss/tools/klayout:/foss/tools/osic-multitool cwd=/foss/designs/heichip/isource_beta/chipify
2026-09-15 12:04:30 [INFO    ] chipify.engines.xschem: Xschem PID=7093 cmd=xschem -n --spice -q -x -o /tmp/chipify_f828d4bc08 /foss/designs/heichip/isource_beta/testbenches/xschem/tb_isource_beta_op.sch
2026-09-15 12:04:30 [INFO    ] chipify.engines.xschem: xschem post-run scan: recent_files=['../../../../../tmp/chipify_f828d4bc08/tb_isource_beta_op.xschem.log', '../../../../../tmp/chipify_f828d4bc08/tb_isource_beta_op.spice'] netlist_files=['../../../../../tmp/chipify_f828d4bc08/tb_isource_beta_op.spice'] chosen=../../../../../tmp/chipify_f828d4bc08/tb_isource_beta_op.spice
2026-09-15 12:04:30 [INFO    ] chipify.engines.xschem: Xschem netlist generated OK (spice).
2026-09-15 12:04:30 [INFO    ] chipify.simulator: Phase 3/3: staging files to RAM disk...
2026-09-15 12:04:30 [INFO    ] chipify.engines.staging: Staging library files to RAM disk: /tmp/chipify_f828d4bc08
2026-09-15 12:04:30 [DEBUG   ] chipify.engines.staging: No tb/xschemrc to stage (looked at /foss/designs/heichip/isource_beta/chipify/../testbenches/xschem/xschemrc)
2026-09-15 12:04:30 [INFO    ] chipify.simulator: Spawning pool: 11 workers, 270 tasks.
2026-09-15 12:04:30 [DEBUG   ] chipify.simulator: Pool created (forkserver, 11 workers).
2026-09-15 12:04:30 [DEBUG   ] chipify.simulator: 90 batch tasks submitted (chunk_size=3).
2026-09-15 12:04:33 [INFO    ] chipify.simulator: Pool finished cleanly. 270 results collected.
2026-09-15 12:04:33 [INFO    ] chipify.simulator: run_sim() exited.
2026-09-15 12:04:33 [INFO    ] chipify.gui_qt.sim_worker: run_sim returned 270 rows. Saving results…
2026-09-15 12:04:34 [INFO    ] chipify.run_meta: Wrote run metadata: /foss/designs/heichip/isource_beta/chipify/out/history/run_20260915_120433.meta.json
2026-09-15 12:04:34 [INFO    ] chipify.run_meta: Wrote run metadata: /foss/designs/heichip/isource_beta/chipify/out/simulation_results.meta.json
2026-09-15 12:04:34 [DEBUG   ] chipify.expression: evaluate_dataframe_column 'iout': 'out/res' → 'out/res'
2026-09-15 12:04:34 [WARNING ] chipify.uikit.services.equations: Scalar equation 'iout' failed: name 'res' is not defined
2026-09-15 12:05:23 [INFO    ] chipify.gui_qt.controllers.simulation: SimulationController.start: corners_ngspice.yaml
2026-09-15 12:05:23 [INFO    ] chipify.gui_qt.sim_worker: SimWorker.run on thread Dummy-29
2026-09-15 12:05:23 [INFO    ] chipify.simulator: run_sim() started. Testbenches: 1
2026-09-15 12:05:23 [INFO    ] chipify.simulator: Phase 1/3: generating parameter cases...
2026-09-15 12:05:23 [INFO    ] chipify.simulator: Total cases: 270
2026-09-15 12:05:23 [INFO    ] chipify.simulator: Simulator engine(s) in use: ngspice
2026-09-15 12:05:23 [INFO    ] chipify.simulator: Phase 2/3: generating Xschem templates...
2026-09-15 12:05:23 [INFO    ] chipify.engines.xschem: run_xschem: /foss/designs/heichip/isource_beta/testbenches/xschem/tb_isource_beta_op.sch (mode=spice)
2026-09-15 12:05:23 [INFO    ] chipify.engines.xschem: Xschem env: HOME=/headless XSCHEM_SHAREDIR=None PATH=/headless/.local/bin:/foss/tools/bin:/foss/tools/sak:/usr/local/sbin:/usr/local/bin:/usr/sbin:/usr/bin:/sbin:/bin:/foss/tools/kactus2:/foss/tools/klayout:/foss/tools/osic-multitool cwd=/foss/designs/heichip/isource_beta/chipify
2026-09-15 12:05:23 [INFO    ] chipify.engines.xschem: Xschem PID=7545 cmd=xschem -n --spice -q -x -o /tmp/chipify_f828d4bc08 /foss/designs/heichip/isource_beta/testbenches/xschem/tb_isource_beta_op.sch
2026-09-15 12:05:23 [INFO    ] chipify.engines.xschem: xschem post-run scan: recent_files=['../../../../../tmp/chipify_f828d4bc08/tb_isource_beta_op.xschem.log', '../../../../../tmp/chipify_f828d4bc08/tb_isource_beta_op.spice'] netlist_files=['../../../../../tmp/chipify_f828d4bc08/tb_isource_beta_op.spice'] chosen=../../../../../tmp/chipify_f828d4bc08/tb_isource_beta_op.spice
2026-09-15 12:05:23 [INFO    ] chipify.engines.xschem: Xschem netlist generated OK (spice).
2026-09-15 12:05:23 [INFO    ] chipify.simulator: Phase 3/3: staging files to RAM disk...
2026-09-15 12:05:23 [INFO    ] chipify.engines.staging: Staging library files to RAM disk: /tmp/chipify_f828d4bc08
2026-09-15 12:05:23 [DEBUG   ] chipify.engines.staging: No tb/xschemrc to stage (looked at /foss/designs/heichip/isource_beta/chipify/../testbenches/xschem/xschemrc)
2026-09-15 12:05:23 [INFO    ] chipify.simulator: Spawning pool: 11 workers, 270 tasks.
2026-09-15 12:05:23 [DEBUG   ] chipify.simulator: Pool created (forkserver, 11 workers).
2026-09-15 12:05:23 [DEBUG   ] chipify.simulator: 90 batch tasks submitted (chunk_size=3).
2026-09-15 12:05:27 [INFO    ] chipify.simulator: Pool finished cleanly. 270 results collected.
2026-09-15 12:05:27 [INFO    ] chipify.simulator: run_sim() exited.
2026-09-15 12:05:27 [INFO    ] chipify.gui_qt.sim_worker: run_sim returned 270 rows. Saving results…
2026-09-15 12:05:27 [INFO    ] chipify.run_meta: Wrote run metadata: /foss/designs/heichip/isource_beta/chipify/out/history/run_20260915_120527.meta.json
2026-09-15 12:05:27 [INFO    ] chipify.run_meta: Wrote run metadata: /foss/designs/heichip/isource_beta/chipify/out/simulation_results.meta.json
2026-09-15 12:05:27 [DEBUG   ] chipify.expression: evaluate_dataframe_column 'iout': 'out/res' → 'out/res'
2026-09-15 12:05:27 [WARNING ] chipify.uikit.services.equations: Scalar equation 'iout' failed: name 'res' is not defined
2026-09-15 12:06:35 [INFO    ] chipify.gui_qt.controllers.simulation: SimulationController.start: corners_ngspice.yaml
2026-09-15 12:06:35 [INFO    ] chipify.gui_qt.sim_worker: SimWorker.run on thread Dummy-73
2026-09-15 12:06:35 [INFO    ] chipify.simulator: run_sim() started. Testbenches: 1
2026-09-15 12:06:35 [INFO    ] chipify.simulator: Phase 1/3: generating parameter cases...
2026-09-15 12:06:35 [INFO    ] chipify.simulator: Total cases: 270
2026-09-15 12:06:35 [INFO    ] chipify.simulator: Simulator engine(s) in use: ngspice
2026-09-15 12:06:35 [INFO    ] chipify.simulator: Phase 2/3: generating Xschem templates...
2026-09-15 12:06:35 [INFO    ] chipify.engines.xschem: run_xschem: /foss/designs/heichip/isource_beta/testbenches/xschem/tb_isource_beta_op.sch (mode=spice)
2026-09-15 12:06:35 [INFO    ] chipify.engines.xschem: Xschem env: HOME=/headless XSCHEM_SHAREDIR=None PATH=/headless/.local/bin:/foss/tools/bin:/foss/tools/sak:/usr/local/sbin:/usr/local/bin:/usr/sbin:/usr/bin:/sbin:/bin:/foss/tools/kactus2:/foss/tools/klayout:/foss/tools/osic-multitool cwd=/foss/designs/heichip/isource_beta/chipify
2026-09-15 12:06:35 [INFO    ] chipify.engines.xschem: Xschem PID=7991 cmd=xschem -n --spice -q -x -o /tmp/chipify_f828d4bc08 /foss/designs/heichip/isource_beta/testbenches/xschem/tb_isource_beta_op.sch
2026-09-15 12:06:36 [INFO    ] chipify.engines.xschem: xschem post-run scan: recent_files=['../../../../../tmp/chipify_f828d4bc08/tb_isource_beta_op.xschem.log', '../../../../../tmp/chipify_f828d4bc08/tb_isource_beta_op.spice'] netlist_files=['../../../../../tmp/chipify_f828d4bc08/tb_isource_beta_op.spice'] chosen=../../../../../tmp/chipify_f828d4bc08/tb_isource_beta_op.spice
2026-09-15 12:06:36 [INFO    ] chipify.engines.xschem: Xschem netlist generated OK (spice).
2026-09-15 12:06:36 [INFO    ] chipify.simulator: Phase 3/3: staging files to RAM disk...
2026-09-15 12:06:36 [INFO    ] chipify.engines.staging: Staging library files to RAM disk: /tmp/chipify_f828d4bc08
2026-09-15 12:06:36 [DEBUG   ] chipify.engines.staging: No tb/xschemrc to stage (looked at /foss/designs/heichip/isource_beta/chipify/../testbenches/xschem/xschemrc)
2026-09-15 12:06:36 [INFO    ] chipify.simulator: Spawning pool: 11 workers, 270 tasks.
2026-09-15 12:06:36 [DEBUG   ] chipify.simulator: Pool created (forkserver, 11 workers).
2026-09-15 12:06:36 [DEBUG   ] chipify.simulator: 90 batch tasks submitted (chunk_size=3).
2026-09-15 12:06:39 [INFO    ] chipify.simulator: Pool finished cleanly. 270 results collected.
2026-09-15 12:06:39 [INFO    ] chipify.simulator: run_sim() exited.
2026-09-15 12:06:39 [INFO    ] chipify.gui_qt.sim_worker: run_sim returned 270 rows. Saving results…
2026-09-15 12:06:39 [INFO    ] chipify.run_meta: Wrote run metadata: /foss/designs/heichip/isource_beta/chipify/out/history/run_20260915_120639.meta.json
2026-09-15 12:06:39 [INFO    ] chipify.run_meta: Wrote run metadata: /foss/designs/heichip/isource_beta/chipify/out/simulation_results.meta.json
2026-09-15 12:06:39 [DEBUG   ] chipify.expression: evaluate_dataframe_column 'iout': 'out/res' → 'out/res'
2026-09-15 12:06:39 [WARNING ] chipify.uikit.services.equations: Scalar equation 'iout' failed: name 'res' is not defined
2026-09-15 12:07:54 [INFO    ] chipify.gui_qt.controllers.simulation: SimulationController.start: corners_ngspice.yaml
2026-09-15 12:07:54 [INFO    ] chipify.gui_qt.sim_worker: SimWorker.run on thread Dummy-29
2026-09-15 12:07:54 [INFO    ] chipify.simulator: run_sim() started. Testbenches: 1
2026-09-15 12:07:54 [INFO    ] chipify.simulator: Phase 1/3: generating parameter cases...
2026-09-15 12:07:54 [INFO    ] chipify.simulator: Total cases: 270
2026-09-15 12:07:54 [INFO    ] chipify.simulator: Simulator engine(s) in use: ngspice
2026-09-15 12:07:54 [INFO    ] chipify.simulator: Phase 2/3: generating Xschem templates...
2026-09-15 12:07:54 [INFO    ] chipify.engines.xschem: run_xschem: /foss/designs/heichip/isource_beta/testbenches/xschem/tb_isource_beta_op.sch (mode=spice)
2026-09-15 12:07:54 [INFO    ] chipify.engines.xschem: Xschem env: HOME=/headless XSCHEM_SHAREDIR=None PATH=/headless/.local/bin:/foss/tools/bin:/foss/tools/sak:/usr/local/sbin:/usr/local/bin:/usr/sbin:/usr/bin:/sbin:/bin:/foss/tools/kactus2:/foss/tools/klayout:/foss/tools/osic-multitool cwd=/foss/designs/heichip/isource_beta/chipify
2026-09-15 12:07:54 [INFO    ] chipify.engines.xschem: Xschem PID=8449 cmd=xschem -n --spice -q -x -o /tmp/chipify_f828d4bc08 /foss/designs/heichip/isource_beta/testbenches/xschem/tb_isource_beta_op.sch
2026-09-15 12:07:55 [INFO    ] chipify.engines.xschem: xschem post-run scan: recent_files=['../../../../../tmp/chipify_f828d4bc08/tb_isource_beta_op.xschem.log', '../../../../../tmp/chipify_f828d4bc08/tb_isource_beta_op.spice'] netlist_files=['../../../../../tmp/chipify_f828d4bc08/tb_isource_beta_op.spice'] chosen=../../../../../tmp/chipify_f828d4bc08/tb_isource_beta_op.spice
2026-09-15 12:07:55 [INFO    ] chipify.engines.xschem: Xschem netlist generated OK (spice).
2026-09-15 12:07:55 [INFO    ] chipify.simulator: Phase 3/3: staging files to RAM disk...
2026-09-15 12:07:55 [INFO    ] chipify.engines.staging: Staging library files to RAM disk: /tmp/chipify_f828d4bc08
2026-09-15 12:07:55 [DEBUG   ] chipify.engines.staging: No tb/xschemrc to stage (looked at /foss/designs/heichip/isource_beta/chipify/../testbenches/xschem/xschemrc)
2026-09-15 12:07:55 [INFO    ] chipify.simulator: Spawning pool: 11 workers, 270 tasks.
2026-09-15 12:07:55 [DEBUG   ] chipify.simulator: Pool created (forkserver, 11 workers).
2026-09-15 12:07:55 [DEBUG   ] chipify.simulator: 90 batch tasks submitted (chunk_size=3).
2026-09-15 12:07:58 [INFO    ] chipify.simulator: Pool finished cleanly. 270 results collected.
2026-09-15 12:07:58 [INFO    ] chipify.simulator: run_sim() exited.
2026-09-15 12:07:58 [INFO    ] chipify.gui_qt.sim_worker: run_sim returned 270 rows. Saving results…
2026-09-15 12:07:58 [INFO    ] chipify.run_meta: Wrote run metadata: /foss/designs/heichip/isource_beta/chipify/out/history/run_20260915_120758.meta.json
2026-09-15 12:07:58 [INFO    ] chipify.run_meta: Wrote run metadata: /foss/designs/heichip/isource_beta/chipify/out/simulation_results.meta.json
2026-09-15 12:07:58 [DEBUG   ] chipify.expression: evaluate_dataframe_column 'iout': 'out/res' → 'out/res'
2026-09-15 12:07:58 [WARNING ] chipify.uikit.services.equations: Scalar equation 'iout' failed: name 'res' is not defined
2026-09-15 12:10:10 [INFO    ] chipify.gui_qt.controllers.simulation: SimulationController.start: corners_ngspice.yaml
2026-09-15 12:10:10 [INFO    ] chipify.gui_qt.sim_worker: SimWorker.run on thread Dummy-73
2026-09-15 12:10:10 [INFO    ] chipify.simulator: run_sim() started. Testbenches: 1
2026-09-15 12:10:10 [INFO    ] chipify.simulator: Phase 1/3: generating parameter cases...
2026-09-15 12:10:10 [INFO    ] chipify.simulator: Total cases: 270
2026-09-15 12:10:10 [INFO    ] chipify.simulator: Simulator engine(s) in use: ngspice
2026-09-15 12:10:10 [INFO    ] chipify.simulator: Phase 2/3: generating Xschem templates...
2026-09-15 12:10:10 [INFO    ] chipify.engines.xschem: run_xschem: /foss/designs/heichip/isource_beta/testbenches/xschem/tb_isource_beta_op.sch (mode=spice)
2026-09-15 12:10:10 [INFO    ] chipify.engines.xschem: Xschem env: HOME=/headless XSCHEM_SHAREDIR=None PATH=/headless/.local/bin:/foss/tools/bin:/foss/tools/sak:/usr/local/sbin:/usr/local/bin:/usr/sbin:/usr/bin:/sbin:/bin:/foss/tools/kactus2:/foss/tools/klayout:/foss/tools/osic-multitool cwd=/foss/designs/heichip/isource_beta/chipify
2026-09-15 12:10:10 [INFO    ] chipify.engines.xschem: Xschem PID=8903 cmd=xschem -n --spice -q -x -o /tmp/chipify_f828d4bc08 /foss/designs/heichip/isource_beta/testbenches/xschem/tb_isource_beta_op.sch
2026-09-15 12:10:10 [INFO    ] chipify.engines.xschem: xschem post-run scan: recent_files=['../../../../../tmp/chipify_f828d4bc08/tb_isource_beta_op.xschem.log', '../../../../../tmp/chipify_f828d4bc08/tb_isource_beta_op.spice'] netlist_files=['../../../../../tmp/chipify_f828d4bc08/tb_isource_beta_op.spice'] chosen=../../../../../tmp/chipify_f828d4bc08/tb_isource_beta_op.spice
2026-09-15 12:10:10 [INFO    ] chipify.engines.xschem: Xschem netlist generated OK (spice).
2026-09-15 12:10:10 [INFO    ] chipify.simulator: Phase 3/3: staging files to RAM disk...
2026-09-15 12:10:10 [INFO    ] chipify.engines.staging: Staging library files to RAM disk: /tmp/chipify_f828d4bc08
2026-09-15 12:10:10 [DEBUG   ] chipify.engines.staging: No tb/xschemrc to stage (looked at /foss/designs/heichip/isource_beta/chipify/../testbenches/xschem/xschemrc)
2026-09-15 12:10:10 [INFO    ] chipify.simulator: Spawning pool: 11 workers, 270 tasks.
2026-09-15 12:10:10 [DEBUG   ] chipify.simulator: Pool created (forkserver, 11 workers).
2026-09-15 12:10:10 [DEBUG   ] chipify.simulator: 90 batch tasks submitted (chunk_size=3).
2026-09-15 12:10:14 [INFO    ] chipify.simulator: Pool finished cleanly. 270 results collected.
2026-09-15 12:10:14 [INFO    ] chipify.simulator: run_sim() exited.
2026-09-15 12:10:14 [INFO    ] chipify.gui_qt.sim_worker: run_sim returned 270 rows. Saving results…
2026-09-15 12:10:14 [INFO    ] chipify.run_meta: Wrote run metadata: /foss/designs/heichip/isource_beta/chipify/out/history/run_20260915_121014.meta.json
2026-09-15 12:10:14 [INFO    ] chipify.run_meta: Wrote run metadata: /foss/designs/heichip/isource_beta/chipify/out/simulation_results.meta.json
2026-09-15 12:10:14 [DEBUG   ] chipify.expression: evaluate_dataframe_column 'iout': 'out/res' → 'out/res'
2026-09-15 12:10:14 [WARNING ] chipify.uikit.services.equations: Scalar equation 'iout' failed: name 'res' is not defined
2026-09-15 12:11:37 [INFO    ] chipify.gui_qt.controllers.simulation: SimulationController.start: corners_ngspice.yaml
2026-09-15 12:11:37 [INFO    ] chipify.gui_qt.sim_worker: SimWorker.run on thread Dummy-29
2026-09-15 12:11:37 [INFO    ] chipify.simulator: run_sim() started. Testbenches: 1
2026-09-15 12:11:37 [INFO    ] chipify.simulator: Phase 1/3: generating parameter cases...
2026-09-15 12:11:37 [INFO    ] chipify.simulator: Total cases: 270
2026-09-15 12:11:37 [INFO    ] chipify.simulator: Simulator engine(s) in use: ngspice
2026-09-15 12:11:37 [INFO    ] chipify.simulator: Phase 2/3: generating Xschem templates...
2026-09-15 12:11:37 [INFO    ] chipify.engines.xschem: run_xschem: /foss/designs/heichip/isource_beta/testbenches/xschem/tb_isource_beta_op.sch (mode=spice)
2026-09-15 12:11:37 [INFO    ] chipify.engines.xschem: Xschem env: HOME=/headless XSCHEM_SHAREDIR=None PATH=/headless/.local/bin:/foss/tools/bin:/foss/tools/sak:/usr/local/sbin:/usr/local/bin:/usr/sbin:/usr/bin:/sbin:/bin:/foss/tools/kactus2:/foss/tools/klayout:/foss/tools/osic-multitool cwd=/foss/designs/heichip/isource_beta/chipify
2026-09-15 12:11:37 [INFO    ] chipify.engines.xschem: Xschem PID=9355 cmd=xschem -n --spice -q -x -o /tmp/chipify_f828d4bc08 /foss/designs/heichip/isource_beta/testbenches/xschem/tb_isource_beta_op.sch
2026-09-15 12:11:37 [INFO    ] chipify.engines.xschem: xschem post-run scan: recent_files=['../../../../../tmp/chipify_f828d4bc08/tb_isource_beta_op.xschem.log', '../../../../../tmp/chipify_f828d4bc08/tb_isource_beta_op.spice'] netlist_files=['../../../../../tmp/chipify_f828d4bc08/tb_isource_beta_op.spice'] chosen=../../../../../tmp/chipify_f828d4bc08/tb_isource_beta_op.spice
2026-09-15 12:11:37 [INFO    ] chipify.engines.xschem: Xschem netlist generated OK (spice).
2026-09-15 12:11:37 [INFO    ] chipify.simulator: Phase 3/3: staging files to RAM disk...
2026-09-15 12:11:37 [INFO    ] chipify.engines.staging: Staging library files to RAM disk: /tmp/chipify_f828d4bc08
2026-09-15 12:11:37 [DEBUG   ] chipify.engines.staging: No tb/xschemrc to stage (looked at /foss/designs/heichip/isource_beta/chipify/../testbenches/xschem/xschemrc)
2026-09-15 12:11:37 [INFO    ] chipify.simulator: Spawning pool: 11 workers, 270 tasks.
2026-09-15 12:11:37 [DEBUG   ] chipify.simulator: Pool created (forkserver, 11 workers).
2026-09-15 12:11:37 [DEBUG   ] chipify.simulator: 90 batch tasks submitted (chunk_size=3).
2026-09-15 12:11:44 [INFO    ] chipify.simulator: Pool finished cleanly. 270 results collected.
2026-09-15 12:11:44 [INFO    ] chipify.simulator: run_sim() exited.
2026-09-15 12:11:44 [INFO    ] chipify.gui_qt.sim_worker: run_sim returned 270 rows. Saving results…
2026-09-15 12:11:44 [INFO    ] chipify.run_meta: Wrote run metadata: /foss/designs/heichip/isource_beta/chipify/out/history/run_20260915_121144.meta.json
2026-09-15 12:11:44 [INFO    ] chipify.run_meta: Wrote run metadata: /foss/designs/heichip/isource_beta/chipify/out/simulation_results.meta.json
2026-09-15 12:11:44 [DEBUG   ] chipify.expression: evaluate_dataframe_column 'iout': 'out/res' → 'out/res'
2026-09-15 12:11:44 [WARNING ] chipify.uikit.services.equations: Scalar equation 'iout' failed: name 'res' is not defined
2026-09-15 12:11:56 [INFO    ] chipify.gui_qt.controllers.simulation: SimulationController.start: corners_ngspice.yaml
2026-09-15 12:11:56 [INFO    ] chipify.gui_qt.sim_worker: SimWorker.run on thread Dummy-29
2026-09-15 12:11:56 [INFO    ] chipify.simulator: run_sim() started. Testbenches: 1
2026-09-15 12:11:56 [INFO    ] chipify.simulator: Phase 1/3: generating parameter cases...
2026-09-15 12:11:56 [INFO    ] chipify.simulator: Total cases: 270
2026-09-15 12:11:56 [INFO    ] chipify.simulator: Simulator engine(s) in use: ngspice
2026-09-15 12:11:56 [INFO    ] chipify.simulator: Phase 2/3: generating Xschem templates...
2026-09-15 12:11:56 [INFO    ] chipify.engines.xschem: run_xschem: /foss/designs/heichip/isource_beta/testbenches/xschem/tb_isource_beta_op.sch (mode=spice)
2026-09-15 12:11:56 [INFO    ] chipify.engines.xschem: Xschem env: HOME=/headless XSCHEM_SHAREDIR=None PATH=/headless/.local/bin:/foss/tools/bin:/foss/tools/sak:/usr/local/sbin:/usr/local/bin:/usr/sbin:/usr/bin:/sbin:/bin:/foss/tools/kactus2:/foss/tools/klayout:/foss/tools/osic-multitool cwd=/foss/designs/heichip/isource_beta/chipify
2026-09-15 12:11:56 [INFO    ] chipify.engines.xschem: Xschem PID=9801 cmd=xschem -n --spice -q -x -o /tmp/chipify_f828d4bc08 /foss/designs/heichip/isource_beta/testbenches/xschem/tb_isource_beta_op.sch
2026-09-15 12:11:56 [INFO    ] chipify.engines.xschem: xschem post-run scan: recent_files=['../../../../../tmp/chipify_f828d4bc08/tb_isource_beta_op.xschem.log', '../../../../../tmp/chipify_f828d4bc08/tb_isource_beta_op.spice'] netlist_files=['../../../../../tmp/chipify_f828d4bc08/tb_isource_beta_op.spice'] chosen=../../../../../tmp/chipify_f828d4bc08/tb_isource_beta_op.spice
2026-09-15 12:11:56 [INFO    ] chipify.engines.xschem: Xschem netlist generated OK (spice).
2026-09-15 12:11:56 [INFO    ] chipify.simulator: Phase 3/3: staging files to RAM disk...
2026-09-15 12:11:56 [INFO    ] chipify.engines.staging: Staging library files to RAM disk: /tmp/chipify_f828d4bc08
2026-09-15 12:11:56 [DEBUG   ] chipify.engines.staging: No tb/xschemrc to stage (looked at /foss/designs/heichip/isource_beta/chipify/../testbenches/xschem/xschemrc)
2026-09-15 12:11:56 [INFO    ] chipify.simulator: Spawning pool: 11 workers, 270 tasks.
2026-09-15 12:11:56 [DEBUG   ] chipify.simulator: Pool created (forkserver, 11 workers).
2026-09-15 12:11:56 [DEBUG   ] chipify.simulator: 90 batch tasks submitted (chunk_size=3).
2026-09-15 12:12:00 [INFO    ] chipify.simulator: Pool finished cleanly. 270 results collected.
2026-09-15 12:12:00 [INFO    ] chipify.simulator: run_sim() exited.
2026-09-15 12:12:00 [INFO    ] chipify.gui_qt.sim_worker: run_sim returned 270 rows. Saving results…
2026-09-15 12:12:00 [INFO    ] chipify.run_meta: Wrote run metadata: /foss/designs/heichip/isource_beta/chipify/out/history/run_20260915_121200.meta.json
2026-09-15 12:12:00 [INFO    ] chipify.run_meta: Wrote run metadata: /foss/designs/heichip/isource_beta/chipify/out/simulation_results.meta.json
2026-09-15 12:12:00 [DEBUG   ] chipify.expression: evaluate_dataframe_column 'iout': 'out/res' → 'out/res'
2026-09-15 12:12:00 [WARNING ] chipify.uikit.services.equations: Scalar equation 'iout' failed: name 'res' is not defined
2026-09-15 12:12:27 [INFO    ] chipify.gui_qt.controllers.simulation: SimulationController.start: corners_ngspice.yaml
2026-09-15 12:12:27 [INFO    ] chipify.gui_qt.sim_worker: SimWorker.run on thread Dummy-29
2026-09-15 12:12:27 [INFO    ] chipify.simulator: run_sim() started. Testbenches: 1
2026-09-15 12:12:27 [INFO    ] chipify.simulator: Phase 1/3: generating parameter cases...
2026-09-15 12:12:27 [INFO    ] chipify.simulator: Total cases: 270
2026-09-15 12:12:27 [INFO    ] chipify.simulator: Simulator engine(s) in use: ngspice
2026-09-15 12:12:27 [INFO    ] chipify.simulator: Phase 2/3: generating Xschem templates...
2026-09-15 12:12:27 [INFO    ] chipify.engines.xschem: run_xschem: /foss/designs/heichip/isource_beta/testbenches/xschem/tb_isource_beta_op.sch (mode=spice)
2026-09-15 12:12:27 [INFO    ] chipify.engines.xschem: Xschem env: HOME=/headless XSCHEM_SHAREDIR=None PATH=/headless/.local/bin:/foss/tools/bin:/foss/tools/sak:/usr/local/sbin:/usr/local/bin:/usr/sbin:/usr/bin:/sbin:/bin:/foss/tools/kactus2:/foss/tools/klayout:/foss/tools/osic-multitool cwd=/foss/designs/heichip/isource_beta/chipify
2026-09-15 12:12:27 [INFO    ] chipify.engines.xschem: Xschem PID=10247 cmd=xschem -n --spice -q -x -o /tmp/chipify_f828d4bc08 /foss/designs/heichip/isource_beta/testbenches/xschem/tb_isource_beta_op.sch
2026-09-15 12:12:28 [INFO    ] chipify.engines.xschem: xschem post-run scan: recent_files=['../../../../../tmp/chipify_f828d4bc08/tb_isource_beta_op.xschem.log', '../../../../../tmp/chipify_f828d4bc08/tb_isource_beta_op.spice'] netlist_files=['../../../../../tmp/chipify_f828d4bc08/tb_isource_beta_op.spice'] chosen=../../../../../tmp/chipify_f828d4bc08/tb_isource_beta_op.spice
2026-09-15 12:12:28 [INFO    ] chipify.engines.xschem: Xschem netlist generated OK (spice).
2026-09-15 12:12:28 [INFO    ] chipify.simulator: Phase 3/3: staging files to RAM disk...
2026-09-15 12:12:28 [INFO    ] chipify.engines.staging: Staging library files to RAM disk: /tmp/chipify_f828d4bc08
2026-09-15 12:12:28 [DEBUG   ] chipify.engines.staging: No tb/xschemrc to stage (looked at /foss/designs/heichip/isource_beta/chipify/../testbenches/xschem/xschemrc)
2026-09-15 12:12:28 [INFO    ] chipify.simulator: Spawning pool: 11 workers, 270 tasks.
2026-09-15 12:12:28 [DEBUG   ] chipify.simulator: Pool created (forkserver, 11 workers).
2026-09-15 12:12:28 [DEBUG   ] chipify.simulator: 90 batch tasks submitted (chunk_size=3).
2026-09-15 12:12:31 [INFO    ] chipify.simulator: Pool finished cleanly. 270 results collected.
2026-09-15 12:12:31 [INFO    ] chipify.simulator: run_sim() exited.
2026-09-15 12:12:31 [INFO    ] chipify.gui_qt.sim_worker: run_sim returned 270 rows. Saving results…
2026-09-15 12:12:31 [INFO    ] chipify.run_meta: Wrote run metadata: /foss/designs/heichip/isource_beta/chipify/out/history/run_20260915_121231.meta.json
2026-09-15 12:12:31 [INFO    ] chipify.run_meta: Wrote run metadata: /foss/designs/heichip/isource_beta/chipify/out/simulation_results.meta.json
2026-09-15 12:12:31 [DEBUG   ] chipify.expression: evaluate_dataframe_column 'iout': 'out/res' → 'out/res'
2026-09-15 12:12:31 [WARNING ] chipify.uikit.services.equations: Scalar equation 'iout' failed: name 'res' is not defined
2026-09-15 12:12:42 [INFO    ] chipify.gui_qt.controllers.simulation: SimulationController.start: corners_ngspice.yaml
2026-09-15 12:12:42 [INFO    ] chipify.gui_qt.sim_worker: SimWorker.run on thread Dummy-29
2026-09-15 12:12:42 [INFO    ] chipify.simulator: run_sim() started. Testbenches: 1
2026-09-15 12:12:42 [INFO    ] chipify.simulator: Phase 1/3: generating parameter cases...
2026-09-15 12:12:42 [INFO    ] chipify.simulator: Total cases: 270
2026-09-15 12:12:42 [INFO    ] chipify.simulator: Simulator engine(s) in use: ngspice
2026-09-15 12:12:42 [INFO    ] chipify.simulator: Phase 2/3: generating Xschem templates...
2026-09-15 12:12:42 [INFO    ] chipify.engines.xschem: run_xschem: /foss/designs/heichip/isource_beta/testbenches/xschem/tb_isource_beta_op.sch (mode=spice)
2026-09-15 12:12:42 [INFO    ] chipify.engines.xschem: Xschem env: HOME=/headless XSCHEM_SHAREDIR=None PATH=/headless/.local/bin:/foss/tools/bin:/foss/tools/sak:/usr/local/sbin:/usr/local/bin:/usr/sbin:/usr/bin:/sbin:/bin:/foss/tools/kactus2:/foss/tools/klayout:/foss/tools/osic-multitool cwd=/foss/designs/heichip/isource_beta/chipify
2026-09-15 12:12:42 [INFO    ] chipify.engines.xschem: Xschem PID=10695 cmd=xschem -n --spice -q -x -o /tmp/chipify_f828d4bc08 /foss/designs/heichip/isource_beta/testbenches/xschem/tb_isource_beta_op.sch
2026-09-15 12:12:42 [INFO    ] chipify.engines.xschem: xschem post-run scan: recent_files=['../../../../../tmp/chipify_f828d4bc08/tb_isource_beta_op.xschem.log', '../../../../../tmp/chipify_f828d4bc08/tb_isource_beta_op.spice'] netlist_files=['../../../../../tmp/chipify_f828d4bc08/tb_isource_beta_op.spice'] chosen=../../../../../tmp/chipify_f828d4bc08/tb_isource_beta_op.spice
2026-09-15 12:12:42 [INFO    ] chipify.engines.xschem: Xschem netlist generated OK (spice).
2026-09-15 12:12:42 [INFO    ] chipify.simulator: Phase 3/3: staging files to RAM disk...
2026-09-15 12:12:42 [INFO    ] chipify.engines.staging: Staging library files to RAM disk: /tmp/chipify_f828d4bc08
2026-09-15 12:12:42 [DEBUG   ] chipify.engines.staging: No tb/xschemrc to stage (looked at /foss/designs/heichip/isource_beta/chipify/../testbenches/xschem/xschemrc)
2026-09-15 12:12:42 [INFO    ] chipify.simulator: Spawning pool: 11 workers, 270 tasks.
2026-09-15 12:12:42 [DEBUG   ] chipify.simulator: Pool created (forkserver, 11 workers).
2026-09-15 12:12:42 [DEBUG   ] chipify.simulator: 90 batch tasks submitted (chunk_size=3).
2026-09-15 12:12:49 [INFO    ] chipify.simulator: Pool finished cleanly. 270 results collected.
2026-09-15 12:12:49 [INFO    ] chipify.simulator: run_sim() exited.
2026-09-15 12:12:49 [INFO    ] chipify.gui_qt.sim_worker: run_sim returned 270 rows. Saving results…
2026-09-15 12:12:49 [INFO    ] chipify.run_meta: Wrote run metadata: /foss/designs/heichip/isource_beta/chipify/out/history/run_20260915_121249.meta.json
2026-09-15 12:12:49 [INFO    ] chipify.run_meta: Wrote run metadata: /foss/designs/heichip/isource_beta/chipify/out/simulation_results.meta.json
2026-09-15 12:12:49 [DEBUG   ] chipify.expression: evaluate_dataframe_column 'iout': 'out/res' → 'out/res'
2026-09-15 12:12:49 [WARNING ] chipify.uikit.services.equations: Scalar equation 'iout' failed: name 'res' is not defined
2026-09-15 12:13:55 [INFO    ] chipify.gui_qt.controllers.simulation: SimulationController.start: corners_ngspice.yaml
2026-09-15 12:13:55 [INFO    ] chipify.gui_qt.sim_worker: SimWorker.run on thread Dummy-29
2026-09-15 12:13:55 [INFO    ] chipify.simulator: run_sim() started. Testbenches: 1
2026-09-15 12:13:55 [INFO    ] chipify.simulator: Phase 1/3: generating parameter cases...
2026-09-15 12:13:55 [INFO    ] chipify.simulator: Total cases: 270
2026-09-15 12:13:55 [INFO    ] chipify.simulator: Simulator engine(s) in use: ngspice
2026-09-15 12:13:55 [INFO    ] chipify.simulator: Phase 2/3: generating Xschem templates...
2026-09-15 12:13:55 [INFO    ] chipify.engines.xschem: run_xschem: /foss/designs/heichip/isource_beta/testbenches/xschem/tb_isource_beta_op.sch (mode=spice)
2026-09-15 12:13:55 [INFO    ] chipify.engines.xschem: Xschem env: HOME=/headless XSCHEM_SHAREDIR=None PATH=/headless/.local/bin:/foss/tools/bin:/foss/tools/sak:/usr/local/sbin:/usr/local/bin:/usr/sbin:/usr/bin:/sbin:/bin:/foss/tools/kactus2:/foss/tools/klayout:/foss/tools/osic-multitool cwd=/foss/designs/heichip/isource_beta/chipify
2026-09-15 12:13:55 [INFO    ] chipify.engines.xschem: Xschem PID=11143 cmd=xschem -n --spice -q -x -o /tmp/chipify_f828d4bc08 /foss/designs/heichip/isource_beta/testbenches/xschem/tb_isource_beta_op.sch
2026-09-15 12:13:55 [INFO    ] chipify.engines.xschem: xschem post-run scan: recent_files=['../../../../../tmp/chipify_f828d4bc08/tb_isource_beta_op.xschem.log', '../../../../../tmp/chipify_f828d4bc08/tb_isource_beta_op.spice'] netlist_files=['../../../../../tmp/chipify_f828d4bc08/tb_isource_beta_op.spice'] chosen=../../../../../tmp/chipify_f828d4bc08/tb_isource_beta_op.spice
2026-09-15 12:13:55 [INFO    ] chipify.engines.xschem: Xschem netlist generated OK (spice).
2026-09-15 12:13:55 [INFO    ] chipify.simulator: Phase 3/3: staging files to RAM disk...
2026-09-15 12:13:55 [INFO    ] chipify.engines.staging: Staging library files to RAM disk: /tmp/chipify_f828d4bc08
2026-09-15 12:13:55 [DEBUG   ] chipify.engines.staging: No tb/xschemrc to stage (looked at /foss/designs/heichip/isource_beta/chipify/../testbenches/xschem/xschemrc)
2026-09-15 12:13:55 [INFO    ] chipify.simulator: Spawning pool: 11 workers, 270 tasks.
2026-09-15 12:13:55 [DEBUG   ] chipify.simulator: Pool created (forkserver, 11 workers).
2026-09-15 12:13:55 [DEBUG   ] chipify.simulator: 90 batch tasks submitted (chunk_size=3).
2026-09-15 12:13:59 [INFO    ] chipify.simulator: Pool finished cleanly. 270 results collected.
2026-09-15 12:13:59 [INFO    ] chipify.simulator: run_sim() exited.
2026-09-15 12:13:59 [INFO    ] chipify.gui_qt.sim_worker: run_sim returned 270 rows. Saving results…
2026-09-15 12:13:59 [INFO    ] chipify.run_meta: Wrote run metadata: /foss/designs/heichip/isource_beta/chipify/out/history/run_20260915_121359.meta.json
2026-09-15 12:13:59 [INFO    ] chipify.run_meta: Wrote run metadata: /foss/designs/heichip/isource_beta/chipify/out/simulation_results.meta.json
2026-09-15 12:13:59 [DEBUG   ] chipify.expression: evaluate_dataframe_column 'iout': 'out/res' → 'out/res'
2026-09-15 12:13:59 [WARNING ] chipify.uikit.services.equations: Scalar equation 'iout' failed: name 'res' is not defined
2026-09-15 12:14:46 [INFO    ] chipify.gui_qt.controllers.simulation: SimulationController.start: corners_ngspice.yaml
2026-09-15 12:14:46 [INFO    ] chipify.gui_qt.sim_worker: SimWorker.run on thread Dummy-1
2026-09-15 12:14:46 [INFO    ] chipify.simulator: run_sim() started. Testbenches: 1
2026-09-15 12:14:46 [INFO    ] chipify.simulator: Phase 1/3: generating parameter cases...
2026-09-15 12:14:46 [INFO    ] chipify.simulator: Total cases: 270
2026-09-15 12:14:46 [INFO    ] chipify.simulator: Simulator engine(s) in use: ngspice
2026-09-15 12:14:46 [INFO    ] chipify.simulator: Phase 2/3: generating Xschem templates...
2026-09-15 12:14:46 [INFO    ] chipify.engines.xschem: run_xschem: /foss/designs/heichip/isource_beta/testbenches/xschem/tb_isource_beta_op.sch (mode=spice)
2026-09-15 12:14:46 [INFO    ] chipify.engines.xschem: Xschem env: HOME=/headless XSCHEM_SHAREDIR=None PATH=/headless/.local/bin:/foss/tools/bin:/foss/tools/sak:/usr/local/sbin:/usr/local/bin:/usr/sbin:/usr/bin:/sbin:/bin:/foss/tools/kactus2:/foss/tools/klayout:/foss/tools/osic-multitool cwd=/foss/designs/heichip/isource_beta/chipify
2026-09-15 12:14:46 [INFO    ] chipify.engines.xschem: Xschem PID=11611 cmd=xschem -n --spice -q -x -o /tmp/chipify_f828d4bc08 /foss/designs/heichip/isource_beta/testbenches/xschem/tb_isource_beta_op.sch
2026-09-15 12:14:47 [INFO    ] chipify.engines.xschem: xschem post-run scan: recent_files=['../../../../../tmp/chipify_f828d4bc08/tb_isource_beta_op.xschem.log', '../../../../../tmp/chipify_f828d4bc08/tb_isource_beta_op.spice'] netlist_files=['../../../../../tmp/chipify_f828d4bc08/tb_isource_beta_op.spice'] chosen=../../../../../tmp/chipify_f828d4bc08/tb_isource_beta_op.spice
2026-09-15 12:14:47 [INFO    ] chipify.engines.xschem: Xschem netlist generated OK (spice).
2026-09-15 12:14:47 [INFO    ] chipify.simulator: Phase 3/3: staging files to RAM disk...
2026-09-15 12:14:47 [INFO    ] chipify.engines.staging: Staging library files to RAM disk: /tmp/chipify_f828d4bc08
2026-09-15 12:14:47 [DEBUG   ] chipify.engines.staging: No tb/xschemrc to stage (looked at /foss/designs/heichip/isource_beta/chipify/../testbenches/xschem/xschemrc)
2026-09-15 12:14:47 [INFO    ] chipify.simulator: Spawning pool: 11 workers, 270 tasks.
2026-09-15 12:14:47 [DEBUG   ] chipify.simulator: Pool created (forkserver, 11 workers).
2026-09-15 12:14:47 [DEBUG   ] chipify.simulator: 90 batch tasks submitted (chunk_size=3).
2026-09-15 12:14:51 [INFO    ] chipify.simulator: Pool finished cleanly. 270 results collected.
2026-09-15 12:14:51 [INFO    ] chipify.simulator: run_sim() exited.
2026-09-15 12:14:51 [INFO    ] chipify.gui_qt.sim_worker: run_sim returned 270 rows. Saving results…
2026-09-15 12:14:51 [INFO    ] chipify.run_meta: Wrote run metadata: /foss/designs/heichip/isource_beta/chipify/out/history/run_20260915_121451.meta.json
2026-09-15 12:14:51 [INFO    ] chipify.run_meta: Wrote run metadata: /foss/designs/heichip/isource_beta/chipify/out/simulation_results.meta.json
2026-09-15 12:14:51 [DEBUG   ] chipify.expression: evaluate_dataframe_column 'iout': 'out/res' → 'out/res'
2026-09-15 12:14:51 [WARNING ] chipify.uikit.services.equations: Scalar equation 'iout' failed: name 'res' is not defined
2026-09-15 12:15:38 [INFO    ] chipify.gui_qt.controllers.simulation: SimulationController.start: corners_ngspice.yaml
2026-09-15 12:15:38 [INFO    ] chipify.gui_qt.sim_worker: SimWorker.run on thread Dummy-73
2026-09-15 12:15:38 [INFO    ] chipify.simulator: run_sim() started. Testbenches: 1
2026-09-15 12:15:38 [INFO    ] chipify.simulator: Phase 1/3: generating parameter cases...
2026-09-15 12:15:38 [INFO    ] chipify.simulator: Total cases: 270
2026-09-15 12:15:38 [INFO    ] chipify.simulator: Simulator engine(s) in use: ngspice
2026-09-15 12:15:38 [INFO    ] chipify.simulator: Phase 2/3: generating Xschem templates...
2026-09-15 12:15:38 [INFO    ] chipify.engines.xschem: run_xschem: /foss/designs/heichip/isource_beta/testbenches/xschem/tb_isource_beta_op.sch (mode=spice)
2026-09-15 12:15:38 [INFO    ] chipify.engines.xschem: Xschem env: HOME=/headless XSCHEM_SHAREDIR=None PATH=/headless/.local/bin:/foss/tools/bin:/foss/tools/sak:/usr/local/sbin:/usr/local/bin:/usr/sbin:/usr/bin:/sbin:/bin:/foss/tools/kactus2:/foss/tools/klayout:/foss/tools/osic-multitool cwd=/foss/designs/heichip/isource_beta/chipify
2026-09-15 12:15:38 [INFO    ] chipify.engines.xschem: Xschem PID=12077 cmd=xschem -n --spice -q -x -o /tmp/chipify_f828d4bc08 /foss/designs/heichip/isource_beta/testbenches/xschem/tb_isource_beta_op.sch
2026-09-15 12:15:39 [INFO    ] chipify.engines.xschem: xschem post-run scan: recent_files=['../../../../../tmp/chipify_f828d4bc08/tb_isource_beta_op.xschem.log', '../../../../../tmp/chipify_f828d4bc08/tb_isource_beta_op.spice'] netlist_files=['../../../../../tmp/chipify_f828d4bc08/tb_isource_beta_op.spice'] chosen=../../../../../tmp/chipify_f828d4bc08/tb_isource_beta_op.spice
2026-09-15 12:15:39 [INFO    ] chipify.engines.xschem: Xschem netlist generated OK (spice).
2026-09-15 12:15:39 [INFO    ] chipify.simulator: Phase 3/3: staging files to RAM disk...
2026-09-15 12:15:39 [INFO    ] chipify.engines.staging: Staging library files to RAM disk: /tmp/chipify_f828d4bc08
2026-09-15 12:15:39 [DEBUG   ] chipify.engines.staging: No tb/xschemrc to stage (looked at /foss/designs/heichip/isource_beta/chipify/../testbenches/xschem/xschemrc)
2026-09-15 12:15:39 [INFO    ] chipify.simulator: Spawning pool: 11 workers, 270 tasks.
2026-09-15 12:15:39 [DEBUG   ] chipify.simulator: Pool created (forkserver, 11 workers).
2026-09-15 12:15:39 [DEBUG   ] chipify.simulator: 90 batch tasks submitted (chunk_size=3).
2026-09-15 12:15:42 [INFO    ] chipify.simulator: Pool finished cleanly. 270 results collected.
2026-09-15 12:15:42 [INFO    ] chipify.simulator: run_sim() exited.
2026-09-15 12:15:42 [INFO    ] chipify.gui_qt.sim_worker: run_sim returned 270 rows. Saving results…
2026-09-15 12:15:42 [INFO    ] chipify.run_meta: Wrote run metadata: /foss/designs/heichip/isource_beta/chipify/out/history/run_20260915_121542.meta.json
2026-09-15 12:15:42 [INFO    ] chipify.run_meta: Wrote run metadata: /foss/designs/heichip/isource_beta/chipify/out/simulation_results.meta.json
2026-09-15 12:15:42 [DEBUG   ] chipify.expression: evaluate_dataframe_column 'iout': 'out/res' → 'out/res'
2026-09-15 12:15:42 [WARNING ] chipify.uikit.services.equations: Scalar equation 'iout' failed: name 'res' is not defined
2026-09-15 12:22:18 [INFO    ] chipify.gui_qt.controllers.simulation: SimulationController.start: corners_ngspice.yaml
2026-09-15 12:22:18 [INFO    ] chipify.gui_qt.sim_worker: SimWorker.run on thread Dummy-73
2026-09-15 12:22:18 [INFO    ] chipify.simulator: run_sim() started. Testbenches: 1
2026-09-15 12:22:18 [INFO    ] chipify.simulator: Phase 1/3: generating parameter cases...
2026-09-15 12:22:18 [INFO    ] chipify.simulator: Total cases: 270
2026-09-15 12:22:18 [INFO    ] chipify.simulator: Simulator engine(s) in use: ngspice
2026-09-15 12:22:18 [INFO    ] chipify.simulator: Phase 2/3: generating Xschem templates...
2026-09-15 12:22:18 [INFO    ] chipify.engines.xschem: run_xschem: /foss/designs/heichip/isource_beta/testbenches/xschem/tb_isource_beta_op.sch (mode=spice)
2026-09-15 12:22:18 [INFO    ] chipify.engines.xschem: Xschem env: HOME=/headless XSCHEM_SHAREDIR=None PATH=/headless/.local/bin:/foss/tools/bin:/foss/tools/sak:/usr/local/sbin:/usr/local/bin:/usr/sbin:/usr/bin:/sbin:/bin:/foss/tools/kactus2:/foss/tools/klayout:/foss/tools/osic-multitool cwd=/foss/designs/heichip/isource_beta/chipify
2026-09-15 12:22:18 [INFO    ] chipify.engines.xschem: Xschem PID=12527 cmd=xschem -n --spice -q -x -o /tmp/chipify_f828d4bc08 /foss/designs/heichip/isource_beta/testbenches/xschem/tb_isource_beta_op.sch
2026-09-15 12:22:18 [INFO    ] chipify.engines.xschem: xschem post-run scan: recent_files=['../../../../../tmp/chipify_f828d4bc08/tb_isource_beta_op.xschem.log', '../../../../../tmp/chipify_f828d4bc08/tb_isource_beta_op.spice'] netlist_files=['../../../../../tmp/chipify_f828d4bc08/tb_isource_beta_op.spice'] chosen=../../../../../tmp/chipify_f828d4bc08/tb_isource_beta_op.spice
2026-09-15 12:22:18 [INFO    ] chipify.engines.xschem: Xschem netlist generated OK (spice).
2026-09-15 12:22:18 [INFO    ] chipify.simulator: Phase 3/3: staging files to RAM disk...
2026-09-15 12:22:18 [INFO    ] chipify.engines.staging: Staging library files to RAM disk: /tmp/chipify_f828d4bc08
2026-09-15 12:22:18 [DEBUG   ] chipify.engines.staging: No tb/xschemrc to stage (looked at /foss/designs/heichip/isource_beta/chipify/../testbenches/xschem/xschemrc)
2026-09-15 12:22:18 [INFO    ] chipify.simulator: Spawning pool: 11 workers, 270 tasks.
2026-09-15 12:22:18 [DEBUG   ] chipify.simulator: Pool created (forkserver, 11 workers).
2026-09-15 12:22:18 [DEBUG   ] chipify.simulator: 90 batch tasks submitted (chunk_size=3).
2026-09-15 12:22:22 [INFO    ] chipify.simulator: Pool finished cleanly. 270 results collected.
2026-09-15 12:22:22 [INFO    ] chipify.simulator: run_sim() exited.
2026-09-15 12:22:22 [INFO    ] chipify.gui_qt.sim_worker: run_sim returned 270 rows. Saving results…
2026-09-15 12:22:22 [INFO    ] chipify.run_meta: Wrote run metadata: /foss/designs/heichip/isource_beta/chipify/out/history/run_20260915_122222.meta.json
2026-09-15 12:22:22 [INFO    ] chipify.run_meta: Wrote run metadata: /foss/designs/heichip/isource_beta/chipify/out/simulation_results.meta.json
2026-09-15 12:22:22 [DEBUG   ] chipify.expression: evaluate_dataframe_column 'iout': 'out/res' → 'out/res'
2026-09-15 12:22:22 [WARNING ] chipify.uikit.services.equations: Scalar equation 'iout' failed: name 'res' is not defined
2026-09-15 12:22:41 [INFO    ] chipify.gui_qt.controllers.simulation: SimulationController.start: corners_ngspice.yaml
2026-09-15 12:22:41 [INFO    ] chipify.gui_qt.sim_worker: SimWorker.run on thread Dummy-29
2026-09-15 12:22:41 [INFO    ] chipify.simulator: run_sim() started. Testbenches: 1
2026-09-15 12:22:41 [INFO    ] chipify.simulator: Phase 1/3: generating parameter cases...
2026-09-15 12:22:41 [INFO    ] chipify.simulator: Total cases: 270
2026-09-15 12:22:41 [INFO    ] chipify.simulator: Simulator engine(s) in use: ngspice
2026-09-15 12:22:41 [INFO    ] chipify.simulator: Phase 2/3: generating Xschem templates...
2026-09-15 12:22:41 [INFO    ] chipify.engines.xschem: run_xschem: /foss/designs/heichip/isource_beta/testbenches/xschem/tb_isource_beta_op.sch (mode=spice)
2026-09-15 12:22:41 [INFO    ] chipify.engines.xschem: Xschem env: HOME=/headless XSCHEM_SHAREDIR=None PATH=/headless/.local/bin:/foss/tools/bin:/foss/tools/sak:/usr/local/sbin:/usr/local/bin:/usr/sbin:/usr/bin:/sbin:/bin:/foss/tools/kactus2:/foss/tools/klayout:/foss/tools/osic-multitool cwd=/foss/designs/heichip/isource_beta/chipify
2026-09-15 12:22:41 [INFO    ] chipify.engines.xschem: Xschem PID=12981 cmd=xschem -n --spice -q -x -o /tmp/chipify_f828d4bc08 /foss/designs/heichip/isource_beta/testbenches/xschem/tb_isource_beta_op.sch
2026-09-15 12:22:41 [INFO    ] chipify.engines.xschem: xschem post-run scan: recent_files=['../../../../../tmp/chipify_f828d4bc08/tb_isource_beta_op.xschem.log', '../../../../../tmp/chipify_f828d4bc08/tb_isource_beta_op.spice'] netlist_files=['../../../../../tmp/chipify_f828d4bc08/tb_isource_beta_op.spice'] chosen=../../../../../tmp/chipify_f828d4bc08/tb_isource_beta_op.spice
2026-09-15 12:22:41 [INFO    ] chipify.engines.xschem: Xschem netlist generated OK (spice).
2026-09-15 12:22:41 [INFO    ] chipify.simulator: Phase 3/3: staging files to RAM disk...
2026-09-15 12:22:41 [INFO    ] chipify.engines.staging: Staging library files to RAM disk: /tmp/chipify_f828d4bc08
2026-09-15 12:22:41 [DEBUG   ] chipify.engines.staging: No tb/xschemrc to stage (looked at /foss/designs/heichip/isource_beta/chipify/../testbenches/xschem/xschemrc)
2026-09-15 12:22:41 [INFO    ] chipify.simulator: Spawning pool: 11 workers, 270 tasks.
2026-09-15 12:22:41 [DEBUG   ] chipify.simulator: Pool created (forkserver, 11 workers).
2026-09-15 12:22:41 [DEBUG   ] chipify.simulator: 90 batch tasks submitted (chunk_size=3).
2026-09-15 12:22:45 [INFO    ] chipify.simulator: Pool finished cleanly. 270 results collected.
2026-09-15 12:22:45 [INFO    ] chipify.simulator: run_sim() exited.
2026-09-15 12:22:45 [INFO    ] chipify.gui_qt.sim_worker: run_sim returned 270 rows. Saving results…
2026-09-15 12:22:45 [INFO    ] chipify.run_meta: Wrote run metadata: /foss/designs/heichip/isource_beta/chipify/out/history/run_20260915_122245.meta.json
2026-09-15 12:22:45 [INFO    ] chipify.run_meta: Wrote run metadata: /foss/designs/heichip/isource_beta/chipify/out/simulation_results.meta.json
2026-09-15 12:22:45 [DEBUG   ] chipify.expression: evaluate_dataframe_column 'iout': 'out/res' → 'out/res'
2026-09-15 12:22:45 [WARNING ] chipify.uikit.services.equations: Scalar equation 'iout' failed: name 'res' is not defined
2026-09-15 12:48:26 [INFO    ] chipify.gui_qt.controllers.simulation: SimulationController.start: corners_ngspice.yaml
2026-09-15 12:48:26 [INFO    ] chipify.gui_qt.sim_worker: SimWorker.run on thread Dummy-110
2026-09-15 12:48:26 [INFO    ] chipify.simulator: run_sim() started. Testbenches: 1
2026-09-15 12:48:26 [INFO    ] chipify.simulator: Phase 1/3: generating parameter cases...
2026-09-15 12:48:26 [INFO    ] chipify.simulator: Total cases: 270
2026-09-15 12:48:26 [INFO    ] chipify.simulator: Simulator engine(s) in use: ngspice
2026-09-15 12:48:26 [INFO    ] chipify.simulator: Phase 2/3: generating Xschem templates...
2026-09-15 12:48:26 [INFO    ] chipify.engines.xschem: run_xschem: /foss/designs/heichip/isource_beta/testbenches/xschem/tb_isource_beta_op.sch (mode=spice)
2026-09-15 12:48:26 [INFO    ] chipify.engines.xschem: Xschem env: HOME=/headless XSCHEM_SHAREDIR=None PATH=/headless/.local/bin:/foss/tools/bin:/foss/tools/sak:/usr/local/sbin:/usr/local/bin:/usr/sbin:/usr/bin:/sbin:/bin:/foss/tools/kactus2:/foss/tools/klayout:/foss/tools/osic-multitool cwd=/foss/designs/heichip/isource_beta/chipify
2026-09-15 12:48:26 [INFO    ] chipify.engines.xschem: Xschem PID=13905 cmd=xschem -n --spice -q -x -o /tmp/chipify_f828d4bc08 /foss/designs/heichip/isource_beta/testbenches/xschem/tb_isource_beta_op.sch
2026-09-15 12:48:26 [INFO    ] chipify.engines.xschem: xschem post-run scan: recent_files=['../../../../../tmp/chipify_f828d4bc08/tb_isource_beta_op.xschem.log', '../../../../../tmp/chipify_f828d4bc08/tb_isource_beta_op.spice'] netlist_files=['../../../../../tmp/chipify_f828d4bc08/tb_isource_beta_op.spice'] chosen=../../../../../tmp/chipify_f828d4bc08/tb_isource_beta_op.spice
2026-09-15 12:48:26 [INFO    ] chipify.engines.xschem: Xschem netlist generated OK (spice).
2026-09-15 12:48:26 [INFO    ] chipify.simulator: Phase 3/3: staging files to RAM disk...
2026-09-15 12:48:26 [INFO    ] chipify.engines.staging: Staging library files to RAM disk: /tmp/chipify_f828d4bc08
2026-09-15 12:48:26 [DEBUG   ] chipify.engines.staging: No tb/xschemrc to stage (looked at /foss/designs/heichip/isource_beta/chipify/../testbenches/xschem/xschemrc)
2026-09-15 12:48:26 [INFO    ] chipify.simulator: Spawning pool: 11 workers, 270 tasks.
2026-09-15 12:48:26 [DEBUG   ] chipify.simulator: Pool created (forkserver, 11 workers).
2026-09-15 12:48:26 [DEBUG   ] chipify.simulator: 90 batch tasks submitted (chunk_size=3).
2026-09-15 12:48:30 [INFO    ] chipify.simulator: Pool finished cleanly. 270 results collected.
2026-09-15 12:48:30 [INFO    ] chipify.simulator: run_sim() exited.
2026-09-15 12:48:30 [INFO    ] chipify.gui_qt.sim_worker: run_sim returned 270 rows. Saving results…
2026-09-15 12:48:31 [INFO    ] chipify.run_meta: Wrote run metadata: /foss/designs/heichip/isource_beta/chipify/out/history/run_20260915_124831.meta.json
2026-09-15 12:48:31 [INFO    ] chipify.run_meta: Wrote run metadata: /foss/designs/heichip/isource_beta/chipify/out/simulation_results.meta.json
2026-09-15 12:48:31 [DEBUG   ] chipify.expression: evaluate_dataframe_column 'iout': 'out/res' → 'out/res'
2026-09-15 12:48:31 [WARNING ] chipify.uikit.services.equations: Scalar equation 'iout' failed: name 'res' is not defined
2026-09-15 12:49:00 [INFO    ] chipify.gui_qt.controllers.simulation: SimulationController.start: corners_ngspice.yaml
2026-09-15 12:49:01 [INFO    ] chipify.gui_qt.sim_worker: SimWorker.run on thread Dummy-110
2026-09-15 12:49:01 [INFO    ] chipify.simulator: run_sim() started. Testbenches: 1
2026-09-15 12:49:01 [INFO    ] chipify.simulator: Phase 1/3: generating parameter cases...
2026-09-15 12:49:01 [INFO    ] chipify.simulator: Total cases: 270
2026-09-15 12:49:01 [INFO    ] chipify.simulator: Simulator engine(s) in use: ngspice
2026-09-15 12:49:01 [INFO    ] chipify.simulator: Phase 2/3: generating Xschem templates...
2026-09-15 12:49:01 [INFO    ] chipify.engines.xschem: run_xschem: /foss/designs/heichip/isource_beta/testbenches/xschem/tb_isource_beta_op.sch (mode=spice)
2026-09-15 12:49:01 [INFO    ] chipify.engines.xschem: Xschem env: HOME=/headless XSCHEM_SHAREDIR=None PATH=/headless/.local/bin:/foss/tools/bin:/foss/tools/sak:/usr/local/sbin:/usr/local/bin:/usr/sbin:/usr/bin:/sbin:/bin:/foss/tools/kactus2:/foss/tools/klayout:/foss/tools/osic-multitool cwd=/foss/designs/heichip/isource_beta/chipify
2026-09-15 12:49:01 [INFO    ] chipify.engines.xschem: Xschem PID=14353 cmd=xschem -n --spice -q -x -o /tmp/chipify_f828d4bc08 /foss/designs/heichip/isource_beta/testbenches/xschem/tb_isource_beta_op.sch
2026-09-15 12:49:01 [INFO    ] chipify.engines.xschem: xschem post-run scan: recent_files=['../../../../../tmp/chipify_f828d4bc08/tb_isource_beta_op.xschem.log', '../../../../../tmp/chipify_f828d4bc08/tb_isource_beta_op.spice'] netlist_files=['../../../../../tmp/chipify_f828d4bc08/tb_isource_beta_op.spice'] chosen=../../../../../tmp/chipify_f828d4bc08/tb_isource_beta_op.spice
2026-09-15 12:49:01 [INFO    ] chipify.engines.xschem: Xschem netlist generated OK (spice).
2026-09-15 12:49:01 [INFO    ] chipify.simulator: Phase 3/3: staging files to RAM disk...
2026-09-15 12:49:01 [INFO    ] chipify.engines.staging: Staging library files to RAM disk: /tmp/chipify_f828d4bc08
2026-09-15 12:49:01 [DEBUG   ] chipify.engines.staging: No tb/xschemrc to stage (looked at /foss/designs/heichip/isource_beta/chipify/../testbenches/xschem/xschemrc)
2026-09-15 12:49:01 [INFO    ] chipify.simulator: Spawning pool: 11 workers, 270 tasks.
2026-09-15 12:49:01 [DEBUG   ] chipify.simulator: Pool created (forkserver, 11 workers).
2026-09-15 12:49:01 [DEBUG   ] chipify.simulator: 90 batch tasks submitted (chunk_size=3).
2026-09-15 12:49:06 [INFO    ] chipify.simulator: Pool finished cleanly. 270 results collected.
2026-09-15 12:49:06 [INFO    ] chipify.simulator: run_sim() exited.
2026-09-15 12:49:06 [INFO    ] chipify.gui_qt.sim_worker: run_sim returned 270 rows. Saving results…
2026-09-15 12:49:06 [INFO    ] chipify.run_meta: Wrote run metadata: /foss/designs/heichip/isource_beta/chipify/out/history/run_20260915_124906.meta.json
2026-09-15 12:49:06 [INFO    ] chipify.run_meta: Wrote run metadata: /foss/designs/heichip/isource_beta/chipify/out/simulation_results.meta.json
2026-09-15 12:49:06 [DEBUG   ] chipify.expression: evaluate_dataframe_column 'iout': 'out/res' → 'out/res'
2026-09-15 12:49:06 [WARNING ] chipify.uikit.services.equations: Scalar equation 'iout' failed: name 'res' is not defined
2026-09-15 12:56:27 [INFO    ] chipify.gui_qt.controllers.simulation: SimulationController.start: corners_ngspice.yaml
2026-09-15 12:56:27 [INFO    ] chipify.gui_qt.sim_worker: SimWorker.run on thread Dummy-29
2026-09-15 12:56:27 [INFO    ] chipify.simulator: run_sim() started. Testbenches: 1
2026-09-15 12:56:27 [INFO    ] chipify.simulator: Phase 1/3: generating parameter cases...
2026-09-15 12:56:27 [INFO    ] chipify.simulator: Total cases: 270
2026-09-15 12:56:27 [INFO    ] chipify.simulator: Simulator engine(s) in use: ngspice
2026-09-15 12:56:27 [INFO    ] chipify.simulator: Phase 2/3: generating Xschem templates...
2026-09-15 12:56:27 [INFO    ] chipify.engines.xschem: run_xschem: /foss/designs/heichip/isource_beta/testbenches/xschem/tb_isource_beta_op.sch (mode=spice)
2026-09-15 12:56:27 [INFO    ] chipify.engines.xschem: Xschem env: HOME=/headless XSCHEM_SHAREDIR=None PATH=/headless/.local/bin:/foss/tools/bin:/foss/tools/sak:/usr/local/sbin:/usr/local/bin:/usr/sbin:/usr/bin:/sbin:/bin:/foss/tools/kactus2:/foss/tools/klayout:/foss/tools/osic-multitool cwd=/foss/designs/heichip/isource_beta/chipify
2026-09-15 12:56:27 [INFO    ] chipify.engines.xschem: Xschem PID=14831 cmd=xschem -n --spice -q -x -o /tmp/chipify_f828d4bc08 /foss/designs/heichip/isource_beta/testbenches/xschem/tb_isource_beta_op.sch
2026-09-15 12:56:28 [INFO    ] chipify.engines.xschem: xschem post-run scan: recent_files=['../../../../../tmp/chipify_f828d4bc08/tb_isource_beta_op.xschem.log', '../../../../../tmp/chipify_f828d4bc08/tb_isource_beta_op.spice'] netlist_files=['../../../../../tmp/chipify_f828d4bc08/tb_isource_beta_op.spice'] chosen=../../../../../tmp/chipify_f828d4bc08/tb_isource_beta_op.spice
2026-09-15 12:56:28 [INFO    ] chipify.engines.xschem: Xschem netlist generated OK (spice).
2026-09-15 12:56:28 [INFO    ] chipify.simulator: Phase 3/3: staging files to RAM disk...
2026-09-15 12:56:28 [INFO    ] chipify.engines.staging: Staging library files to RAM disk: /tmp/chipify_f828d4bc08
2026-09-15 12:56:28 [DEBUG   ] chipify.engines.staging: No tb/xschemrc to stage (looked at /foss/designs/heichip/isource_beta/chipify/../testbenches/xschem/xschemrc)
2026-09-15 12:56:28 [INFO    ] chipify.simulator: Spawning pool: 11 workers, 270 tasks.
2026-09-15 12:56:28 [DEBUG   ] chipify.simulator: Pool created (forkserver, 11 workers).
2026-09-15 12:56:28 [DEBUG   ] chipify.simulator: 90 batch tasks submitted (chunk_size=3).
2026-09-15 12:56:32 [INFO    ] chipify.simulator: Pool finished cleanly. 270 results collected.
2026-09-15 12:56:32 [INFO    ] chipify.simulator: run_sim() exited.
2026-09-15 12:56:32 [INFO    ] chipify.gui_qt.sim_worker: run_sim returned 270 rows. Saving results…
2026-09-15 12:56:32 [INFO    ] chipify.run_meta: Wrote run metadata: /foss/designs/heichip/isource_beta/chipify/out/history/run_20260915_125632.meta.json
2026-09-15 12:56:32 [INFO    ] chipify.run_meta: Wrote run metadata: /foss/designs/heichip/isource_beta/chipify/out/simulation_results.meta.json
2026-09-15 12:56:32 [DEBUG   ] chipify.expression: evaluate_dataframe_column 'iout': 'out/res' → 'out/res'
2026-09-15 12:56:32 [WARNING ] chipify.uikit.services.equations: Scalar equation 'iout' failed: name 'res' is not defined
2026-09-15 12:56:57 [INFO    ] chipify.gui_qt.controllers.simulation: SimulationController.start: corners_ngspice.yaml
2026-09-15 12:56:57 [INFO    ] chipify.gui_qt.sim_worker: SimWorker.run on thread Dummy-29
2026-09-15 12:56:57 [INFO    ] chipify.simulator: run_sim() started. Testbenches: 1
2026-09-15 12:56:57 [INFO    ] chipify.simulator: Phase 1/3: generating parameter cases...
2026-09-15 12:56:57 [INFO    ] chipify.simulator: Total cases: 270
2026-09-15 12:56:57 [INFO    ] chipify.simulator: Simulator engine(s) in use: ngspice
2026-09-15 12:56:57 [INFO    ] chipify.simulator: Phase 2/3: generating Xschem templates...
2026-09-15 12:56:57 [INFO    ] chipify.engines.xschem: run_xschem: /foss/designs/heichip/isource_beta/testbenches/xschem/tb_isource_beta_op.sch (mode=spice)
2026-09-15 12:56:57 [INFO    ] chipify.engines.xschem: Xschem env: HOME=/headless XSCHEM_SHAREDIR=None PATH=/headless/.local/bin:/foss/tools/bin:/foss/tools/sak:/usr/local/sbin:/usr/local/bin:/usr/sbin:/usr/bin:/sbin:/bin:/foss/tools/kactus2:/foss/tools/klayout:/foss/tools/osic-multitool cwd=/foss/designs/heichip/isource_beta/chipify
2026-09-15 12:56:57 [INFO    ] chipify.engines.xschem: Xschem PID=15277 cmd=xschem -n --spice -q -x -o /tmp/chipify_f828d4bc08 /foss/designs/heichip/isource_beta/testbenches/xschem/tb_isource_beta_op.sch
2026-09-15 12:56:57 [INFO    ] chipify.engines.xschem: xschem post-run scan: recent_files=['../../../../../tmp/chipify_f828d4bc08/tb_isource_beta_op.xschem.log', '../../../../../tmp/chipify_f828d4bc08/tb_isource_beta_op.spice'] netlist_files=['../../../../../tmp/chipify_f828d4bc08/tb_isource_beta_op.spice'] chosen=../../../../../tmp/chipify_f828d4bc08/tb_isource_beta_op.spice
2026-09-15 12:56:57 [INFO    ] chipify.engines.xschem: Xschem netlist generated OK (spice).
2026-09-15 12:56:57 [INFO    ] chipify.simulator: Phase 3/3: staging files to RAM disk...
2026-09-15 12:56:57 [INFO    ] chipify.engines.staging: Staging library files to RAM disk: /tmp/chipify_f828d4bc08
2026-09-15 12:56:57 [DEBUG   ] chipify.engines.staging: No tb/xschemrc to stage (looked at /foss/designs/heichip/isource_beta/chipify/../testbenches/xschem/xschemrc)
2026-09-15 12:56:57 [INFO    ] chipify.simulator: Spawning pool: 11 workers, 270 tasks.
2026-09-15 12:56:57 [DEBUG   ] chipify.simulator: Pool created (forkserver, 11 workers).
2026-09-15 12:56:57 [DEBUG   ] chipify.simulator: 90 batch tasks submitted (chunk_size=3).
2026-09-15 12:57:02 [INFO    ] chipify.simulator: Pool finished cleanly. 270 results collected.
2026-09-15 12:57:02 [INFO    ] chipify.simulator: run_sim() exited.
2026-09-15 12:57:02 [INFO    ] chipify.gui_qt.sim_worker: run_sim returned 270 rows. Saving results…
2026-09-15 12:57:02 [INFO    ] chipify.run_meta: Wrote run metadata: /foss/designs/heichip/isource_beta/chipify/out/history/run_20260915_125702.meta.json
2026-09-15 12:57:02 [INFO    ] chipify.run_meta: Wrote run metadata: /foss/designs/heichip/isource_beta/chipify/out/simulation_results.meta.json
2026-09-15 12:57:02 [DEBUG   ] chipify.expression: evaluate_dataframe_column 'iout': 'out/res' → 'out/res'
2026-09-15 12:57:02 [WARNING ] chipify.uikit.services.equations: Scalar equation 'iout' failed: name 'res' is not defined
2026-09-15 13:02:43 [INFO    ] chipify.gui_qt.controllers.simulation: SimulationController.start: corners_ngspice.yaml
2026-09-15 13:02:43 [INFO    ] chipify.gui_qt.sim_worker: SimWorker.run on thread Dummy-123
2026-09-15 13:02:43 [INFO    ] chipify.simulator: run_sim() started. Testbenches: 1
2026-09-15 13:02:43 [INFO    ] chipify.simulator: Phase 1/3: generating parameter cases...
2026-09-15 13:02:43 [INFO    ] chipify.simulator: Total cases: 270
2026-09-15 13:02:43 [INFO    ] chipify.simulator: Simulator engine(s) in use: ngspice
2026-09-15 13:02:43 [INFO    ] chipify.simulator: Phase 2/3: generating Xschem templates...
2026-09-15 13:02:43 [INFO    ] chipify.engines.xschem: run_xschem: /foss/designs/heichip/isource_beta/testbenches/xschem/tb_isource_beta_op.sch (mode=spice)
2026-09-15 13:02:43 [INFO    ] chipify.engines.xschem: Xschem env: HOME=/headless XSCHEM_SHAREDIR=None PATH=/headless/.local/bin:/foss/tools/bin:/foss/tools/sak:/usr/local/sbin:/usr/local/bin:/usr/sbin:/usr/bin:/sbin:/bin:/foss/tools/kactus2:/foss/tools/klayout:/foss/tools/osic-multitool cwd=/foss/designs/heichip/isource_beta/chipify
2026-09-15 13:02:43 [INFO    ] chipify.engines.xschem: Xschem PID=15741 cmd=xschem -n --spice -q -x -o /tmp/chipify_f828d4bc08 /foss/designs/heichip/isource_beta/testbenches/xschem/tb_isource_beta_op.sch
2026-09-15 13:02:43 [INFO    ] chipify.engines.xschem: xschem post-run scan: recent_files=['../../../../../tmp/chipify_f828d4bc08/tb_isource_beta_op.xschem.log', '../../../../../tmp/chipify_f828d4bc08/tb_isource_beta_op.spice'] netlist_files=['../../../../../tmp/chipify_f828d4bc08/tb_isource_beta_op.spice'] chosen=../../../../../tmp/chipify_f828d4bc08/tb_isource_beta_op.spice
2026-09-15 13:02:43 [INFO    ] chipify.engines.xschem: Xschem netlist generated OK (spice).
2026-09-15 13:02:43 [INFO    ] chipify.simulator: Phase 3/3: staging files to RAM disk...
2026-09-15 13:02:43 [INFO    ] chipify.engines.staging: Staging library files to RAM disk: /tmp/chipify_f828d4bc08
2026-09-15 13:02:43 [DEBUG   ] chipify.engines.staging: No tb/xschemrc to stage (looked at /foss/designs/heichip/isource_beta/chipify/../testbenches/xschem/xschemrc)
2026-09-15 13:02:43 [INFO    ] chipify.simulator: Spawning pool: 11 workers, 270 tasks.
2026-09-15 13:02:43 [DEBUG   ] chipify.simulator: Pool created (forkserver, 11 workers).
2026-09-15 13:02:43 [DEBUG   ] chipify.simulator: 90 batch tasks submitted (chunk_size=3).
2026-09-15 13:02:48 [INFO    ] chipify.simulator: Pool finished cleanly. 270 results collected.
2026-09-15 13:02:48 [INFO    ] chipify.simulator: run_sim() exited.
2026-09-15 13:02:48 [INFO    ] chipify.gui_qt.sim_worker: run_sim returned 270 rows. Saving results…
2026-09-15 13:02:48 [INFO    ] chipify.run_meta: Wrote run metadata: /foss/designs/heichip/isource_beta/chipify/out/history/run_20260915_130248.meta.json
2026-09-15 13:02:48 [INFO    ] chipify.run_meta: Wrote run metadata: /foss/designs/heichip/isource_beta/chipify/out/simulation_results.meta.json
2026-09-15 13:02:48 [DEBUG   ] chipify.expression: evaluate_dataframe_column 'iout': 'out/res' → 'out/res'
2026-09-15 13:02:48 [WARNING ] chipify.uikit.services.equations: Scalar equation 'iout' failed: name 'res' is not defined
2026-09-15 13:03:20 [INFO    ] chipify.gui_qt.controllers.simulation: SimulationController.start: corners_ngspice.yaml
2026-09-15 13:03:20 [INFO    ] chipify.gui_qt.sim_worker: SimWorker.run on thread Dummy-123
2026-09-15 13:03:20 [INFO    ] chipify.simulator: run_sim() started. Testbenches: 1
2026-09-15 13:03:20 [INFO    ] chipify.simulator: Phase 1/3: generating parameter cases...
2026-09-15 13:03:20 [INFO    ] chipify.simulator: Total cases: 90
2026-09-15 13:03:20 [INFO    ] chipify.simulator: Simulator engine(s) in use: ngspice
2026-09-15 13:03:20 [INFO    ] chipify.simulator: Phase 2/3: generating Xschem templates...
2026-09-15 13:03:20 [INFO    ] chipify.engines.xschem: run_xschem: /foss/designs/heichip/isource_beta/testbenches/xschem/tb_isource_beta_op.sch (mode=spice)
2026-09-15 13:03:20 [INFO    ] chipify.engines.xschem: Xschem env: HOME=/headless XSCHEM_SHAREDIR=None PATH=/headless/.local/bin:/foss/tools/bin:/foss/tools/sak:/usr/local/sbin:/usr/local/bin:/usr/sbin:/usr/bin:/sbin:/bin:/foss/tools/kactus2:/foss/tools/klayout:/foss/tools/osic-multitool cwd=/foss/designs/heichip/isource_beta/chipify
2026-09-15 13:03:20 [INFO    ] chipify.engines.xschem: Xschem PID=16185 cmd=xschem -n --spice -q -x -o /tmp/chipify_f828d4bc08 /foss/designs/heichip/isource_beta/testbenches/xschem/tb_isource_beta_op.sch
2026-09-15 13:03:20 [INFO    ] chipify.engines.xschem: xschem post-run scan: recent_files=['../../../../../tmp/chipify_f828d4bc08/tb_isource_beta_op.xschem.log', '../../../../../tmp/chipify_f828d4bc08/tb_isource_beta_op.spice'] netlist_files=['../../../../../tmp/chipify_f828d4bc08/tb_isource_beta_op.spice'] chosen=../../../../../tmp/chipify_f828d4bc08/tb_isource_beta_op.spice
2026-09-15 13:03:20 [INFO    ] chipify.engines.xschem: Xschem netlist generated OK (spice).
2026-09-15 13:03:20 [INFO    ] chipify.simulator: Phase 3/3: staging files to RAM disk...
2026-09-15 13:03:20 [INFO    ] chipify.engines.staging: Staging library files to RAM disk: /tmp/chipify_f828d4bc08
2026-09-15 13:03:20 [DEBUG   ] chipify.engines.staging: No tb/xschemrc to stage (looked at /foss/designs/heichip/isource_beta/chipify/../testbenches/xschem/xschemrc)
2026-09-15 13:03:20 [INFO    ] chipify.simulator: Spawning pool: 11 workers, 90 tasks.
2026-09-15 13:03:20 [DEBUG   ] chipify.simulator: Pool created (forkserver, 11 workers).
2026-09-15 13:03:20 [DEBUG   ] chipify.simulator: 90 batch tasks submitted (chunk_size=1).
2026-09-15 13:03:23 [INFO    ] chipify.simulator: Pool finished cleanly. 90 results collected.
2026-09-15 13:03:23 [INFO    ] chipify.simulator: run_sim() exited.
2026-09-15 13:03:23 [INFO    ] chipify.gui_qt.sim_worker: run_sim returned 90 rows. Saving results…
2026-09-15 13:03:23 [INFO    ] chipify.run_meta: Wrote run metadata: /foss/designs/heichip/isource_beta/chipify/out/history/run_20260915_130323.meta.json
2026-09-15 13:03:23 [INFO    ] chipify.run_meta: Wrote run metadata: /foss/designs/heichip/isource_beta/chipify/out/simulation_results.meta.json
2026-09-15 13:03:23 [DEBUG   ] chipify.expression: evaluate_dataframe_column 'iout': 'out/res' → 'out/res'
2026-09-15 13:03:23 [WARNING ] chipify.uikit.services.equations: Scalar equation 'iout' failed: name 'res' is not defined
2026-09-15 13:03:30 [INFO    ] chipify.gui_qt.controllers.simulation: SimulationController.start: corners_ngspice.yaml
2026-09-15 13:03:30 [INFO    ] chipify.gui_qt.sim_worker: SimWorker.run on thread Dummy-123
2026-09-15 13:03:30 [INFO    ] chipify.simulator: run_sim() started. Testbenches: 1
2026-09-15 13:03:30 [INFO    ] chipify.simulator: Phase 1/3: generating parameter cases...
2026-09-15 13:03:30 [INFO    ] chipify.simulator: Total cases: 30
2026-09-15 13:03:30 [INFO    ] chipify.simulator: Simulator engine(s) in use: ngspice
2026-09-15 13:03:30 [INFO    ] chipify.simulator: Phase 2/3: generating Xschem templates...
2026-09-15 13:03:30 [INFO    ] chipify.engines.xschem: run_xschem: /foss/designs/heichip/isource_beta/testbenches/xschem/tb_isource_beta_op.sch (mode=spice)
2026-09-15 13:03:30 [INFO    ] chipify.engines.xschem: Xschem env: HOME=/headless XSCHEM_SHAREDIR=None PATH=/headless/.local/bin:/foss/tools/bin:/foss/tools/sak:/usr/local/sbin:/usr/local/bin:/usr/sbin:/usr/bin:/sbin:/bin:/foss/tools/kactus2:/foss/tools/klayout:/foss/tools/osic-multitool cwd=/foss/designs/heichip/isource_beta/chipify
2026-09-15 13:03:30 [INFO    ] chipify.engines.xschem: Xschem PID=16449 cmd=xschem -n --spice -q -x -o /tmp/chipify_f828d4bc08 /foss/designs/heichip/isource_beta/testbenches/xschem/tb_isource_beta_op.sch
2026-09-15 13:03:31 [INFO    ] chipify.engines.xschem: xschem post-run scan: recent_files=['../../../../../tmp/chipify_f828d4bc08/tb_isource_beta_op.xschem.log', '../../../../../tmp/chipify_f828d4bc08/tb_isource_beta_op.spice'] netlist_files=['../../../../../tmp/chipify_f828d4bc08/tb_isource_beta_op.spice'] chosen=../../../../../tmp/chipify_f828d4bc08/tb_isource_beta_op.spice
2026-09-15 13:03:31 [INFO    ] chipify.engines.xschem: Xschem netlist generated OK (spice).
2026-09-15 13:03:31 [INFO    ] chipify.simulator: Phase 3/3: staging files to RAM disk...
2026-09-15 13:03:31 [INFO    ] chipify.engines.staging: Staging library files to RAM disk: /tmp/chipify_f828d4bc08
2026-09-15 13:03:31 [DEBUG   ] chipify.engines.staging: No tb/xschemrc to stage (looked at /foss/designs/heichip/isource_beta/chipify/../testbenches/xschem/xschemrc)
2026-09-15 13:03:31 [INFO    ] chipify.simulator: Spawning pool: 11 workers, 30 tasks.
2026-09-15 13:03:31 [DEBUG   ] chipify.simulator: Pool created (forkserver, 11 workers).
2026-09-15 13:03:31 [DEBUG   ] chipify.simulator: 30 batch tasks submitted (chunk_size=1).
2026-09-15 13:03:32 [INFO    ] chipify.simulator: Pool finished cleanly. 30 results collected.
2026-09-15 13:03:32 [INFO    ] chipify.simulator: run_sim() exited.
2026-09-15 13:03:32 [INFO    ] chipify.gui_qt.sim_worker: run_sim returned 30 rows. Saving results…
2026-09-15 13:03:32 [INFO    ] chipify.run_meta: Wrote run metadata: /foss/designs/heichip/isource_beta/chipify/out/history/run_20260915_130332.meta.json
2026-09-15 13:03:32 [INFO    ] chipify.run_meta: Wrote run metadata: /foss/designs/heichip/isource_beta/chipify/out/simulation_results.meta.json
2026-09-15 13:03:32 [DEBUG   ] chipify.expression: evaluate_dataframe_column 'iout': 'out/res' → 'out/res'
2026-09-15 13:03:32 [WARNING ] chipify.uikit.services.equations: Scalar equation 'iout' failed: name 'res' is not defined
2026-09-15 13:04:06 [INFO    ] chipify.gui_qt.controllers.simulation: SimulationController.start: corners_ngspice.yaml
2026-09-15 13:04:06 [INFO    ] chipify.gui_qt.sim_worker: SimWorker.run on thread Dummy-29
2026-09-15 13:04:06 [INFO    ] chipify.simulator: run_sim() started. Testbenches: 1
2026-09-15 13:04:06 [INFO    ] chipify.simulator: Phase 1/3: generating parameter cases...
2026-09-15 13:04:06 [INFO    ] chipify.simulator: Total cases: 30
2026-09-15 13:04:06 [INFO    ] chipify.simulator: Simulator engine(s) in use: ngspice
2026-09-15 13:04:06 [INFO    ] chipify.simulator: Phase 2/3: generating Xschem templates...
2026-09-15 13:04:06 [INFO    ] chipify.engines.xschem: run_xschem: /foss/designs/heichip/isource_beta/testbenches/xschem/tb_isource_beta_op.sch (mode=spice)
2026-09-15 13:04:06 [INFO    ] chipify.engines.xschem: Xschem env: HOME=/headless XSCHEM_SHAREDIR=None PATH=/headless/.local/bin:/foss/tools/bin:/foss/tools/sak:/usr/local/sbin:/usr/local/bin:/usr/sbin:/usr/bin:/sbin:/bin:/foss/tools/kactus2:/foss/tools/klayout:/foss/tools/osic-multitool cwd=/foss/designs/heichip/isource_beta/chipify
2026-09-15 13:04:06 [INFO    ] chipify.engines.xschem: Xschem PID=16663 cmd=xschem -n --spice -q -x -o /tmp/chipify_f828d4bc08 /foss/designs/heichip/isource_beta/testbenches/xschem/tb_isource_beta_op.sch
2026-09-15 13:04:06 [INFO    ] chipify.engines.xschem: xschem post-run scan: recent_files=['../../../../../tmp/chipify_f828d4bc08/tb_isource_beta_op.xschem.log', '../../../../../tmp/chipify_f828d4bc08/tb_isource_beta_op.spice'] netlist_files=['../../../../../tmp/chipify_f828d4bc08/tb_isource_beta_op.spice'] chosen=../../../../../tmp/chipify_f828d4bc08/tb_isource_beta_op.spice
2026-09-15 13:04:06 [INFO    ] chipify.engines.xschem: Xschem netlist generated OK (spice).
2026-09-15 13:04:06 [INFO    ] chipify.simulator: Phase 3/3: staging files to RAM disk...
2026-09-15 13:04:06 [INFO    ] chipify.engines.staging: Staging library files to RAM disk: /tmp/chipify_f828d4bc08
2026-09-15 13:04:06 [DEBUG   ] chipify.engines.staging: No tb/xschemrc to stage (looked at /foss/designs/heichip/isource_beta/chipify/../testbenches/xschem/xschemrc)
2026-09-15 13:04:06 [INFO    ] chipify.simulator: Spawning pool: 11 workers, 30 tasks.
2026-09-15 13:04:06 [DEBUG   ] chipify.simulator: Pool created (forkserver, 11 workers).
2026-09-15 13:04:06 [DEBUG   ] chipify.simulator: 30 batch tasks submitted (chunk_size=1).
2026-09-15 13:04:08 [INFO    ] chipify.simulator: Pool finished cleanly. 30 results collected.
2026-09-15 13:04:08 [INFO    ] chipify.simulator: run_sim() exited.
2026-09-15 13:04:08 [INFO    ] chipify.gui_qt.sim_worker: run_sim returned 30 rows. Saving results…
2026-09-15 13:04:08 [INFO    ] chipify.run_meta: Wrote run metadata: /foss/designs/heichip/isource_beta/chipify/out/history/run_20260915_130408.meta.json
2026-09-15 13:04:08 [INFO    ] chipify.run_meta: Wrote run metadata: /foss/designs/heichip/isource_beta/chipify/out/simulation_results.meta.json
2026-09-15 13:04:08 [DEBUG   ] chipify.expression: evaluate_dataframe_column 'iout': 'out/res' → 'out/res'
2026-09-15 13:04:08 [WARNING ] chipify.uikit.services.equations: Scalar equation 'iout' failed: name 'res' is not defined
2026-09-15 13:08:11 [INFO    ] chipify.gui_qt.controllers.simulation: SimulationController.start: corners_ngspice.yaml
2026-09-15 13:08:11 [INFO    ] chipify.gui_qt.sim_worker: SimWorker.run on thread Dummy-136
2026-09-15 13:08:11 [INFO    ] chipify.simulator: run_sim() started. Testbenches: 1
2026-09-15 13:08:11 [INFO    ] chipify.simulator: Phase 1/3: generating parameter cases...
2026-09-15 13:08:11 [INFO    ] chipify.simulator: Total cases: 30
2026-09-15 13:08:11 [INFO    ] chipify.simulator: Simulator engine(s) in use: ngspice
2026-09-15 13:08:11 [INFO    ] chipify.simulator: Phase 2/3: generating Xschem templates...
2026-09-15 13:08:11 [INFO    ] chipify.engines.xschem: run_xschem: /foss/designs/heichip/isource_beta/testbenches/xschem/tb_isource_beta_op.sch (mode=spice)
2026-09-15 13:08:11 [INFO    ] chipify.engines.xschem: Xschem env: HOME=/headless XSCHEM_SHAREDIR=None PATH=/headless/.local/bin:/foss/tools/bin:/foss/tools/sak:/usr/local/sbin:/usr/local/bin:/usr/sbin:/usr/bin:/sbin:/bin:/foss/tools/kactus2:/foss/tools/klayout:/foss/tools/osic-multitool cwd=/foss/designs/heichip/isource_beta/chipify
2026-09-15 13:08:11 [INFO    ] chipify.engines.xschem: Xschem PID=16869 cmd=xschem -n --spice -q -x -o /tmp/chipify_f828d4bc08 /foss/designs/heichip/isource_beta/testbenches/xschem/tb_isource_beta_op.sch
2026-09-15 13:08:11 [INFO    ] chipify.engines.xschem: xschem post-run scan: recent_files=['../../../../../tmp/chipify_f828d4bc08/tb_isource_beta_op.xschem.log', '../../../../../tmp/chipify_f828d4bc08/tb_isource_beta_op.spice'] netlist_files=['../../../../../tmp/chipify_f828d4bc08/tb_isource_beta_op.spice'] chosen=../../../../../tmp/chipify_f828d4bc08/tb_isource_beta_op.spice
2026-09-15 13:08:11 [INFO    ] chipify.engines.xschem: Xschem netlist generated OK (spice).
2026-09-15 13:08:11 [INFO    ] chipify.simulator: Phase 3/3: staging files to RAM disk...
2026-09-15 13:08:11 [INFO    ] chipify.engines.staging: Staging library files to RAM disk: /tmp/chipify_f828d4bc08
2026-09-15 13:08:11 [DEBUG   ] chipify.engines.staging: No tb/xschemrc to stage (looked at /foss/designs/heichip/isource_beta/chipify/../testbenches/xschem/xschemrc)
2026-09-15 13:08:11 [INFO    ] chipify.simulator: Spawning pool: 11 workers, 30 tasks.
2026-09-15 13:08:11 [DEBUG   ] chipify.simulator: Pool created (forkserver, 11 workers).
2026-09-15 13:08:11 [DEBUG   ] chipify.simulator: 30 batch tasks submitted (chunk_size=1).
2026-09-15 13:08:13 [INFO    ] chipify.simulator: Pool finished cleanly. 30 results collected.
2026-09-15 13:08:13 [INFO    ] chipify.simulator: run_sim() exited.
2026-09-15 13:08:13 [INFO    ] chipify.gui_qt.sim_worker: run_sim returned 30 rows. Saving results…
2026-09-15 13:08:13 [INFO    ] chipify.run_meta: Wrote run metadata: /foss/designs/heichip/isource_beta/chipify/out/history/run_20260915_130813.meta.json
2026-09-15 13:08:13 [INFO    ] chipify.run_meta: Wrote run metadata: /foss/designs/heichip/isource_beta/chipify/out/simulation_results.meta.json
2026-09-15 13:08:13 [DEBUG   ] chipify.expression: evaluate_dataframe_column 'iout': 'out/res' → 'out/res'
2026-09-15 13:08:13 [WARNING ] chipify.uikit.services.equations: Scalar equation 'iout' failed: name 'res' is not defined
2026-09-15 13:09:46 [INFO    ] chipify.gui_qt.controllers.simulation: SimulationController.start: corners_ngspice.yaml
2026-09-15 13:09:46 [INFO    ] chipify.gui_qt.sim_worker: SimWorker.run on thread Dummy-140
2026-09-15 13:09:46 [INFO    ] chipify.simulator: run_sim() started. Testbenches: 1
2026-09-15 13:09:46 [INFO    ] chipify.simulator: Phase 1/3: generating parameter cases...
2026-09-15 13:09:46 [INFO    ] chipify.simulator: Total cases: 30
2026-09-15 13:09:46 [INFO    ] chipify.simulator: Simulator engine(s) in use: ngspice
2026-09-15 13:09:46 [INFO    ] chipify.simulator: Phase 2/3: generating Xschem templates...
2026-09-15 13:09:46 [INFO    ] chipify.engines.xschem: run_xschem: /foss/designs/heichip/isource_beta/testbenches/xschem/tb_isource_beta_op.sch (mode=spice)
2026-09-15 13:09:46 [INFO    ] chipify.engines.xschem: Xschem env: HOME=/headless XSCHEM_SHAREDIR=None PATH=/headless/.local/bin:/foss/tools/bin:/foss/tools/sak:/usr/local/sbin:/usr/local/bin:/usr/sbin:/usr/bin:/sbin:/bin:/foss/tools/kactus2:/foss/tools/klayout:/foss/tools/osic-multitool cwd=/foss/designs/heichip/isource_beta/chipify
2026-09-15 13:09:46 [INFO    ] chipify.engines.xschem: Xschem PID=17081 cmd=xschem -n --spice -q -x -o /tmp/chipify_f828d4bc08 /foss/designs/heichip/isource_beta/testbenches/xschem/tb_isource_beta_op.sch
2026-09-15 13:09:46 [INFO    ] chipify.engines.xschem: xschem post-run scan: recent_files=['../../../../../tmp/chipify_f828d4bc08/tb_isource_beta_op.xschem.log', '../../../../../tmp/chipify_f828d4bc08/tb_isource_beta_op.spice'] netlist_files=['../../../../../tmp/chipify_f828d4bc08/tb_isource_beta_op.spice'] chosen=../../../../../tmp/chipify_f828d4bc08/tb_isource_beta_op.spice
2026-09-15 13:09:46 [INFO    ] chipify.engines.xschem: Xschem netlist generated OK (spice).
2026-09-15 13:09:46 [INFO    ] chipify.simulator: Phase 3/3: staging files to RAM disk...
2026-09-15 13:09:46 [INFO    ] chipify.engines.staging: Staging library files to RAM disk: /tmp/chipify_f828d4bc08
2026-09-15 13:09:46 [DEBUG   ] chipify.engines.staging: No tb/xschemrc to stage (looked at /foss/designs/heichip/isource_beta/chipify/../testbenches/xschem/xschemrc)
2026-09-15 13:09:46 [INFO    ] chipify.simulator: Spawning pool: 11 workers, 30 tasks.
2026-09-15 13:09:46 [DEBUG   ] chipify.simulator: Pool created (forkserver, 11 workers).
2026-09-15 13:09:46 [DEBUG   ] chipify.simulator: 30 batch tasks submitted (chunk_size=1).
2026-09-15 13:09:48 [INFO    ] chipify.simulator: Pool finished cleanly. 30 results collected.
2026-09-15 13:09:48 [INFO    ] chipify.simulator: run_sim() exited.
2026-09-15 13:09:48 [INFO    ] chipify.gui_qt.sim_worker: run_sim returned 30 rows. Saving results…
2026-09-15 13:09:48 [INFO    ] chipify.run_meta: Wrote run metadata: /foss/designs/heichip/isource_beta/chipify/out/history/run_20260915_130948.meta.json
2026-09-15 13:09:48 [INFO    ] chipify.run_meta: Wrote run metadata: /foss/designs/heichip/isource_beta/chipify/out/simulation_results.meta.json
2026-09-15 13:09:48 [DEBUG   ] chipify.expression: evaluate_dataframe_column 'iout': 'out/res' → 'out/res'
2026-09-15 13:09:48 [WARNING ] chipify.uikit.services.equations: Scalar equation 'iout' failed: name 'res' is not defined
2026-09-15 13:21:46 [INFO    ] chipify.gui_qt.controllers.simulation: SimulationController.start: corners_ngspice.yaml
2026-09-15 13:21:46 [INFO    ] chipify.gui_qt.sim_worker: SimWorker.run on thread Dummy-144
2026-09-15 13:21:46 [INFO    ] chipify.simulator: run_sim() started. Testbenches: 1
2026-09-15 13:21:46 [INFO    ] chipify.simulator: Phase 1/3: generating parameter cases...
2026-09-15 13:21:46 [INFO    ] chipify.simulator: Total cases: 30
2026-09-15 13:21:46 [INFO    ] chipify.simulator: Simulator engine(s) in use: ngspice
2026-09-15 13:21:46 [INFO    ] chipify.simulator: Phase 2/3: generating Xschem templates...
2026-09-15 13:21:46 [INFO    ] chipify.engines.xschem: run_xschem: /foss/designs/heichip/isource_beta/testbenches/xschem/tb_isource_beta_op.sch (mode=spice)
2026-09-15 13:21:46 [INFO    ] chipify.engines.xschem: Xschem env: HOME=/headless XSCHEM_SHAREDIR=None PATH=/headless/.local/bin:/foss/tools/bin:/foss/tools/sak:/usr/local/sbin:/usr/local/bin:/usr/sbin:/usr/bin:/sbin:/bin:/foss/tools/kactus2:/foss/tools/klayout:/foss/tools/osic-multitool cwd=/foss/designs/heichip/isource_beta/chipify
2026-09-15 13:21:46 [INFO    ] chipify.engines.xschem: Xschem PID=17339 cmd=xschem -n --spice -q -x -o /tmp/chipify_f828d4bc08 /foss/designs/heichip/isource_beta/testbenches/xschem/tb_isource_beta_op.sch
2026-09-15 13:21:46 [INFO    ] chipify.engines.xschem: xschem post-run scan: recent_files=['../../../../../tmp/chipify_f828d4bc08/tb_isource_beta_op.xschem.log', '../../../../../tmp/chipify_f828d4bc08/tb_isource_beta_op.spice'] netlist_files=['../../../../../tmp/chipify_f828d4bc08/tb_isource_beta_op.spice'] chosen=../../../../../tmp/chipify_f828d4bc08/tb_isource_beta_op.spice
2026-09-15 13:21:46 [INFO    ] chipify.engines.xschem: Xschem netlist generated OK (spice).
2026-09-15 13:21:46 [INFO    ] chipify.simulator: Phase 3/3: staging files to RAM disk...
2026-09-15 13:21:46 [INFO    ] chipify.engines.staging: Staging library files to RAM disk: /tmp/chipify_f828d4bc08
2026-09-15 13:21:46 [DEBUG   ] chipify.engines.staging: No tb/xschemrc to stage (looked at /foss/designs/heichip/isource_beta/chipify/../testbenches/xschem/xschemrc)
2026-09-15 13:21:46 [INFO    ] chipify.simulator: Spawning pool: 11 workers, 30 tasks.
2026-09-15 13:21:46 [DEBUG   ] chipify.simulator: Pool created (forkserver, 11 workers).
2026-09-15 13:21:46 [DEBUG   ] chipify.simulator: 30 batch tasks submitted (chunk_size=1).
2026-09-15 13:21:48 [INFO    ] chipify.simulator: Pool finished cleanly. 30 results collected.
2026-09-15 13:21:48 [INFO    ] chipify.simulator: run_sim() exited.
2026-09-15 13:21:48 [INFO    ] chipify.gui_qt.sim_worker: run_sim returned 30 rows. Saving results…
2026-09-15 13:21:48 [INFO    ] chipify.run_meta: Wrote run metadata: /foss/designs/heichip/isource_beta/chipify/out/history/run_20260915_132148.meta.json
2026-09-15 13:21:48 [INFO    ] chipify.run_meta: Wrote run metadata: /foss/designs/heichip/isource_beta/chipify/out/simulation_results.meta.json
2026-09-15 13:21:48 [DEBUG   ] chipify.expression: evaluate_dataframe_column 'iout': 'out/res' → 'out/res'
2026-09-15 13:21:48 [WARNING ] chipify.uikit.services.equations: Scalar equation 'iout' failed: name 'res' is not defined
2026-09-15 13:22:04 [INFO    ] chipify.gui_qt.controllers.simulation: SimulationController.start: corners_ngspice.yaml
2026-09-15 13:22:04 [INFO    ] chipify.gui_qt.sim_worker: SimWorker.run on thread Dummy-29
2026-09-15 13:22:04 [INFO    ] chipify.simulator: run_sim() started. Testbenches: 1
2026-09-15 13:22:04 [INFO    ] chipify.simulator: Phase 1/3: generating parameter cases...
2026-09-15 13:22:04 [INFO    ] chipify.simulator: Total cases: 30
2026-09-15 13:22:04 [INFO    ] chipify.simulator: Simulator engine(s) in use: ngspice
2026-09-15 13:22:04 [INFO    ] chipify.simulator: Phase 2/3: generating Xschem templates...
2026-09-15 13:22:04 [INFO    ] chipify.engines.xschem: run_xschem: /foss/designs/heichip/isource_beta/testbenches/xschem/tb_isource_beta_op.sch (mode=spice)
2026-09-15 13:22:04 [INFO    ] chipify.engines.xschem: Xschem env: HOME=/headless XSCHEM_SHAREDIR=None PATH=/headless/.local/bin:/foss/tools/bin:/foss/tools/sak:/usr/local/sbin:/usr/local/bin:/usr/sbin:/usr/bin:/sbin:/bin:/foss/tools/kactus2:/foss/tools/klayout:/foss/tools/osic-multitool cwd=/foss/designs/heichip/isource_beta/chipify
2026-09-15 13:22:04 [INFO    ] chipify.engines.xschem: Xschem PID=17551 cmd=xschem -n --spice -q -x -o /tmp/chipify_f828d4bc08 /foss/designs/heichip/isource_beta/testbenches/xschem/tb_isource_beta_op.sch
2026-09-15 13:22:04 [INFO    ] chipify.engines.xschem: xschem post-run scan: recent_files=['../../../../../tmp/chipify_f828d4bc08/tb_isource_beta_op.xschem.log', '../../../../../tmp/chipify_f828d4bc08/tb_isource_beta_op.spice'] netlist_files=['../../../../../tmp/chipify_f828d4bc08/tb_isource_beta_op.spice'] chosen=../../../../../tmp/chipify_f828d4bc08/tb_isource_beta_op.spice
2026-09-15 13:22:04 [INFO    ] chipify.engines.xschem: Xschem netlist generated OK (spice).
2026-09-15 13:22:04 [INFO    ] chipify.simulator: Phase 3/3: staging files to RAM disk...
2026-09-15 13:22:04 [INFO    ] chipify.engines.staging: Staging library files to RAM disk: /tmp/chipify_f828d4bc08
2026-09-15 13:22:04 [DEBUG   ] chipify.engines.staging: No tb/xschemrc to stage (looked at /foss/designs/heichip/isource_beta/chipify/../testbenches/xschem/xschemrc)
2026-09-15 13:22:04 [INFO    ] chipify.simulator: Spawning pool: 11 workers, 30 tasks.
2026-09-15 13:22:04 [DEBUG   ] chipify.simulator: Pool created (forkserver, 11 workers).
2026-09-15 13:22:04 [DEBUG   ] chipify.simulator: 30 batch tasks submitted (chunk_size=1).
2026-09-15 13:22:06 [INFO    ] chipify.simulator: Pool finished cleanly. 30 results collected.
2026-09-15 13:22:06 [INFO    ] chipify.simulator: run_sim() exited.
2026-09-15 13:22:06 [INFO    ] chipify.gui_qt.sim_worker: run_sim returned 30 rows. Saving results…
2026-09-15 13:22:06 [INFO    ] chipify.run_meta: Wrote run metadata: /foss/designs/heichip/isource_beta/chipify/out/history/run_20260915_132206.meta.json
2026-09-15 13:22:06 [INFO    ] chipify.run_meta: Wrote run metadata: /foss/designs/heichip/isource_beta/chipify/out/simulation_results.meta.json
2026-09-15 13:22:06 [DEBUG   ] chipify.expression: evaluate_dataframe_column 'iout': 'out/res' → 'out/res'
2026-09-15 13:22:06 [WARNING ] chipify.uikit.services.equations: Scalar equation 'iout' failed: name 'res' is not defined
2026-09-15 13:22:22 [INFO    ] chipify.gui_qt.controllers.simulation: SimulationController.start: corners_ngspice.yaml
2026-09-15 13:22:22 [INFO    ] chipify.gui_qt.sim_worker: SimWorker.run on thread Dummy-29
2026-09-15 13:22:22 [INFO    ] chipify.simulator: run_sim() started. Testbenches: 1
2026-09-15 13:22:22 [INFO    ] chipify.simulator: Phase 1/3: generating parameter cases...
2026-09-15 13:22:22 [INFO    ] chipify.simulator: Total cases: 30
2026-09-15 13:22:22 [INFO    ] chipify.simulator: Simulator engine(s) in use: ngspice
2026-09-15 13:22:22 [INFO    ] chipify.simulator: Phase 2/3: generating Xschem templates...
2026-09-15 13:22:22 [INFO    ] chipify.engines.xschem: run_xschem: /foss/designs/heichip/isource_beta/testbenches/xschem/tb_isource_beta_op.sch (mode=spice)
2026-09-15 13:22:22 [INFO    ] chipify.engines.xschem: Xschem env: HOME=/headless XSCHEM_SHAREDIR=None PATH=/headless/.local/bin:/foss/tools/bin:/foss/tools/sak:/usr/local/sbin:/usr/local/bin:/usr/sbin:/usr/bin:/sbin:/bin:/foss/tools/kactus2:/foss/tools/klayout:/foss/tools/osic-multitool cwd=/foss/designs/heichip/isource_beta/chipify
2026-09-15 13:22:22 [INFO    ] chipify.engines.xschem: Xschem PID=17759 cmd=xschem -n --spice -q -x -o /tmp/chipify_f828d4bc08 /foss/designs/heichip/isource_beta/testbenches/xschem/tb_isource_beta_op.sch
2026-09-15 13:22:22 [INFO    ] chipify.engines.xschem: xschem post-run scan: recent_files=['../../../../../tmp/chipify_f828d4bc08/tb_isource_beta_op.xschem.log', '../../../../../tmp/chipify_f828d4bc08/tb_isource_beta_op.spice'] netlist_files=['../../../../../tmp/chipify_f828d4bc08/tb_isource_beta_op.spice'] chosen=../../../../../tmp/chipify_f828d4bc08/tb_isource_beta_op.spice
2026-09-15 13:22:22 [INFO    ] chipify.engines.xschem: Xschem netlist generated OK (spice).
2026-09-15 13:22:22 [INFO    ] chipify.simulator: Phase 3/3: staging files to RAM disk...
2026-09-15 13:22:22 [INFO    ] chipify.engines.staging: Staging library files to RAM disk: /tmp/chipify_f828d4bc08
2026-09-15 13:22:22 [DEBUG   ] chipify.engines.staging: No tb/xschemrc to stage (looked at /foss/designs/heichip/isource_beta/chipify/../testbenches/xschem/xschemrc)
2026-09-15 13:22:22 [INFO    ] chipify.simulator: Spawning pool: 11 workers, 30 tasks.
2026-09-15 13:22:22 [DEBUG   ] chipify.simulator: Pool created (forkserver, 11 workers).
2026-09-15 13:22:22 [DEBUG   ] chipify.simulator: 30 batch tasks submitted (chunk_size=1).
2026-09-15 13:22:23 [INFO    ] chipify.simulator: Pool finished cleanly. 30 results collected.
2026-09-15 13:22:23 [INFO    ] chipify.simulator: run_sim() exited.
2026-09-15 13:22:23 [INFO    ] chipify.gui_qt.sim_worker: run_sim returned 30 rows. Saving results…
2026-09-15 13:22:24 [INFO    ] chipify.run_meta: Wrote run metadata: /foss/designs/heichip/isource_beta/chipify/out/history/run_20260915_132223.meta.json
2026-09-15 13:22:24 [INFO    ] chipify.run_meta: Wrote run metadata: /foss/designs/heichip/isource_beta/chipify/out/simulation_results.meta.json
2026-09-15 13:22:24 [DEBUG   ] chipify.expression: evaluate_dataframe_column 'iout': 'out/res' → 'out/res'
2026-09-15 13:22:24 [WARNING ] chipify.uikit.services.equations: Scalar equation 'iout' failed: name 'res' is not defined
2026-09-15 13:24:00 [INFO    ] chipify.gui_qt.controllers.simulation: SimulationController.start: corners_ngspice.yaml
2026-09-15 13:24:00 [INFO    ] chipify.gui_qt.sim_worker: SimWorker.run on thread Dummy-154
2026-09-15 13:24:00 [INFO    ] chipify.simulator: run_sim() started. Testbenches: 1
2026-09-15 13:24:00 [INFO    ] chipify.simulator: Phase 1/3: generating parameter cases...
2026-09-15 13:24:00 [INFO    ] chipify.simulator: Total cases: 30
2026-09-15 13:24:00 [INFO    ] chipify.simulator: Simulator engine(s) in use: ngspice
2026-09-15 13:24:00 [INFO    ] chipify.simulator: Phase 2/3: generating Xschem templates...
2026-09-15 13:24:00 [INFO    ] chipify.engines.xschem: run_xschem: /foss/designs/heichip/isource_beta/testbenches/xschem/tb_isource_beta_op.sch (mode=spice)
2026-09-15 13:24:00 [INFO    ] chipify.engines.xschem: Xschem env: HOME=/headless XSCHEM_SHAREDIR=None PATH=/headless/.local/bin:/foss/tools/bin:/foss/tools/sak:/usr/local/sbin:/usr/local/bin:/usr/sbin:/usr/bin:/sbin:/bin:/foss/tools/kactus2:/foss/tools/klayout:/foss/tools/osic-multitool cwd=/foss/designs/heichip/isource_beta/chipify
2026-09-15 13:24:00 [INFO    ] chipify.engines.xschem: Xschem PID=17987 cmd=xschem -n --spice -q -x -o /tmp/chipify_f828d4bc08 /foss/designs/heichip/isource_beta/testbenches/xschem/tb_isource_beta_op.sch
2026-09-15 13:24:00 [INFO    ] chipify.engines.xschem: xschem post-run scan: recent_files=['../../../../../tmp/chipify_f828d4bc08/tb_isource_beta_op.xschem.log', '../../../../../tmp/chipify_f828d4bc08/tb_isource_beta_op.spice'] netlist_files=['../../../../../tmp/chipify_f828d4bc08/tb_isource_beta_op.spice'] chosen=../../../../../tmp/chipify_f828d4bc08/tb_isource_beta_op.spice
2026-09-15 13:24:00 [INFO    ] chipify.engines.xschem: Xschem netlist generated OK (spice).
2026-09-15 13:24:00 [INFO    ] chipify.simulator: Phase 3/3: staging files to RAM disk...
2026-09-15 13:24:00 [INFO    ] chipify.engines.staging: Staging library files to RAM disk: /tmp/chipify_f828d4bc08
2026-09-15 13:24:01 [DEBUG   ] chipify.engines.staging: No tb/xschemrc to stage (looked at /foss/designs/heichip/isource_beta/chipify/../testbenches/xschem/xschemrc)
2026-09-15 13:24:01 [INFO    ] chipify.simulator: Spawning pool: 11 workers, 30 tasks.
2026-09-15 13:24:01 [DEBUG   ] chipify.simulator: Pool created (forkserver, 11 workers).
2026-09-15 13:24:01 [DEBUG   ] chipify.simulator: 30 batch tasks submitted (chunk_size=1).
2026-09-15 13:24:02 [INFO    ] chipify.simulator: Pool finished cleanly. 30 results collected.
2026-09-15 13:24:02 [INFO    ] chipify.simulator: run_sim() exited.
2026-09-15 13:24:02 [INFO    ] chipify.gui_qt.sim_worker: run_sim returned 30 rows. Saving results…
2026-09-15 13:24:02 [INFO    ] chipify.run_meta: Wrote run metadata: /foss/designs/heichip/isource_beta/chipify/out/history/run_20260915_132402.meta.json
2026-09-15 13:24:02 [INFO    ] chipify.run_meta: Wrote run metadata: /foss/designs/heichip/isource_beta/chipify/out/simulation_results.meta.json
2026-09-15 13:24:02 [DEBUG   ] chipify.expression: evaluate_dataframe_column 'iout': 'out/res' → 'out/res'
2026-09-15 13:24:02 [WARNING ] chipify.uikit.services.equations: Scalar equation 'iout' failed: name 'res' is not defined
2026-09-15 13:24:39 [INFO    ] chipify.gui_qt.controllers.simulation: SimulationController.start: corners_ngspice.yaml
2026-09-15 13:24:39 [INFO    ] chipify.gui_qt.sim_worker: SimWorker.run on thread Dummy-158
2026-09-15 13:24:39 [INFO    ] chipify.simulator: run_sim() started. Testbenches: 1
2026-09-15 13:24:39 [INFO    ] chipify.simulator: Phase 1/3: generating parameter cases...
2026-09-15 13:24:39 [INFO    ] chipify.simulator: Total cases: 30
2026-09-15 13:24:39 [INFO    ] chipify.simulator: Simulator engine(s) in use: ngspice
2026-09-15 13:24:39 [INFO    ] chipify.simulator: Phase 2/3: generating Xschem templates...
2026-09-15 13:24:39 [INFO    ] chipify.engines.xschem: run_xschem: /foss/designs/heichip/isource_beta/testbenches/xschem/tb_isource_beta_op.sch (mode=spice)
2026-09-15 13:24:39 [INFO    ] chipify.engines.xschem: Xschem env: HOME=/headless XSCHEM_SHAREDIR=None PATH=/headless/.local/bin:/foss/tools/bin:/foss/tools/sak:/usr/local/sbin:/usr/local/bin:/usr/sbin:/usr/bin:/sbin:/bin:/foss/tools/kactus2:/foss/tools/klayout:/foss/tools/osic-multitool cwd=/foss/designs/heichip/isource_beta/chipify
2026-09-15 13:24:39 [INFO    ] chipify.engines.xschem: Xschem PID=18205 cmd=xschem -n --spice -q -x -o /tmp/chipify_f828d4bc08 /foss/designs/heichip/isource_beta/testbenches/xschem/tb_isource_beta_op.sch
2026-09-15 13:24:39 [INFO    ] chipify.engines.xschem: xschem post-run scan: recent_files=['../../../../../tmp/chipify_f828d4bc08/tb_isource_beta_op.xschem.log', '../../../../../tmp/chipify_f828d4bc08/tb_isource_beta_op.spice'] netlist_files=['../../../../../tmp/chipify_f828d4bc08/tb_isource_beta_op.spice'] chosen=../../../../../tmp/chipify_f828d4bc08/tb_isource_beta_op.spice
2026-09-15 13:24:39 [INFO    ] chipify.engines.xschem: Xschem netlist generated OK (spice).
2026-09-15 13:24:39 [INFO    ] chipify.simulator: Phase 3/3: staging files to RAM disk...
2026-09-15 13:24:39 [INFO    ] chipify.engines.staging: Staging library files to RAM disk: /tmp/chipify_f828d4bc08
2026-09-15 13:24:39 [DEBUG   ] chipify.engines.staging: No tb/xschemrc to stage (looked at /foss/designs/heichip/isource_beta/chipify/../testbenches/xschem/xschemrc)
2026-09-15 13:24:39 [INFO    ] chipify.simulator: Spawning pool: 11 workers, 30 tasks.
2026-09-15 13:24:39 [DEBUG   ] chipify.simulator: Pool created (forkserver, 11 workers).
2026-09-15 13:24:39 [DEBUG   ] chipify.simulator: 30 batch tasks submitted (chunk_size=1).
2026-09-15 13:24:41 [INFO    ] chipify.simulator: Pool finished cleanly. 30 results collected.
2026-09-15 13:24:41 [INFO    ] chipify.simulator: run_sim() exited.
2026-09-15 13:24:41 [INFO    ] chipify.gui_qt.sim_worker: run_sim returned 30 rows. Saving results…
2026-09-15 13:24:41 [INFO    ] chipify.run_meta: Wrote run metadata: /foss/designs/heichip/isource_beta/chipify/out/history/run_20260915_132441.meta.json
2026-09-15 13:24:41 [INFO    ] chipify.run_meta: Wrote run metadata: /foss/designs/heichip/isource_beta/chipify/out/simulation_results.meta.json
2026-09-15 13:24:41 [DEBUG   ] chipify.expression: evaluate_dataframe_column 'iout': 'out/res' → 'out/res'
2026-09-15 13:24:41 [WARNING ] chipify.uikit.services.equations: Scalar equation 'iout' failed: name 'res' is not defined
2026-09-15 13:25:24 [INFO    ] chipify.gui_qt.controllers.simulation: SimulationController.start: corners_ngspice.yaml
2026-09-15 13:25:24 [INFO    ] chipify.gui_qt.sim_worker: SimWorker.run on thread Dummy-162
2026-09-15 13:25:24 [INFO    ] chipify.simulator: run_sim() started. Testbenches: 1
2026-09-15 13:25:24 [INFO    ] chipify.simulator: Phase 1/3: generating parameter cases...
2026-09-15 13:25:24 [INFO    ] chipify.simulator: Total cases: 30
2026-09-15 13:25:24 [INFO    ] chipify.simulator: Simulator engine(s) in use: ngspice
2026-09-15 13:25:24 [INFO    ] chipify.simulator: Phase 2/3: generating Xschem templates...
2026-09-15 13:25:24 [INFO    ] chipify.engines.xschem: run_xschem: /foss/designs/heichip/isource_beta/testbenches/xschem/tb_isource_beta_op.sch (mode=spice)
2026-09-15 13:25:24 [INFO    ] chipify.engines.xschem: Xschem env: HOME=/headless XSCHEM_SHAREDIR=None PATH=/headless/.local/bin:/foss/tools/bin:/foss/tools/sak:/usr/local/sbin:/usr/local/bin:/usr/sbin:/usr/bin:/sbin:/bin:/foss/tools/kactus2:/foss/tools/klayout:/foss/tools/osic-multitool cwd=/foss/designs/heichip/isource_beta/chipify
2026-09-15 13:25:24 [INFO    ] chipify.engines.xschem: Xschem PID=18421 cmd=xschem -n --spice -q -x -o /tmp/chipify_f828d4bc08 /foss/designs/heichip/isource_beta/testbenches/xschem/tb_isource_beta_op.sch
2026-09-15 13:25:24 [INFO    ] chipify.engines.xschem: xschem post-run scan: recent_files=['../../../../../tmp/chipify_f828d4bc08/tb_isource_beta_op.xschem.log', '../../../../../tmp/chipify_f828d4bc08/tb_isource_beta_op.spice'] netlist_files=['../../../../../tmp/chipify_f828d4bc08/tb_isource_beta_op.spice'] chosen=../../../../../tmp/chipify_f828d4bc08/tb_isource_beta_op.spice
2026-09-15 13:25:24 [INFO    ] chipify.engines.xschem: Xschem netlist generated OK (spice).
2026-09-15 13:25:24 [INFO    ] chipify.simulator: Phase 3/3: staging files to RAM disk...
2026-09-15 13:25:24 [INFO    ] chipify.engines.staging: Staging library files to RAM disk: /tmp/chipify_f828d4bc08
2026-09-15 13:25:24 [DEBUG   ] chipify.engines.staging: No tb/xschemrc to stage (looked at /foss/designs/heichip/isource_beta/chipify/../testbenches/xschem/xschemrc)
2026-09-15 13:25:24 [INFO    ] chipify.simulator: Spawning pool: 11 workers, 30 tasks.
2026-09-15 13:25:25 [DEBUG   ] chipify.simulator: Pool created (forkserver, 11 workers).
2026-09-15 13:25:25 [DEBUG   ] chipify.simulator: 30 batch tasks submitted (chunk_size=1).
2026-09-15 13:25:26 [INFO    ] chipify.simulator: Pool finished cleanly. 30 results collected.
2026-09-15 13:25:26 [INFO    ] chipify.simulator: run_sim() exited.
2026-09-15 13:25:26 [INFO    ] chipify.gui_qt.sim_worker: run_sim returned 30 rows. Saving results…
2026-09-15 13:25:26 [INFO    ] chipify.run_meta: Wrote run metadata: /foss/designs/heichip/isource_beta/chipify/out/history/run_20260915_132526.meta.json
2026-09-15 13:25:26 [INFO    ] chipify.run_meta: Wrote run metadata: /foss/designs/heichip/isource_beta/chipify/out/simulation_results.meta.json
2026-09-15 13:25:26 [DEBUG   ] chipify.expression: evaluate_dataframe_column 'iout': 'out/res' → 'out/res'
2026-09-15 13:25:26 [WARNING ] chipify.uikit.services.equations: Scalar equation 'iout' failed: name 'res' is not defined
2026-09-15 13:27:25 [INFO    ] chipify.gui_qt.controllers.simulation: SimulationController.start: corners_ngspice.yaml
2026-09-15 13:27:25 [INFO    ] chipify.gui_qt.sim_worker: SimWorker.run on thread Dummy-166
2026-09-15 13:27:25 [INFO    ] chipify.simulator: run_sim() started. Testbenches: 2
2026-09-15 13:27:25 [INFO    ] chipify.simulator: Phase 1/3: generating parameter cases...
2026-09-15 13:27:25 [INFO    ] chipify.simulator: Total cases: 30
2026-09-15 13:27:25 [INFO    ] chipify.simulator: Simulator engine(s) in use: ngspice
2026-09-15 13:27:25 [INFO    ] chipify.simulator: Phase 2/3: generating Xschem templates...
2026-09-15 13:27:25 [INFO    ] chipify.engines.xschem: run_xschem: /foss/designs/heichip/isource_beta/testbenches/xschem/tb_isource_beta_op.sch (mode=spice)
2026-09-15 13:27:25 [INFO    ] chipify.engines.xschem: Xschem env: HOME=/headless XSCHEM_SHAREDIR=None PATH=/headless/.local/bin:/foss/tools/bin:/foss/tools/sak:/usr/local/sbin:/usr/local/bin:/usr/sbin:/usr/bin:/sbin:/bin:/foss/tools/kactus2:/foss/tools/klayout:/foss/tools/osic-multitool cwd=/foss/designs/heichip/isource_beta/chipify
2026-09-15 13:27:25 [INFO    ] chipify.engines.xschem: Xschem PID=18633 cmd=xschem -n --spice -q -x -o /tmp/chipify_f828d4bc08 /foss/designs/heichip/isource_beta/testbenches/xschem/tb_isource_beta_op.sch
2026-09-15 13:27:25 [INFO    ] chipify.engines.xschem: xschem post-run scan: recent_files=['../../../../../tmp/chipify_f828d4bc08/tb_isource_beta_op.xschem.log', '../../../../../tmp/chipify_f828d4bc08/tb_isource_beta_op.spice'] netlist_files=['../../../../../tmp/chipify_f828d4bc08/tb_isource_beta_op.spice'] chosen=../../../../../tmp/chipify_f828d4bc08/tb_isource_beta_op.spice
2026-09-15 13:27:25 [INFO    ] chipify.engines.xschem: Xschem netlist generated OK (spice).
2026-09-15 13:27:25 [INFO    ] chipify.engines.xschem: run_xschem: /foss/designs/heichip/isource_beta/testbenches/xschem/tb_isource_beta_tran.sch (mode=spice)
2026-09-15 13:27:25 [INFO    ] chipify.engines.xschem: Xschem env: HOME=/headless XSCHEM_SHAREDIR=None PATH=/headless/.local/bin:/foss/tools/bin:/foss/tools/sak:/usr/local/sbin:/usr/local/bin:/usr/sbin:/usr/bin:/sbin:/bin:/foss/tools/kactus2:/foss/tools/klayout:/foss/tools/osic-multitool cwd=/foss/designs/heichip/isource_beta/chipify
2026-09-15 13:27:25 [INFO    ] chipify.engines.xschem: Xschem PID=18643 cmd=xschem -n --spice -q -x -o /tmp/chipify_f828d4bc08 /foss/designs/heichip/isource_beta/testbenches/xschem/tb_isource_beta_tran.sch
2026-09-15 13:27:25 [INFO    ] chipify.engines.xschem: xschem post-run scan: recent_files=['../../../../../tmp/chipify_f828d4bc08/tb_isource_beta_tran.spice', '../../../../../tmp/chipify_f828d4bc08/tb_isource_beta_op.spice', '../../../../../tmp/chipify_f828d4bc08/tb_isource_beta_tran.xschem.log'] netlist_files=['../../../../../tmp/chipify_f828d4bc08/tb_isource_beta_tran.spice', '../../../../../tmp/chipify_f828d4bc08/tb_isource_beta_op.spice'] chosen=../../../../../tmp/chipify_f828d4bc08/tb_isource_beta_tran.spice
2026-09-15 13:27:25 [INFO    ] chipify.engines.xschem: Xschem netlist generated OK (spice).
2026-09-15 13:27:25 [INFO    ] chipify.simulator: Phase 3/3: staging files to RAM disk...
2026-09-15 13:27:25 [INFO    ] chipify.engines.staging: Staging library files to RAM disk: /tmp/chipify_f828d4bc08
2026-09-15 13:27:25 [DEBUG   ] chipify.engines.staging: No tb/xschemrc to stage (looked at /foss/designs/heichip/isource_beta/chipify/../testbenches/xschem/xschemrc)
2026-09-15 13:27:25 [INFO    ] chipify.simulator: transient store: /foss/designs/heichip/isource_beta/chipify/out/analysis_data/transient/20260915_132725
2026-09-15 13:27:25 [INFO    ] chipify.simulator: Spawning pool: 11 workers, 30 tasks.
2026-09-15 13:27:25 [DEBUG   ] chipify.simulator: Pool created (forkserver, 11 workers).
2026-09-15 13:27:25 [DEBUG   ] chipify.simulator: 30 batch tasks submitted (chunk_size=1).
2026-09-15 13:27:28 [INFO    ] chipify.simulator: Pool finished cleanly. 30 results collected.
2026-09-15 13:27:28 [INFO    ] chipify.simulator: run_sim() exited.
2026-09-15 13:27:28 [INFO    ] chipify.gui_qt.sim_worker: run_sim returned 30 rows. Saving results…
2026-09-15 13:27:28 [INFO    ] chipify.run_meta: Wrote run metadata: /foss/designs/heichip/isource_beta/chipify/out/history/run_20260915_132728.meta.json
2026-09-15 13:27:28 [INFO    ] chipify.run_meta: Wrote run metadata: /foss/designs/heichip/isource_beta/chipify/out/simulation_results.meta.json
2026-09-15 13:27:28 [DEBUG   ] chipify.expression: evaluate_dataframe_column 'iout': 'out/res' → 'out/res'
2026-09-15 13:27:28 [WARNING ] chipify.uikit.services.equations: Scalar equation 'iout' failed: name 'res' is not defined
2026-09-15 13:27:28 [DEBUG   ] chipify.expression: evaluate_dataframe_column 'out_d': 'outp-outn' → 'outp-outn'
2026-09-15 13:27:28 [DEBUG   ] chipify.plot: Waveform equation 'out_d' skipped: name 'outp' is not defined
2026-09-15 13:27:28 [DEBUG   ] chipify.expression: evaluate_dataframe_column 'out_d': 'outp-outn' → 'outp-outn'
2026-09-15 13:27:28 [DEBUG   ] chipify.plot: Waveform equation 'out_d' skipped: name 'outp' is not defined
2026-09-15 13:27:28 [DEBUG   ] chipify.expression: evaluate_dataframe_column 'out_d': 'outp-outn' → 'outp-outn'
2026-09-15 13:27:28 [DEBUG   ] chipify.plot: Waveform equation 'out_d' skipped: name 'outp' is not defined
2026-09-15 13:27:28 [DEBUG   ] chipify.expression: evaluate_dataframe_column 'out_d': 'outp-outn' → 'outp-outn'
2026-09-15 13:27:28 [DEBUG   ] chipify.plot: Waveform equation 'out_d' skipped: name 'outp' is not defined
2026-09-15 13:27:28 [DEBUG   ] chipify.expression: evaluate_dataframe_column 'out_d': 'outp-outn' → 'outp-outn'
2026-09-15 13:27:28 [DEBUG   ] chipify.plot: Waveform equation 'out_d' skipped: name 'outp' is not defined
2026-09-15 13:27:28 [DEBUG   ] chipify.expression: evaluate_dataframe_column 'out_d': 'outp-outn' → 'outp-outn'
2026-09-15 13:27:28 [DEBUG   ] chipify.plot: Waveform equation 'out_d' skipped: name 'outp' is not defined
2026-09-15 13:27:28 [DEBUG   ] chipify.expression: evaluate_dataframe_column 'out_d': 'outp-outn' → 'outp-outn'
2026-09-15 13:27:28 [DEBUG   ] chipify.plot: Waveform equation 'out_d' skipped: name 'outp' is not defined
2026-09-15 13:27:28 [DEBUG   ] chipify.expression: evaluate_dataframe_column 'out_d': 'outp-outn' → 'outp-outn'
2026-09-15 13:27:28 [DEBUG   ] chipify.plot: Waveform equation 'out_d' skipped: name 'outp' is not defined
2026-09-15 13:27:28 [DEBUG   ] chipify.expression: evaluate_dataframe_column 'out_d': 'outp-outn' → 'outp-outn'
2026-09-15 13:27:28 [DEBUG   ] chipify.plot: Waveform equation 'out_d' skipped: name 'outp' is not defined
2026-09-15 13:27:28 [DEBUG   ] chipify.expression: evaluate_dataframe_column 'out_d': 'outp-outn' → 'outp-outn'
2026-09-15 13:27:28 [DEBUG   ] chipify.plot: Waveform equation 'out_d' skipped: name 'outp' is not defined
2026-09-15 13:27:28 [DEBUG   ] chipify.expression: evaluate_dataframe_column 'out_d': 'outp-outn' → 'outp-outn'
2026-09-15 13:27:28 [DEBUG   ] chipify.plot: Waveform equation 'out_d' skipped: name 'outp' is not defined
2026-09-15 13:27:28 [DEBUG   ] chipify.expression: evaluate_dataframe_column 'out_d': 'outp-outn' → 'outp-outn'
2026-09-15 13:27:28 [DEBUG   ] chipify.plot: Waveform equation 'out_d' skipped: name 'outp' is not defined
2026-09-15 13:27:28 [DEBUG   ] chipify.expression: evaluate_dataframe_column 'out_d': 'outp-outn' → 'outp-outn'
2026-09-15 13:27:28 [DEBUG   ] chipify.plot: Waveform equation 'out_d' skipped: name 'outp' is not defined
2026-09-15 13:27:28 [DEBUG   ] chipify.expression: evaluate_dataframe_column 'out_d': 'outp-outn' → 'outp-outn'
2026-09-15 13:27:28 [DEBUG   ] chipify.plot: Waveform equation 'out_d' skipped: name 'outp' is not defined
2026-09-15 13:27:28 [DEBUG   ] chipify.expression: evaluate_dataframe_column 'out_d': 'outp-outn' → 'outp-outn'
2026-09-15 13:27:28 [DEBUG   ] chipify.plot: Waveform equation 'out_d' skipped: name 'outp' is not defined
2026-09-15 13:27:28 [DEBUG   ] chipify.expression: evaluate_dataframe_column 'out_d': 'outp-outn' → 'outp-outn'
2026-09-15 13:27:28 [DEBUG   ] chipify.plot: Waveform equation 'out_d' skipped: name 'outp' is not defined
2026-09-15 13:27:28 [DEBUG   ] chipify.expression: evaluate_dataframe_column 'out_d': 'outp-outn' → 'outp-outn'
2026-09-15 13:27:28 [DEBUG   ] chipify.plot: Waveform equation 'out_d' skipped: name 'outp' is not defined
2026-09-15 13:27:28 [DEBUG   ] chipify.expression: evaluate_dataframe_column 'out_d': 'outp-outn' → 'outp-outn'
2026-09-15 13:27:28 [DEBUG   ] chipify.plot: Waveform equation 'out_d' skipped: name 'outp' is not defined
2026-09-15 13:27:28 [DEBUG   ] chipify.expression: evaluate_dataframe_column 'out_d': 'outp-outn' → 'outp-outn'
2026-09-15 13:27:28 [DEBUG   ] chipify.plot: Waveform equation 'out_d' skipped: name 'outp' is not defined
2026-09-15 13:27:28 [DEBUG   ] chipify.expression: evaluate_dataframe_column 'out_d': 'outp-outn' → 'outp-outn'
2026-09-15 13:27:28 [DEBUG   ] chipify.plot: Waveform equation 'out_d' skipped: name 'outp' is not defined
2026-09-15 13:27:28 [DEBUG   ] chipify.expression: evaluate_dataframe_column 'out_d': 'outp-outn' → 'outp-outn'
2026-09-15 13:27:28 [DEBUG   ] chipify.plot: Waveform equation 'out_d' skipped: name 'outp' is not defined
2026-09-15 13:27:28 [DEBUG   ] chipify.expression: evaluate_dataframe_column 'out_d': 'outp-outn' → 'outp-outn'
2026-09-15 13:27:28 [DEBUG   ] chipify.plot: Waveform equation 'out_d' skipped: name 'outp' is not defined
2026-09-15 13:27:28 [DEBUG   ] chipify.expression: evaluate_dataframe_column 'out_d': 'outp-outn' → 'outp-outn'
2026-09-15 13:27:28 [DEBUG   ] chipify.plot: Waveform equation 'out_d' skipped: name 'outp' is not defined
2026-09-15 13:27:28 [DEBUG   ] chipify.expression: evaluate_dataframe_column 'out_d': 'outp-outn' → 'outp-outn'
2026-09-15 13:27:28 [DEBUG   ] chipify.plot: Waveform equation 'out_d' skipped: name 'outp' is not defined
2026-09-15 13:27:28 [DEBUG   ] chipify.expression: evaluate_dataframe_column 'out_d': 'outp-outn' → 'outp-outn'
2026-09-15 13:27:28 [DEBUG   ] chipify.plot: Waveform equation 'out_d' skipped: name 'outp' is not defined
2026-09-15 13:27:28 [DEBUG   ] chipify.expression: evaluate_dataframe_column 'out_d': 'outp-outn' → 'outp-outn'
2026-09-15 13:27:28 [DEBUG   ] chipify.plot: Waveform equation 'out_d' skipped: name 'outp' is not defined
2026-09-15 13:27:28 [DEBUG   ] chipify.expression: evaluate_dataframe_column 'out_d': 'outp-outn' → 'outp-outn'
2026-09-15 13:27:28 [DEBUG   ] chipify.plot: Waveform equation 'out_d' skipped: name 'outp' is not defined
2026-09-15 13:27:29 [DEBUG   ] chipify.expression: evaluate_dataframe_column 'out_d': 'outp-outn' → 'outp-outn'
2026-09-15 13:27:29 [DEBUG   ] chipify.plot: Waveform equation 'out_d' skipped: name 'outp' is not defined
2026-09-15 13:27:29 [DEBUG   ] chipify.expression: evaluate_dataframe_column 'out_d': 'outp-outn' → 'outp-outn'
2026-09-15 13:27:29 [DEBUG   ] chipify.plot: Waveform equation 'out_d' skipped: name 'outp' is not defined
2026-09-15 13:27:29 [DEBUG   ] chipify.expression: evaluate_dataframe_column 'out_d': 'outp-outn' → 'outp-outn'
2026-09-15 13:27:29 [DEBUG   ] chipify.plot: Waveform equation 'out_d' skipped: name 'outp' is not defined
2026-09-15 13:27:50 [INFO    ] chipify.gui_qt.controllers.simulation: SimulationController.start: corners_ngspice.yaml
2026-09-15 13:27:50 [INFO    ] chipify.gui_qt.sim_worker: SimWorker.run on thread Dummy-170
2026-09-15 13:27:50 [INFO    ] chipify.simulator: run_sim() started. Testbenches: 2
2026-09-15 13:27:50 [INFO    ] chipify.simulator: Phase 1/3: generating parameter cases...
2026-09-15 13:27:50 [INFO    ] chipify.simulator: Total cases: 30
2026-09-15 13:27:50 [INFO    ] chipify.simulator: Simulator engine(s) in use: ngspice
2026-09-15 13:27:50 [INFO    ] chipify.simulator: Phase 2/3: generating Xschem templates...
2026-09-15 13:27:50 [INFO    ] chipify.engines.xschem: run_xschem: /foss/designs/heichip/isource_beta/testbenches/xschem/tb_isource_beta_op.sch (mode=spice)
2026-09-15 13:27:50 [INFO    ] chipify.engines.xschem: Xschem env: HOME=/headless XSCHEM_SHAREDIR=None PATH=/headless/.local/bin:/foss/tools/bin:/foss/tools/sak:/usr/local/sbin:/usr/local/bin:/usr/sbin:/usr/bin:/sbin:/bin:/foss/tools/kactus2:/foss/tools/klayout:/foss/tools/osic-multitool cwd=/foss/designs/heichip/isource_beta/chipify
2026-09-15 13:27:50 [INFO    ] chipify.engines.xschem: Xschem PID=18885 cmd=xschem -n --spice -q -x -o /tmp/chipify_f828d4bc08 /foss/designs/heichip/isource_beta/testbenches/xschem/tb_isource_beta_op.sch
2026-09-15 13:27:50 [INFO    ] chipify.engines.xschem: xschem post-run scan: recent_files=['../../../../../tmp/chipify_f828d4bc08/tb_isource_beta_op.xschem.log', '../../../../../tmp/chipify_f828d4bc08/tb_isource_beta_op.spice'] netlist_files=['../../../../../tmp/chipify_f828d4bc08/tb_isource_beta_op.spice'] chosen=../../../../../tmp/chipify_f828d4bc08/tb_isource_beta_op.spice
2026-09-15 13:27:50 [INFO    ] chipify.engines.xschem: Xschem netlist generated OK (spice).
2026-09-15 13:27:50 [INFO    ] chipify.engines.xschem: run_xschem: /foss/designs/heichip/isource_beta/testbenches/xschem/tb_isource_beta_tran.sch (mode=spice)
2026-09-15 13:27:50 [INFO    ] chipify.engines.xschem: Xschem env: HOME=/headless XSCHEM_SHAREDIR=None PATH=/headless/.local/bin:/foss/tools/bin:/foss/tools/sak:/usr/local/sbin:/usr/local/bin:/usr/sbin:/usr/bin:/sbin:/bin:/foss/tools/kactus2:/foss/tools/klayout:/foss/tools/osic-multitool cwd=/foss/designs/heichip/isource_beta/chipify
2026-09-15 13:27:50 [INFO    ] chipify.engines.xschem: Xschem PID=18895 cmd=xschem -n --spice -q -x -o /tmp/chipify_f828d4bc08 /foss/designs/heichip/isource_beta/testbenches/xschem/tb_isource_beta_tran.sch
2026-09-15 13:27:51 [INFO    ] chipify.engines.xschem: xschem post-run scan: recent_files=['../../../../../tmp/chipify_f828d4bc08/tb_isource_beta_tran.spice', '../../../../../tmp/chipify_f828d4bc08/tb_isource_beta_op.spice', '../../../../../tmp/chipify_f828d4bc08/tb_isource_beta_tran.xschem.log'] netlist_files=['../../../../../tmp/chipify_f828d4bc08/tb_isource_beta_tran.spice', '../../../../../tmp/chipify_f828d4bc08/tb_isource_beta_op.spice'] chosen=../../../../../tmp/chipify_f828d4bc08/tb_isource_beta_tran.spice
2026-09-15 13:27:51 [INFO    ] chipify.engines.xschem: Xschem netlist generated OK (spice).
2026-09-15 13:27:51 [INFO    ] chipify.simulator: Phase 3/3: staging files to RAM disk...
2026-09-15 13:27:51 [INFO    ] chipify.engines.staging: Staging library files to RAM disk: /tmp/chipify_f828d4bc08
2026-09-15 13:27:51 [DEBUG   ] chipify.engines.staging: No tb/xschemrc to stage (looked at /foss/designs/heichip/isource_beta/chipify/../testbenches/xschem/xschemrc)
2026-09-15 13:27:51 [INFO    ] chipify.simulator: transient store: /foss/designs/heichip/isource_beta/chipify/out/analysis_data/transient/20260915_132751
2026-09-15 13:27:51 [INFO    ] chipify.simulator: Spawning pool: 11 workers, 30 tasks.
2026-09-15 13:27:51 [DEBUG   ] chipify.simulator: Pool created (forkserver, 11 workers).
2026-09-15 13:27:51 [DEBUG   ] chipify.simulator: 30 batch tasks submitted (chunk_size=1).
2026-09-15 13:29:03 [INFO    ] chipify.simulator: Pool finished cleanly. 30 results collected.
2026-09-15 13:29:03 [INFO    ] chipify.simulator: run_sim() exited.
2026-09-15 13:29:03 [INFO    ] chipify.gui_qt.sim_worker: run_sim returned 30 rows. Saving results…
2026-09-15 13:29:03 [INFO    ] chipify.run_meta: Wrote run metadata: /foss/designs/heichip/isource_beta/chipify/out/history/run_20260915_132903.meta.json
2026-09-15 13:29:03 [INFO    ] chipify.run_meta: Wrote run metadata: /foss/designs/heichip/isource_beta/chipify/out/simulation_results.meta.json
2026-09-15 13:29:03 [DEBUG   ] chipify.expression: evaluate_dataframe_column 'iout': 'out/res' → 'out/res'
2026-09-15 13:29:03 [WARNING ] chipify.uikit.services.equations: Scalar equation 'iout' failed: name 'res' is not defined
2026-09-15 13:29:03 [DEBUG   ] chipify.expression: evaluate_dataframe_column 'out_d': 'outp-outn' → 'outp-outn'
2026-09-15 13:29:03 [DEBUG   ] chipify.plot: Waveform equation 'out_d' skipped: name 'outp' is not defined
2026-09-15 13:29:03 [DEBUG   ] chipify.expression: evaluate_dataframe_column 'out_d': 'outp-outn' → 'outp-outn'
2026-09-15 13:29:03 [DEBUG   ] chipify.plot: Waveform equation 'out_d' skipped: name 'outp' is not defined
2026-09-15 13:29:03 [DEBUG   ] chipify.expression: evaluate_dataframe_column 'out_d': 'outp-outn' → 'outp-outn'
2026-09-15 13:29:03 [DEBUG   ] chipify.plot: Waveform equation 'out_d' skipped: name 'outp' is not defined
2026-09-15 13:29:03 [DEBUG   ] chipify.expression: evaluate_dataframe_column 'out_d': 'outp-outn' → 'outp-outn'
2026-09-15 13:29:03 [DEBUG   ] chipify.plot: Waveform equation 'out_d' skipped: name 'outp' is not defined
2026-09-15 13:29:03 [DEBUG   ] chipify.expression: evaluate_dataframe_column 'out_d': 'outp-outn' → 'outp-outn'
2026-09-15 13:29:03 [DEBUG   ] chipify.plot: Waveform equation 'out_d' skipped: name 'outp' is not defined
2026-09-15 13:29:04 [DEBUG   ] chipify.expression: evaluate_dataframe_column 'out_d': 'outp-outn' → 'outp-outn'
2026-09-15 13:29:04 [DEBUG   ] chipify.plot: Waveform equation 'out_d' skipped: name 'outp' is not defined
2026-09-15 13:29:04 [DEBUG   ] chipify.expression: evaluate_dataframe_column 'out_d': 'outp-outn' → 'outp-outn'
2026-09-15 13:29:04 [DEBUG   ] chipify.plot: Waveform equation 'out_d' skipped: name 'outp' is not defined
2026-09-15 13:29:04 [DEBUG   ] chipify.expression: evaluate_dataframe_column 'out_d': 'outp-outn' → 'outp-outn'
2026-09-15 13:29:04 [DEBUG   ] chipify.plot: Waveform equation 'out_d' skipped: name 'outp' is not defined
2026-09-15 13:29:04 [DEBUG   ] chipify.expression: evaluate_dataframe_column 'out_d': 'outp-outn' → 'outp-outn'
2026-09-15 13:29:04 [DEBUG   ] chipify.plot: Waveform equation 'out_d' skipped: name 'outp' is not defined
2026-09-15 13:29:04 [DEBUG   ] chipify.expression: evaluate_dataframe_column 'out_d': 'outp-outn' → 'outp-outn'
2026-09-15 13:29:04 [DEBUG   ] chipify.plot: Waveform equation 'out_d' skipped: name 'outp' is not defined
2026-09-15 13:29:04 [DEBUG   ] chipify.expression: evaluate_dataframe_column 'out_d': 'outp-outn' → 'outp-outn'
2026-09-15 13:29:04 [DEBUG   ] chipify.plot: Waveform equation 'out_d' skipped: name 'outp' is not defined
2026-09-15 13:29:04 [DEBUG   ] chipify.expression: evaluate_dataframe_column 'out_d': 'outp-outn' → 'outp-outn'
2026-09-15 13:29:04 [DEBUG   ] chipify.plot: Waveform equation 'out_d' skipped: name 'outp' is not defined
2026-09-15 13:29:04 [DEBUG   ] chipify.expression: evaluate_dataframe_column 'out_d': 'outp-outn' → 'outp-outn'
2026-09-15 13:29:04 [DEBUG   ] chipify.plot: Waveform equation 'out_d' skipped: name 'outp' is not defined
2026-09-15 13:29:04 [DEBUG   ] chipify.expression: evaluate_dataframe_column 'out_d': 'outp-outn' → 'outp-outn'
2026-09-15 13:29:04 [DEBUG   ] chipify.plot: Waveform equation 'out_d' skipped: name 'outp' is not defined
2026-09-15 13:29:04 [DEBUG   ] chipify.expression: evaluate_dataframe_column 'out_d': 'outp-outn' → 'outp-outn'
2026-09-15 13:29:04 [DEBUG   ] chipify.plot: Waveform equation 'out_d' skipped: name 'outp' is not defined
2026-09-15 13:29:04 [DEBUG   ] chipify.expression: evaluate_dataframe_column 'out_d': 'outp-outn' → 'outp-outn'
2026-09-15 13:29:04 [DEBUG   ] chipify.plot: Waveform equation 'out_d' skipped: name 'outp' is not defined
2026-09-15 13:29:04 [DEBUG   ] chipify.expression: evaluate_dataframe_column 'out_d': 'outp-outn' → 'outp-outn'
2026-09-15 13:29:04 [DEBUG   ] chipify.plot: Waveform equation 'out_d' skipped: name 'outp' is not defined
2026-09-15 13:29:04 [DEBUG   ] chipify.expression: evaluate_dataframe_column 'out_d': 'outp-outn' → 'outp-outn'
2026-09-15 13:29:04 [DEBUG   ] chipify.plot: Waveform equation 'out_d' skipped: name 'outp' is not defined
2026-09-15 13:29:04 [DEBUG   ] chipify.expression: evaluate_dataframe_column 'out_d': 'outp-outn' → 'outp-outn'
2026-09-15 13:29:04 [DEBUG   ] chipify.plot: Waveform equation 'out_d' skipped: name 'outp' is not defined
2026-09-15 13:29:04 [DEBUG   ] chipify.expression: evaluate_dataframe_column 'out_d': 'outp-outn' → 'outp-outn'
2026-09-15 13:29:04 [DEBUG   ] chipify.plot: Waveform equation 'out_d' skipped: name 'outp' is not defined
2026-09-15 13:29:05 [DEBUG   ] chipify.expression: evaluate_dataframe_column 'out_d': 'outp-outn' → 'outp-outn'
2026-09-15 13:29:05 [DEBUG   ] chipify.plot: Waveform equation 'out_d' skipped: name 'outp' is not defined
2026-09-15 13:29:05 [DEBUG   ] chipify.expression: evaluate_dataframe_column 'out_d': 'outp-outn' → 'outp-outn'
2026-09-15 13:29:05 [DEBUG   ] chipify.plot: Waveform equation 'out_d' skipped: name 'outp' is not defined
2026-09-15 13:29:05 [DEBUG   ] chipify.expression: evaluate_dataframe_column 'out_d': 'outp-outn' → 'outp-outn'
2026-09-15 13:29:05 [DEBUG   ] chipify.plot: Waveform equation 'out_d' skipped: name 'outp' is not defined
2026-09-15 13:29:05 [DEBUG   ] chipify.expression: evaluate_dataframe_column 'out_d': 'outp-outn' → 'outp-outn'
2026-09-15 13:29:05 [DEBUG   ] chipify.plot: Waveform equation 'out_d' skipped: name 'outp' is not defined
2026-09-15 13:29:05 [DEBUG   ] chipify.expression: evaluate_dataframe_column 'out_d': 'outp-outn' → 'outp-outn'
2026-09-15 13:29:05 [DEBUG   ] chipify.plot: Waveform equation 'out_d' skipped: name 'outp' is not defined
2026-09-15 13:29:05 [DEBUG   ] chipify.expression: evaluate_dataframe_column 'out_d': 'outp-outn' → 'outp-outn'
2026-09-15 13:29:05 [DEBUG   ] chipify.plot: Waveform equation 'out_d' skipped: name 'outp' is not defined
2026-09-15 13:29:05 [DEBUG   ] chipify.expression: evaluate_dataframe_column 'out_d': 'outp-outn' → 'outp-outn'
2026-09-15 13:29:05 [DEBUG   ] chipify.plot: Waveform equation 'out_d' skipped: name 'outp' is not defined
2026-09-15 13:29:05 [DEBUG   ] chipify.expression: evaluate_dataframe_column 'out_d': 'outp-outn' → 'outp-outn'
2026-09-15 13:29:05 [DEBUG   ] chipify.plot: Waveform equation 'out_d' skipped: name 'outp' is not defined
2026-09-15 13:29:05 [DEBUG   ] chipify.expression: evaluate_dataframe_column 'out_d': 'outp-outn' → 'outp-outn'
2026-09-15 13:29:05 [DEBUG   ] chipify.plot: Waveform equation 'out_d' skipped: name 'outp' is not defined
2026-09-15 13:29:05 [DEBUG   ] chipify.expression: evaluate_dataframe_column 'out_d': 'outp-outn' → 'outp-outn'
2026-09-15 13:29:05 [DEBUG   ] chipify.plot: Waveform equation 'out_d' skipped: name 'outp' is not defined
2026-09-15 13:33:22 [INFO    ] chipify.gui_qt.controllers.simulation: SimulationController.start: corners_ngspice.yaml
2026-09-15 13:33:22 [INFO    ] chipify.gui_qt.sim_worker: SimWorker.run on thread Dummy-174
2026-09-15 13:33:22 [INFO    ] chipify.simulator: run_sim() started. Testbenches: 2
2026-09-15 13:33:22 [INFO    ] chipify.simulator: Phase 1/3: generating parameter cases...
2026-09-15 13:33:22 [INFO    ] chipify.simulator: Total cases: 30
2026-09-15 13:33:22 [INFO    ] chipify.simulator: Simulator engine(s) in use: ngspice
2026-09-15 13:33:22 [INFO    ] chipify.simulator: Phase 2/3: generating Xschem templates...
2026-09-15 13:33:22 [INFO    ] chipify.engines.xschem: run_xschem: /foss/designs/heichip/isource_beta/testbenches/xschem/tb_isource_beta_op.sch (mode=spice)
2026-09-15 13:33:22 [INFO    ] chipify.engines.xschem: Xschem env: HOME=/headless XSCHEM_SHAREDIR=None PATH=/headless/.local/bin:/foss/tools/bin:/foss/tools/sak:/usr/local/sbin:/usr/local/bin:/usr/sbin:/usr/bin:/sbin:/bin:/foss/tools/kactus2:/foss/tools/klayout:/foss/tools/osic-multitool cwd=/foss/designs/heichip/isource_beta/chipify
2026-09-15 13:33:22 [INFO    ] chipify.engines.xschem: Xschem PID=19145 cmd=xschem -n --spice -q -x -o /tmp/chipify_f828d4bc08 /foss/designs/heichip/isource_beta/testbenches/xschem/tb_isource_beta_op.sch
2026-09-15 13:33:23 [INFO    ] chipify.engines.xschem: xschem post-run scan: recent_files=['../../../../../tmp/chipify_f828d4bc08/tb_isource_beta_op.xschem.log', '../../../../../tmp/chipify_f828d4bc08/tb_isource_beta_op.spice'] netlist_files=['../../../../../tmp/chipify_f828d4bc08/tb_isource_beta_op.spice'] chosen=../../../../../tmp/chipify_f828d4bc08/tb_isource_beta_op.spice
2026-09-15 13:33:23 [INFO    ] chipify.engines.xschem: Xschem netlist generated OK (spice).
2026-09-15 13:33:23 [INFO    ] chipify.engines.xschem: run_xschem: /foss/designs/heichip/isource_beta/testbenches/xschem/tb_isource_beta_tran.sch (mode=spice)
2026-09-15 13:33:23 [INFO    ] chipify.engines.xschem: Xschem env: HOME=/headless XSCHEM_SHAREDIR=None PATH=/headless/.local/bin:/foss/tools/bin:/foss/tools/sak:/usr/local/sbin:/usr/local/bin:/usr/sbin:/usr/bin:/sbin:/bin:/foss/tools/kactus2:/foss/tools/klayout:/foss/tools/osic-multitool cwd=/foss/designs/heichip/isource_beta/chipify
2026-09-15 13:33:23 [INFO    ] chipify.engines.xschem: Xschem PID=19155 cmd=xschem -n --spice -q -x -o /tmp/chipify_f828d4bc08 /foss/designs/heichip/isource_beta/testbenches/xschem/tb_isource_beta_tran.sch
2026-09-15 13:33:23 [INFO    ] chipify.engines.xschem: xschem post-run scan: recent_files=['../../../../../tmp/chipify_f828d4bc08/tb_isource_beta_tran.spice', '../../../../../tmp/chipify_f828d4bc08/tb_isource_beta_op.spice', '../../../../../tmp/chipify_f828d4bc08/tb_isource_beta_tran.xschem.log'] netlist_files=['../../../../../tmp/chipify_f828d4bc08/tb_isource_beta_tran.spice', '../../../../../tmp/chipify_f828d4bc08/tb_isource_beta_op.spice'] chosen=../../../../../tmp/chipify_f828d4bc08/tb_isource_beta_tran.spice
2026-09-15 13:33:23 [INFO    ] chipify.engines.xschem: Xschem netlist generated OK (spice).
2026-09-15 13:33:23 [INFO    ] chipify.simulator: Phase 3/3: staging files to RAM disk...
2026-09-15 13:33:23 [INFO    ] chipify.engines.staging: Staging library files to RAM disk: /tmp/chipify_f828d4bc08
2026-09-15 13:33:23 [DEBUG   ] chipify.engines.staging: No tb/xschemrc to stage (looked at /foss/designs/heichip/isource_beta/chipify/../testbenches/xschem/xschemrc)
2026-09-15 13:33:23 [INFO    ] chipify.simulator: transient store: /foss/designs/heichip/isource_beta/chipify/out/analysis_data/transient/20260915_133323
2026-09-15 13:33:23 [INFO    ] chipify.simulator: Spawning pool: 11 workers, 30 tasks.
2026-09-15 13:33:23 [DEBUG   ] chipify.simulator: Pool created (forkserver, 11 workers).
2026-09-15 13:33:23 [DEBUG   ] chipify.simulator: 30 batch tasks submitted (chunk_size=1).
2026-09-15 13:34:35 [INFO    ] chipify.simulator: Pool finished cleanly. 30 results collected.
2026-09-15 13:34:35 [INFO    ] chipify.simulator: run_sim() exited.
2026-09-15 13:34:35 [INFO    ] chipify.gui_qt.sim_worker: run_sim returned 30 rows. Saving results…
2026-09-15 13:34:35 [INFO    ] chipify.run_meta: Wrote run metadata: /foss/designs/heichip/isource_beta/chipify/out/history/run_20260915_133435.meta.json
2026-09-15 13:34:35 [INFO    ] chipify.run_meta: Wrote run metadata: /foss/designs/heichip/isource_beta/chipify/out/simulation_results.meta.json
2026-09-15 13:34:35 [DEBUG   ] chipify.expression: evaluate_dataframe_column 'iout': 'out/res' → 'out/res'
2026-09-15 13:34:35 [WARNING ] chipify.uikit.services.equations: Scalar equation 'iout' failed: name 'res' is not defined
2026-09-15 13:34:36 [DEBUG   ] chipify.expression: evaluate_dataframe_column 'out_d': 'outp-outn' → 'outp-outn'
2026-09-15 13:34:36 [DEBUG   ] chipify.plot: Waveform equation 'out_d' skipped: name 'outp' is not defined
2026-09-15 13:34:36 [DEBUG   ] chipify.expression: evaluate_dataframe_column 'out_d': 'outp-outn' → 'outp-outn'
2026-09-15 13:34:36 [DEBUG   ] chipify.plot: Waveform equation 'out_d' skipped: name 'outp' is not defined
2026-09-15 13:34:36 [DEBUG   ] chipify.expression: evaluate_dataframe_column 'out_d': 'outp-outn' → 'outp-outn'
2026-09-15 13:34:36 [DEBUG   ] chipify.plot: Waveform equation 'out_d' skipped: name 'outp' is not defined
2026-09-15 13:34:36 [DEBUG   ] chipify.expression: evaluate_dataframe_column 'out_d': 'outp-outn' → 'outp-outn'
2026-09-15 13:34:36 [DEBUG   ] chipify.plot: Waveform equation 'out_d' skipped: name 'outp' is not defined
2026-09-15 13:34:36 [DEBUG   ] chipify.expression: evaluate_dataframe_column 'out_d': 'outp-outn' → 'outp-outn'
2026-09-15 13:34:36 [DEBUG   ] chipify.plot: Waveform equation 'out_d' skipped: name 'outp' is not defined
2026-09-15 13:34:36 [DEBUG   ] chipify.expression: evaluate_dataframe_column 'out_d': 'outp-outn' → 'outp-outn'
2026-09-15 13:34:36 [DEBUG   ] chipify.plot: Waveform equation 'out_d' skipped: name 'outp' is not defined
2026-09-15 13:34:36 [DEBUG   ] chipify.expression: evaluate_dataframe_column 'out_d': 'outp-outn' → 'outp-outn'
2026-09-15 13:34:36 [DEBUG   ] chipify.plot: Waveform equation 'out_d' skipped: name 'outp' is not defined
2026-09-15 13:34:36 [DEBUG   ] chipify.expression: evaluate_dataframe_column 'out_d': 'outp-outn' → 'outp-outn'
2026-09-15 13:34:36 [DEBUG   ] chipify.plot: Waveform equation 'out_d' skipped: name 'outp' is not defined
2026-09-15 13:34:36 [DEBUG   ] chipify.expression: evaluate_dataframe_column 'out_d': 'outp-outn' → 'outp-outn'
2026-09-15 13:34:36 [DEBUG   ] chipify.plot: Waveform equation 'out_d' skipped: name 'outp' is not defined
2026-09-15 13:34:37 [DEBUG   ] chipify.expression: evaluate_dataframe_column 'out_d': 'outp-outn' → 'outp-outn'
2026-09-15 13:34:37 [DEBUG   ] chipify.plot: Waveform equation 'out_d' skipped: name 'outp' is not defined
2026-09-15 13:34:37 [DEBUG   ] chipify.expression: evaluate_dataframe_column 'out_d': 'outp-outn' → 'outp-outn'
2026-09-15 13:34:37 [DEBUG   ] chipify.plot: Waveform equation 'out_d' skipped: name 'outp' is not defined
2026-09-15 13:34:37 [DEBUG   ] chipify.expression: evaluate_dataframe_column 'out_d': 'outp-outn' → 'outp-outn'
2026-09-15 13:34:37 [DEBUG   ] chipify.plot: Waveform equation 'out_d' skipped: name 'outp' is not defined
2026-09-15 13:34:37 [DEBUG   ] chipify.expression: evaluate_dataframe_column 'out_d': 'outp-outn' → 'outp-outn'
2026-09-15 13:34:37 [DEBUG   ] chipify.plot: Waveform equation 'out_d' skipped: name 'outp' is not defined
2026-09-15 13:34:37 [DEBUG   ] chipify.expression: evaluate_dataframe_column 'out_d': 'outp-outn' → 'outp-outn'
2026-09-15 13:34:37 [DEBUG   ] chipify.plot: Waveform equation 'out_d' skipped: name 'outp' is not defined
2026-09-15 13:34:37 [DEBUG   ] chipify.expression: evaluate_dataframe_column 'out_d': 'outp-outn' → 'outp-outn'
2026-09-15 13:34:37 [DEBUG   ] chipify.plot: Waveform equation 'out_d' skipped: name 'outp' is not defined
2026-09-15 13:34:37 [DEBUG   ] chipify.expression: evaluate_dataframe_column 'out_d': 'outp-outn' → 'outp-outn'
2026-09-15 13:34:37 [DEBUG   ] chipify.plot: Waveform equation 'out_d' skipped: name 'outp' is not defined
2026-09-15 13:34:37 [DEBUG   ] chipify.expression: evaluate_dataframe_column 'out_d': 'outp-outn' → 'outp-outn'
2026-09-15 13:34:37 [DEBUG   ] chipify.plot: Waveform equation 'out_d' skipped: name 'outp' is not defined
2026-09-15 13:34:37 [DEBUG   ] chipify.expression: evaluate_dataframe_column 'out_d': 'outp-outn' → 'outp-outn'
2026-09-15 13:34:37 [DEBUG   ] chipify.plot: Waveform equation 'out_d' skipped: name 'outp' is not defined
2026-09-15 13:34:37 [DEBUG   ] chipify.expression: evaluate_dataframe_column 'out_d': 'outp-outn' → 'outp-outn'
2026-09-15 13:34:37 [DEBUG   ] chipify.plot: Waveform equation 'out_d' skipped: name 'outp' is not defined
2026-09-15 13:34:37 [DEBUG   ] chipify.expression: evaluate_dataframe_column 'out_d': 'outp-outn' → 'outp-outn'
2026-09-15 13:34:37 [DEBUG   ] chipify.plot: Waveform equation 'out_d' skipped: name 'outp' is not defined
2026-09-15 13:34:37 [DEBUG   ] chipify.expression: evaluate_dataframe_column 'out_d': 'outp-outn' → 'outp-outn'
2026-09-15 13:34:37 [DEBUG   ] chipify.plot: Waveform equation 'out_d' skipped: name 'outp' is not defined
2026-09-15 13:34:38 [DEBUG   ] chipify.expression: evaluate_dataframe_column 'out_d': 'outp-outn' → 'outp-outn'
2026-09-15 13:34:38 [DEBUG   ] chipify.plot: Waveform equation 'out_d' skipped: name 'outp' is not defined
2026-09-15 13:34:38 [DEBUG   ] chipify.expression: evaluate_dataframe_column 'out_d': 'outp-outn' → 'outp-outn'
2026-09-15 13:34:38 [DEBUG   ] chipify.plot: Waveform equation 'out_d' skipped: name 'outp' is not defined
2026-09-15 13:34:38 [DEBUG   ] chipify.expression: evaluate_dataframe_column 'out_d': 'outp-outn' → 'outp-outn'
2026-09-15 13:34:38 [DEBUG   ] chipify.plot: Waveform equation 'out_d' skipped: name 'outp' is not defined
2026-09-15 13:34:38 [DEBUG   ] chipify.expression: evaluate_dataframe_column 'out_d': 'outp-outn' → 'outp-outn'
2026-09-15 13:34:38 [DEBUG   ] chipify.plot: Waveform equation 'out_d' skipped: name 'outp' is not defined
2026-09-15 13:34:38 [DEBUG   ] chipify.expression: evaluate_dataframe_column 'out_d': 'outp-outn' → 'outp-outn'
2026-09-15 13:34:38 [DEBUG   ] chipify.plot: Waveform equation 'out_d' skipped: name 'outp' is not defined
2026-09-15 13:34:38 [DEBUG   ] chipify.expression: evaluate_dataframe_column 'out_d': 'outp-outn' → 'outp-outn'
2026-09-15 13:34:38 [DEBUG   ] chipify.plot: Waveform equation 'out_d' skipped: name 'outp' is not defined
2026-09-15 13:34:38 [DEBUG   ] chipify.expression: evaluate_dataframe_column 'out_d': 'outp-outn' → 'outp-outn'
2026-09-15 13:34:38 [DEBUG   ] chipify.plot: Waveform equation 'out_d' skipped: name 'outp' is not defined
2026-09-15 13:34:38 [DEBUG   ] chipify.expression: evaluate_dataframe_column 'out_d': 'outp-outn' → 'outp-outn'
2026-09-15 13:34:38 [DEBUG   ] chipify.plot: Waveform equation 'out_d' skipped: name 'outp' is not defined
2026-09-15 13:34:38 [DEBUG   ] chipify.expression: evaluate_dataframe_column 'out_d': 'outp-outn' → 'outp-outn'
2026-09-15 13:34:38 [DEBUG   ] chipify.plot: Waveform equation 'out_d' skipped: name 'outp' is not defined
2026-09-15 13:35:43 [DEBUG   ] chipify.expression: evaluate_dataframe_column 'out_d': 'outp-outn' → 'outp-outn'
2026-09-15 13:35:43 [DEBUG   ] chipify.plot: Waveform equation 'out_d' skipped: name 'outp' is not defined
2026-09-15 13:35:43 [DEBUG   ] chipify.expression: evaluate_dataframe_column 'out_d': 'outp-outn' → 'outp-outn'
2026-09-15 13:35:43 [DEBUG   ] chipify.plot: Waveform equation 'out_d' skipped: name 'outp' is not defined
2026-09-15 13:35:43 [DEBUG   ] chipify.expression: evaluate_dataframe_column 'out_d': 'outp-outn' → 'outp-outn'
2026-09-15 13:35:43 [DEBUG   ] chipify.plot: Waveform equation 'out_d' skipped: name 'outp' is not defined
2026-09-15 13:35:43 [DEBUG   ] chipify.expression: evaluate_dataframe_column 'out_d': 'outp-outn' → 'outp-outn'
2026-09-15 13:35:43 [DEBUG   ] chipify.plot: Waveform equation 'out_d' skipped: name 'outp' is not defined
2026-09-15 13:35:43 [DEBUG   ] chipify.expression: evaluate_dataframe_column 'out_d': 'outp-outn' → 'outp-outn'
2026-09-15 13:35:43 [DEBUG   ] chipify.plot: Waveform equation 'out_d' skipped: name 'outp' is not defined
2026-09-15 13:35:43 [DEBUG   ] chipify.expression: evaluate_dataframe_column 'out_d': 'outp-outn' → 'outp-outn'
2026-09-15 13:35:43 [DEBUG   ] chipify.plot: Waveform equation 'out_d' skipped: name 'outp' is not defined
2026-09-15 13:35:43 [DEBUG   ] chipify.expression: evaluate_dataframe_column 'out_d': 'outp-outn' → 'outp-outn'
2026-09-15 13:35:43 [DEBUG   ] chipify.plot: Waveform equation 'out_d' skipped: name 'outp' is not defined
2026-09-15 13:35:43 [DEBUG   ] chipify.expression: evaluate_dataframe_column 'out_d': 'outp-outn' → 'outp-outn'
2026-09-15 13:35:43 [DEBUG   ] chipify.plot: Waveform equation 'out_d' skipped: name 'outp' is not defined
2026-09-15 13:35:43 [DEBUG   ] chipify.expression: evaluate_dataframe_column 'out_d': 'outp-outn' → 'outp-outn'
2026-09-15 13:35:43 [DEBUG   ] chipify.plot: Waveform equation 'out_d' skipped: name 'outp' is not defined
2026-09-15 13:35:43 [DEBUG   ] chipify.expression: evaluate_dataframe_column 'out_d': 'outp-outn' → 'outp-outn'
2026-09-15 13:35:43 [DEBUG   ] chipify.plot: Waveform equation 'out_d' skipped: name 'outp' is not defined
2026-09-15 13:35:43 [DEBUG   ] chipify.expression: evaluate_dataframe_column 'out_d': 'outp-outn' → 'outp-outn'
2026-09-15 13:35:43 [DEBUG   ] chipify.plot: Waveform equation 'out_d' skipped: name 'outp' is not defined
2026-09-15 13:35:43 [DEBUG   ] chipify.expression: evaluate_dataframe_column 'out_d': 'outp-outn' → 'outp-outn'
2026-09-15 13:35:43 [DEBUG   ] chipify.plot: Waveform equation 'out_d' skipped: name 'outp' is not defined
2026-09-15 13:35:43 [DEBUG   ] chipify.expression: evaluate_dataframe_column 'out_d': 'outp-outn' → 'outp-outn'
2026-09-15 13:35:43 [DEBUG   ] chipify.plot: Waveform equation 'out_d' skipped: name 'outp' is not defined
2026-09-15 13:35:43 [DEBUG   ] chipify.expression: evaluate_dataframe_column 'out_d': 'outp-outn' → 'outp-outn'
2026-09-15 13:35:43 [DEBUG   ] chipify.plot: Waveform equation 'out_d' skipped: name 'outp' is not defined
2026-09-15 13:35:43 [DEBUG   ] chipify.expression: evaluate_dataframe_column 'out_d': 'outp-outn' → 'outp-outn'
2026-09-15 13:35:43 [DEBUG   ] chipify.plot: Waveform equation 'out_d' skipped: name 'outp' is not defined
2026-09-15 13:35:44 [DEBUG   ] chipify.expression: evaluate_dataframe_column 'out_d': 'outp-outn' → 'outp-outn'
2026-09-15 13:35:44 [DEBUG   ] chipify.plot: Waveform equation 'out_d' skipped: name 'outp' is not defined
2026-09-15 13:35:44 [DEBUG   ] chipify.expression: evaluate_dataframe_column 'out_d': 'outp-outn' → 'outp-outn'
2026-09-15 13:35:44 [DEBUG   ] chipify.plot: Waveform equation 'out_d' skipped: name 'outp' is not defined
2026-09-15 13:35:44 [DEBUG   ] chipify.expression: evaluate_dataframe_column 'out_d': 'outp-outn' → 'outp-outn'
2026-09-15 13:35:44 [DEBUG   ] chipify.plot: Waveform equation 'out_d' skipped: name 'outp' is not defined
2026-09-15 13:35:44 [DEBUG   ] chipify.expression: evaluate_dataframe_column 'out_d': 'outp-outn' → 'outp-outn'
2026-09-15 13:35:44 [DEBUG   ] chipify.plot: Waveform equation 'out_d' skipped: name 'outp' is not defined
2026-09-15 13:35:44 [DEBUG   ] chipify.expression: evaluate_dataframe_column 'out_d': 'outp-outn' → 'outp-outn'
2026-09-15 13:35:44 [DEBUG   ] chipify.plot: Waveform equation 'out_d' skipped: name 'outp' is not defined
2026-09-15 13:35:44 [DEBUG   ] chipify.expression: evaluate_dataframe_column 'out_d': 'outp-outn' → 'outp-outn'
2026-09-15 13:35:44 [DEBUG   ] chipify.plot: Waveform equation 'out_d' skipped: name 'outp' is not defined
2026-09-15 13:35:44 [DEBUG   ] chipify.expression: evaluate_dataframe_column 'out_d': 'outp-outn' → 'outp-outn'
2026-09-15 13:35:44 [DEBUG   ] chipify.plot: Waveform equation 'out_d' skipped: name 'outp' is not defined
2026-09-15 13:35:44 [DEBUG   ] chipify.expression: evaluate_dataframe_column 'out_d': 'outp-outn' → 'outp-outn'
2026-09-15 13:35:44 [DEBUG   ] chipify.plot: Waveform equation 'out_d' skipped: name 'outp' is not defined
2026-09-15 13:35:44 [DEBUG   ] chipify.expression: evaluate_dataframe_column 'out_d': 'outp-outn' → 'outp-outn'
2026-09-15 13:35:44 [DEBUG   ] chipify.plot: Waveform equation 'out_d' skipped: name 'outp' is not defined
2026-09-15 13:35:44 [DEBUG   ] chipify.expression: evaluate_dataframe_column 'out_d': 'outp-outn' → 'outp-outn'
2026-09-15 13:35:44 [DEBUG   ] chipify.plot: Waveform equation 'out_d' skipped: name 'outp' is not defined
2026-09-15 13:35:44 [DEBUG   ] chipify.expression: evaluate_dataframe_column 'out_d': 'outp-outn' → 'outp-outn'
2026-09-15 13:35:44 [DEBUG   ] chipify.plot: Waveform equation 'out_d' skipped: name 'outp' is not defined
2026-09-15 13:35:44 [DEBUG   ] chipify.expression: evaluate_dataframe_column 'out_d': 'outp-outn' → 'outp-outn'
2026-09-15 13:35:44 [DEBUG   ] chipify.plot: Waveform equation 'out_d' skipped: name 'outp' is not defined
2026-09-15 13:35:45 [DEBUG   ] chipify.expression: evaluate_dataframe_column 'out_d': 'outp-outn' → 'outp-outn'
2026-09-15 13:35:45 [DEBUG   ] chipify.plot: Waveform equation 'out_d' skipped: name 'outp' is not defined
2026-09-15 13:35:45 [DEBUG   ] chipify.expression: evaluate_dataframe_column 'out_d': 'outp-outn' → 'outp-outn'
2026-09-15 13:35:45 [DEBUG   ] chipify.plot: Waveform equation 'out_d' skipped: name 'outp' is not defined
2026-09-15 13:35:45 [DEBUG   ] chipify.expression: evaluate_dataframe_column 'out_d': 'outp-outn' → 'outp-outn'
2026-09-15 13:35:45 [DEBUG   ] chipify.plot: Waveform equation 'out_d' skipped: name 'outp' is not defined
2026-09-15 13:36:05 [INFO    ] chipify.gui_qt.controllers.simulation: SimulationController.start: corners_ngspice.yaml
2026-09-15 13:36:05 [INFO    ] chipify.gui_qt.sim_worker: SimWorker.run on thread Dummy-178
2026-09-15 13:36:05 [INFO    ] chipify.simulator: run_sim() started. Testbenches: 2
2026-09-15 13:36:05 [INFO    ] chipify.simulator: Phase 1/3: generating parameter cases...
2026-09-15 13:36:05 [INFO    ] chipify.simulator: Total cases: 30
2026-09-15 13:36:05 [INFO    ] chipify.simulator: Simulator engine(s) in use: ngspice
2026-09-15 13:36:05 [INFO    ] chipify.simulator: Phase 2/3: generating Xschem templates...
2026-09-15 13:36:05 [INFO    ] chipify.engines.xschem: run_xschem: /foss/designs/heichip/isource_beta/testbenches/xschem/tb_isource_beta_op.sch (mode=spice)
2026-09-15 13:36:05 [INFO    ] chipify.engines.xschem: Xschem env: HOME=/headless XSCHEM_SHAREDIR=None PATH=/headless/.local/bin:/foss/tools/bin:/foss/tools/sak:/usr/local/sbin:/usr/local/bin:/usr/sbin:/usr/bin:/sbin:/bin:/foss/tools/kactus2:/foss/tools/klayout:/foss/tools/osic-multitool cwd=/foss/designs/heichip/isource_beta/chipify
2026-09-15 13:36:05 [INFO    ] chipify.engines.xschem: Xschem PID=19397 cmd=xschem -n --spice -q -x -o /tmp/chipify_f828d4bc08 /foss/designs/heichip/isource_beta/testbenches/xschem/tb_isource_beta_op.sch
2026-09-15 13:36:06 [INFO    ] chipify.engines.xschem: xschem post-run scan: recent_files=['../../../../../tmp/chipify_f828d4bc08/tb_isource_beta_op.xschem.log', '../../../../../tmp/chipify_f828d4bc08/tb_isource_beta_op.spice'] netlist_files=['../../../../../tmp/chipify_f828d4bc08/tb_isource_beta_op.spice'] chosen=../../../../../tmp/chipify_f828d4bc08/tb_isource_beta_op.spice
2026-09-15 13:36:06 [INFO    ] chipify.engines.xschem: Xschem netlist generated OK (spice).
2026-09-15 13:36:06 [INFO    ] chipify.engines.xschem: run_xschem: /foss/designs/heichip/isource_beta/testbenches/xschem/tb_isource_beta_tran.sch (mode=spice)
2026-09-15 13:36:06 [INFO    ] chipify.engines.xschem: Xschem env: HOME=/headless XSCHEM_SHAREDIR=None PATH=/headless/.local/bin:/foss/tools/bin:/foss/tools/sak:/usr/local/sbin:/usr/local/bin:/usr/sbin:/usr/bin:/sbin:/bin:/foss/tools/kactus2:/foss/tools/klayout:/foss/tools/osic-multitool cwd=/foss/designs/heichip/isource_beta/chipify
2026-09-15 13:36:06 [INFO    ] chipify.engines.xschem: Xschem PID=19407 cmd=xschem -n --spice -q -x -o /tmp/chipify_f828d4bc08 /foss/designs/heichip/isource_beta/testbenches/xschem/tb_isource_beta_tran.sch
2026-09-15 13:36:06 [INFO    ] chipify.engines.xschem: xschem post-run scan: recent_files=['../../../../../tmp/chipify_f828d4bc08/tb_isource_beta_tran.spice', '../../../../../tmp/chipify_f828d4bc08/tb_isource_beta_op.spice', '../../../../../tmp/chipify_f828d4bc08/tb_isource_beta_tran.xschem.log'] netlist_files=['../../../../../tmp/chipify_f828d4bc08/tb_isource_beta_tran.spice', '../../../../../tmp/chipify_f828d4bc08/tb_isource_beta_op.spice'] chosen=../../../../../tmp/chipify_f828d4bc08/tb_isource_beta_tran.spice
2026-09-15 13:36:06 [INFO    ] chipify.engines.xschem: Xschem netlist generated OK (spice).
2026-09-15 13:36:06 [INFO    ] chipify.simulator: Phase 3/3: staging files to RAM disk...
2026-09-15 13:36:06 [INFO    ] chipify.engines.staging: Staging library files to RAM disk: /tmp/chipify_f828d4bc08
2026-09-15 13:36:06 [DEBUG   ] chipify.engines.staging: No tb/xschemrc to stage (looked at /foss/designs/heichip/isource_beta/chipify/../testbenches/xschem/xschemrc)
2026-09-15 13:36:06 [INFO    ] chipify.simulator: transient store: /foss/designs/heichip/isource_beta/chipify/out/analysis_data/transient/20260915_133606
2026-09-15 13:36:06 [INFO    ] chipify.simulator: Spawning pool: 11 workers, 30 tasks.
2026-09-15 13:36:06 [DEBUG   ] chipify.simulator: Pool created (forkserver, 11 workers).
2026-09-15 13:36:06 [DEBUG   ] chipify.simulator: 30 batch tasks submitted (chunk_size=1).
2026-09-15 13:56:17 [INFO    ] chipify.simulator: Pool finished cleanly. 30 results collected.
2026-09-15 13:56:17 [INFO    ] chipify.simulator: run_sim() exited.
2026-09-15 13:56:17 [INFO    ] chipify.gui_qt.sim_worker: run_sim returned 30 rows. Saving results…
2026-09-15 13:56:18 [INFO    ] chipify.run_meta: Wrote run metadata: /foss/designs/heichip/isource_beta/chipify/out/history/run_20260915_135618.meta.json
2026-09-15 13:56:18 [INFO    ] chipify.run_meta: Wrote run metadata: /foss/designs/heichip/isource_beta/chipify/out/simulation_results.meta.json
2026-09-15 13:56:18 [DEBUG   ] chipify.expression: evaluate_dataframe_column 'iout': 'out/res' → 'out/res'
2026-09-15 13:56:18 [WARNING ] chipify.uikit.services.equations: Scalar equation 'iout' failed: name 'res' is not defined
2026-09-15 13:57:11 [DEBUG   ] chipify.expression: evaluate_dataframe_column 'out_d': 'outp-outn' → 'outp-outn'
2026-09-15 13:57:11 [DEBUG   ] chipify.plot: Waveform equation 'out_d' skipped: name 'outp' is not defined
2026-09-15 13:57:15 [DEBUG   ] chipify.expression: evaluate_dataframe_column 'out_d': 'outp-outn' → 'outp-outn'
2026-09-15 13:57:15 [DEBUG   ] chipify.plot: Waveform equation 'out_d' skipped: name 'outp' is not defined
2026-09-15 13:57:16 [DEBUG   ] chipify.expression: evaluate_dataframe_column 'out_d': 'outp-outn' → 'outp-outn'
2026-09-15 13:57:16 [DEBUG   ] chipify.plot: Waveform equation 'out_d' skipped: name 'outp' is not defined
2026-09-15 13:57:17 [DEBUG   ] chipify.expression: evaluate_dataframe_column 'out_d': 'outp-outn' → 'outp-outn'
2026-09-15 13:57:17 [DEBUG   ] chipify.plot: Waveform equation 'out_d' skipped: name 'outp' is not defined
2026-09-15 13:57:17 [DEBUG   ] chipify.expression: evaluate_dataframe_column 'out_d': 'outp-outn' → 'outp-outn'
2026-09-15 13:57:17 [DEBUG   ] chipify.plot: Waveform equation 'out_d' skipped: name 'outp' is not defined
2026-09-15 13:57:18 [DEBUG   ] chipify.expression: evaluate_dataframe_column 'out_d': 'outp-outn' → 'outp-outn'
2026-09-15 13:57:18 [DEBUG   ] chipify.plot: Waveform equation 'out_d' skipped: name 'outp' is not defined
2026-09-15 13:57:19 [DEBUG   ] chipify.expression: evaluate_dataframe_column 'out_d': 'outp-outn' → 'outp-outn'
2026-09-15 13:57:19 [DEBUG   ] chipify.plot: Waveform equation 'out_d' skipped: name 'outp' is not defined
2026-09-15 13:57:19 [DEBUG   ] chipify.expression: evaluate_dataframe_column 'out_d': 'outp-outn' → 'outp-outn'
2026-09-15 13:57:19 [DEBUG   ] chipify.plot: Waveform equation 'out_d' skipped: name 'outp' is not defined
2026-09-15 13:57:20 [DEBUG   ] chipify.expression: evaluate_dataframe_column 'out_d': 'outp-outn' → 'outp-outn'
2026-09-15 13:57:20 [DEBUG   ] chipify.plot: Waveform equation 'out_d' skipped: name 'outp' is not defined
2026-09-15 13:57:20 [DEBUG   ] chipify.expression: evaluate_dataframe_column 'out_d': 'outp-outn' → 'outp-outn'
2026-09-15 13:57:20 [DEBUG   ] chipify.plot: Waveform equation 'out_d' skipped: name 'outp' is not defined
2026-09-15 13:57:21 [DEBUG   ] chipify.expression: evaluate_dataframe_column 'out_d': 'outp-outn' → 'outp-outn'
2026-09-15 13:57:21 [DEBUG   ] chipify.plot: Waveform equation 'out_d' skipped: name 'outp' is not defined
2026-09-15 13:57:22 [DEBUG   ] chipify.expression: evaluate_dataframe_column 'out_d': 'outp-outn' → 'outp-outn'
2026-09-15 13:57:22 [DEBUG   ] chipify.plot: Waveform equation 'out_d' skipped: name 'outp' is not defined
2026-09-15 13:57:22 [DEBUG   ] chipify.expression: evaluate_dataframe_column 'out_d': 'outp-outn' → 'outp-outn'
2026-09-15 13:57:22 [DEBUG   ] chipify.plot: Waveform equation 'out_d' skipped: name 'outp' is not defined
2026-09-15 13:57:23 [DEBUG   ] chipify.expression: evaluate_dataframe_column 'out_d': 'outp-outn' → 'outp-outn'
2026-09-15 13:57:23 [DEBUG   ] chipify.plot: Waveform equation 'out_d' skipped: name 'outp' is not defined
2026-09-15 13:57:23 [DEBUG   ] chipify.expression: evaluate_dataframe_column 'out_d': 'outp-outn' → 'outp-outn'
2026-09-15 13:57:23 [DEBUG   ] chipify.plot: Waveform equation 'out_d' skipped: name 'outp' is not defined
2026-09-15 13:57:23 [DEBUG   ] chipify.expression: evaluate_dataframe_column 'out_d': 'outp-outn' → 'outp-outn'
2026-09-15 13:57:23 [DEBUG   ] chipify.plot: Waveform equation 'out_d' skipped: name 'outp' is not defined
2026-09-15 13:57:24 [DEBUG   ] chipify.expression: evaluate_dataframe_column 'out_d': 'outp-outn' → 'outp-outn'
2026-09-15 13:57:24 [DEBUG   ] chipify.plot: Waveform equation 'out_d' skipped: name 'outp' is not defined
2026-09-15 14:00:50 [DEBUG   ] chipify.expression: evaluate_dataframe_column 'out_d': 'outp-outn' → 'outp-outn'
2026-09-15 14:00:50 [DEBUG   ] chipify.plot: Waveform equation 'out_d' skipped: name 'outp' is not defined
2026-09-15 14:00:50 [DEBUG   ] chipify.expression: evaluate_dataframe_column 'out_d': 'outp-outn' → 'outp-outn'
2026-09-15 14:00:50 [DEBUG   ] chipify.plot: Waveform equation 'out_d' skipped: name 'outp' is not defined
2026-09-15 14:00:51 [DEBUG   ] chipify.expression: evaluate_dataframe_column 'out_d': 'outp-outn' → 'outp-outn'
2026-09-15 14:00:51 [DEBUG   ] chipify.plot: Waveform equation 'out_d' skipped: name 'outp' is not defined
2026-09-15 14:00:51 [DEBUG   ] chipify.expression: evaluate_dataframe_column 'out_d': 'outp-outn' → 'outp-outn'
2026-09-15 14:00:51 [DEBUG   ] chipify.plot: Waveform equation 'out_d' skipped: name 'outp' is not defined
2026-09-15 14:00:52 [DEBUG   ] chipify.expression: evaluate_dataframe_column 'out_d': 'outp-outn' → 'outp-outn'
2026-09-15 14:00:52 [DEBUG   ] chipify.plot: Waveform equation 'out_d' skipped: name 'outp' is not defined
2026-09-15 14:00:52 [DEBUG   ] chipify.expression: evaluate_dataframe_column 'out_d': 'outp-outn' → 'outp-outn'
2026-09-15 14:00:52 [DEBUG   ] chipify.plot: Waveform equation 'out_d' skipped: name 'outp' is not defined
2026-09-15 14:00:53 [DEBUG   ] chipify.expression: evaluate_dataframe_column 'out_d': 'outp-outn' → 'outp-outn'
2026-09-15 14:00:53 [DEBUG   ] chipify.plot: Waveform equation 'out_d' skipped: name 'outp' is not defined
2026-09-15 14:00:53 [DEBUG   ] chipify.expression: evaluate_dataframe_column 'out_d': 'outp-outn' → 'outp-outn'
2026-09-15 14:00:53 [DEBUG   ] chipify.plot: Waveform equation 'out_d' skipped: name 'outp' is not defined
2026-09-15 14:00:54 [DEBUG   ] chipify.expression: evaluate_dataframe_column 'out_d': 'outp-outn' → 'outp-outn'
2026-09-15 14:00:54 [DEBUG   ] chipify.plot: Waveform equation 'out_d' skipped: name 'outp' is not defined
2026-09-15 14:00:55 [DEBUG   ] chipify.expression: evaluate_dataframe_column 'out_d': 'outp-outn' → 'outp-outn'
2026-09-15 14:00:55 [DEBUG   ] chipify.plot: Waveform equation 'out_d' skipped: name 'outp' is not defined
2026-09-15 14:00:55 [DEBUG   ] chipify.expression: evaluate_dataframe_column 'out_d': 'outp-outn' → 'outp-outn'
2026-09-15 14:00:55 [DEBUG   ] chipify.plot: Waveform equation 'out_d' skipped: name 'outp' is not defined
2026-09-15 14:00:56 [DEBUG   ] chipify.expression: evaluate_dataframe_column 'out_d': 'outp-outn' → 'outp-outn'
2026-09-15 14:00:56 [DEBUG   ] chipify.plot: Waveform equation 'out_d' skipped: name 'outp' is not defined
2026-09-15 14:00:56 [DEBUG   ] chipify.expression: evaluate_dataframe_column 'out_d': 'outp-outn' → 'outp-outn'
2026-09-15 14:00:56 [DEBUG   ] chipify.plot: Waveform equation 'out_d' skipped: name 'outp' is not defined
2026-09-15 14:00:57 [DEBUG   ] chipify.expression: evaluate_dataframe_column 'out_d': 'outp-outn' → 'outp-outn'
2026-09-15 14:00:57 [DEBUG   ] chipify.plot: Waveform equation 'out_d' skipped: name 'outp' is not defined
2026-09-15 14:00:57 [DEBUG   ] chipify.expression: evaluate_dataframe_column 'out_d': 'outp-outn' → 'outp-outn'
2026-09-15 14:00:57 [DEBUG   ] chipify.plot: Waveform equation 'out_d' skipped: name 'outp' is not defined
2026-09-15 14:00:58 [DEBUG   ] chipify.expression: evaluate_dataframe_column 'out_d': 'outp-outn' → 'outp-outn'
2026-09-15 14:00:58 [DEBUG   ] chipify.plot: Waveform equation 'out_d' skipped: name 'outp' is not defined
2026-09-15 14:00:58 [DEBUG   ] chipify.expression: evaluate_dataframe_column 'out_d': 'outp-outn' → 'outp-outn'
2026-09-15 14:00:58 [DEBUG   ] chipify.plot: Waveform equation 'out_d' skipped: name 'outp' is not defined
2026-09-15 14:01:22 [DEBUG   ] chipify.expression: evaluate_dataframe_column 'out_d': 'outp-outn' → 'outp-outn'
2026-09-15 14:01:22 [DEBUG   ] chipify.plot: Waveform equation 'out_d' skipped: name 'outp' is not defined
2026-09-15 14:01:22 [DEBUG   ] chipify.expression: evaluate_dataframe_column 'out_d': 'outp-outn' → 'outp-outn'
2026-09-15 14:01:22 [DEBUG   ] chipify.plot: Waveform equation 'out_d' skipped: name 'outp' is not defined
2026-09-15 14:01:23 [DEBUG   ] chipify.expression: evaluate_dataframe_column 'out_d': 'outp-outn' → 'outp-outn'
2026-09-15 14:01:23 [DEBUG   ] chipify.plot: Waveform equation 'out_d' skipped: name 'outp' is not defined
2026-09-15 14:01:23 [DEBUG   ] chipify.expression: evaluate_dataframe_column 'out_d': 'outp-outn' → 'outp-outn'
2026-09-15 14:01:23 [DEBUG   ] chipify.plot: Waveform equation 'out_d' skipped: name 'outp' is not defined
2026-09-15 14:01:24 [DEBUG   ] chipify.expression: evaluate_dataframe_column 'out_d': 'outp-outn' → 'outp-outn'
2026-09-15 14:01:24 [DEBUG   ] chipify.plot: Waveform equation 'out_d' skipped: name 'outp' is not defined
2026-09-15 14:01:25 [DEBUG   ] chipify.expression: evaluate_dataframe_column 'out_d': 'outp-outn' → 'outp-outn'
2026-09-15 14:01:25 [DEBUG   ] chipify.plot: Waveform equation 'out_d' skipped: name 'outp' is not defined
2026-09-15 14:01:25 [DEBUG   ] chipify.expression: evaluate_dataframe_column 'out_d': 'outp-outn' → 'outp-outn'
2026-09-15 14:01:25 [DEBUG   ] chipify.plot: Waveform equation 'out_d' skipped: name 'outp' is not defined
2026-09-15 14:01:26 [DEBUG   ] chipify.expression: evaluate_dataframe_column 'out_d': 'outp-outn' → 'outp-outn'
2026-09-15 14:01:29 [DEBUG   ] chipify.plot: Waveform equation 'out_d' skipped: name 'outp' is not defined
2026-09-15 14:01:30 [DEBUG   ] chipify.expression: evaluate_dataframe_column 'out_d': 'outp-outn' → 'outp-outn'
2026-09-15 14:01:30 [DEBUG   ] chipify.plot: Waveform equation 'out_d' skipped: name 'outp' is not defined
2026-09-15 14:01:30 [DEBUG   ] chipify.expression: evaluate_dataframe_column 'out_d': 'outp-outn' → 'outp-outn'
2026-09-15 14:01:30 [DEBUG   ] chipify.plot: Waveform equation 'out_d' skipped: name 'outp' is not defined
2026-09-15 14:01:30 [DEBUG   ] chipify.expression: evaluate_dataframe_column 'out_d': 'outp-outn' → 'outp-outn'
2026-09-15 14:01:30 [DEBUG   ] chipify.plot: Waveform equation 'out_d' skipped: name 'outp' is not defined
2026-09-15 14:01:31 [DEBUG   ] chipify.expression: evaluate_dataframe_column 'out_d': 'outp-outn' → 'outp-outn'
2026-09-15 14:01:31 [DEBUG   ] chipify.plot: Waveform equation 'out_d' skipped: name 'outp' is not defined
2026-09-15 14:01:31 [DEBUG   ] chipify.expression: evaluate_dataframe_column 'out_d': 'outp-outn' → 'outp-outn'
2026-09-15 14:01:31 [DEBUG   ] chipify.plot: Waveform equation 'out_d' skipped: name 'outp' is not defined
2026-09-15 14:01:32 [DEBUG   ] chipify.expression: evaluate_dataframe_column 'out_d': 'outp-outn' → 'outp-outn'
2026-09-15 14:01:32 [DEBUG   ] chipify.plot: Waveform equation 'out_d' skipped: name 'outp' is not defined
2026-09-15 14:01:32 [DEBUG   ] chipify.expression: evaluate_dataframe_column 'out_d': 'outp-outn' → 'outp-outn'
2026-09-15 14:01:32 [DEBUG   ] chipify.plot: Waveform equation 'out_d' skipped: name 'outp' is not defined
2026-09-15 14:01:33 [DEBUG   ] chipify.expression: evaluate_dataframe_column 'out_d': 'outp-outn' → 'outp-outn'
2026-09-15 14:01:33 [DEBUG   ] chipify.plot: Waveform equation 'out_d' skipped: name 'outp' is not defined
2026-09-15 14:01:33 [DEBUG   ] chipify.expression: evaluate_dataframe_column 'out_d': 'outp-outn' → 'outp-outn'
2026-09-15 14:01:33 [DEBUG   ] chipify.plot: Waveform equation 'out_d' skipped: name 'outp' is not defined
2026-09-15 14:01:58 [DEBUG   ] chipify.expression: evaluate_dataframe_column 'out_d': 'outp-outn' → 'outp-outn'
2026-09-15 14:01:58 [DEBUG   ] chipify.plot: Waveform equation 'out_d' skipped: name 'outp' is not defined
2026-09-15 14:01:59 [DEBUG   ] chipify.expression: evaluate_dataframe_column 'out_d': 'outp-outn' → 'outp-outn'
2026-09-15 14:01:59 [DEBUG   ] chipify.plot: Waveform equation 'out_d' skipped: name 'outp' is not defined
2026-09-15 14:02:00 [DEBUG   ] chipify.expression: evaluate_dataframe_column 'out_d': 'outp-outn' → 'outp-outn'
2026-09-15 14:02:00 [DEBUG   ] chipify.plot: Waveform equation 'out_d' skipped: name 'outp' is not defined
2026-09-15 14:02:00 [DEBUG   ] chipify.expression: evaluate_dataframe_column 'out_d': 'outp-outn' → 'outp-outn'
2026-09-15 14:02:00 [DEBUG   ] chipify.plot: Waveform equation 'out_d' skipped: name 'outp' is not defined
2026-09-15 14:02:01 [DEBUG   ] chipify.expression: evaluate_dataframe_column 'out_d': 'outp-outn' → 'outp-outn'
2026-09-15 14:02:01 [DEBUG   ] chipify.plot: Waveform equation 'out_d' skipped: name 'outp' is not defined
2026-09-15 14:02:01 [DEBUG   ] chipify.expression: evaluate_dataframe_column 'out_d': 'outp-outn' → 'outp-outn'
2026-09-15 14:02:01 [DEBUG   ] chipify.plot: Waveform equation 'out_d' skipped: name 'outp' is not defined
2026-09-15 14:02:01 [DEBUG   ] chipify.expression: evaluate_dataframe_column 'out_d': 'outp-outn' → 'outp-outn'
2026-09-15 14:02:01 [DEBUG   ] chipify.plot: Waveform equation 'out_d' skipped: name 'outp' is not defined
2026-09-15 14:02:02 [DEBUG   ] chipify.expression: evaluate_dataframe_column 'out_d': 'outp-outn' → 'outp-outn'
2026-09-15 14:02:02 [DEBUG   ] chipify.plot: Waveform equation 'out_d' skipped: name 'outp' is not defined
2026-09-15 14:02:02 [DEBUG   ] chipify.expression: evaluate_dataframe_column 'out_d': 'outp-outn' → 'outp-outn'
2026-09-15 14:02:02 [DEBUG   ] chipify.plot: Waveform equation 'out_d' skipped: name 'outp' is not defined
2026-09-15 14:02:03 [DEBUG   ] chipify.expression: evaluate_dataframe_column 'out_d': 'outp-outn' → 'outp-outn'
2026-09-15 14:02:03 [DEBUG   ] chipify.plot: Waveform equation 'out_d' skipped: name 'outp' is not defined
2026-09-15 14:02:03 [DEBUG   ] chipify.expression: evaluate_dataframe_column 'out_d': 'outp-outn' → 'outp-outn'
2026-09-15 14:02:03 [DEBUG   ] chipify.plot: Waveform equation 'out_d' skipped: name 'outp' is not defined
2026-09-15 14:02:04 [DEBUG   ] chipify.expression: evaluate_dataframe_column 'out_d': 'outp-outn' → 'outp-outn'
2026-09-15 14:02:04 [DEBUG   ] chipify.plot: Waveform equation 'out_d' skipped: name 'outp' is not defined
2026-09-15 14:02:04 [DEBUG   ] chipify.expression: evaluate_dataframe_column 'out_d': 'outp-outn' → 'outp-outn'
2026-09-15 14:02:04 [DEBUG   ] chipify.plot: Waveform equation 'out_d' skipped: name 'outp' is not defined
2026-09-15 14:02:05 [DEBUG   ] chipify.expression: evaluate_dataframe_column 'out_d': 'outp-outn' → 'outp-outn'
2026-09-15 14:02:05 [DEBUG   ] chipify.plot: Waveform equation 'out_d' skipped: name 'outp' is not defined
2026-09-15 14:02:05 [DEBUG   ] chipify.expression: evaluate_dataframe_column 'out_d': 'outp-outn' → 'outp-outn'
2026-09-15 14:02:05 [DEBUG   ] chipify.plot: Waveform equation 'out_d' skipped: name 'outp' is not defined
2026-09-15 14:02:06 [DEBUG   ] chipify.expression: evaluate_dataframe_column 'out_d': 'outp-outn' → 'outp-outn'
2026-09-15 14:02:06 [DEBUG   ] chipify.plot: Waveform equation 'out_d' skipped: name 'outp' is not defined
2026-09-15 14:02:06 [DEBUG   ] chipify.expression: evaluate_dataframe_column 'out_d': 'outp-outn' → 'outp-outn'
2026-09-15 14:02:06 [DEBUG   ] chipify.plot: Waveform equation 'out_d' skipped: name 'outp' is not defined
2026-09-15 14:04:38 [INFO    ] chipify.gui_qt.controllers.simulation: SimulationController.start: corners_ngspice.yaml
2026-09-15 14:04:38 [INFO    ] chipify.gui_qt.sim_worker: SimWorker.run on thread Dummy-182
2026-09-15 14:04:38 [INFO    ] chipify.simulator: run_sim() started. Testbenches: 2
2026-09-15 14:04:38 [INFO    ] chipify.simulator: Phase 1/3: generating parameter cases...
2026-09-15 14:04:38 [INFO    ] chipify.simulator: Total cases: 30
2026-09-15 14:04:38 [INFO    ] chipify.simulator: Simulator engine(s) in use: ngspice
2026-09-15 14:04:38 [INFO    ] chipify.simulator: Phase 2/3: generating Xschem templates...
2026-09-15 14:04:38 [INFO    ] chipify.engines.xschem: run_xschem: /foss/designs/heichip/isource_beta/testbenches/xschem/tb_isource_beta_op.sch (mode=spice)
2026-09-15 14:04:38 [INFO    ] chipify.engines.xschem: Xschem env: HOME=/headless XSCHEM_SHAREDIR=None PATH=/headless/.local/bin:/foss/tools/bin:/foss/tools/sak:/usr/local/sbin:/usr/local/bin:/usr/sbin:/usr/bin:/sbin:/bin:/foss/tools/kactus2:/foss/tools/klayout:/foss/tools/osic-multitool cwd=/foss/designs/heichip/isource_beta/chipify
2026-09-15 14:04:38 [INFO    ] chipify.engines.xschem: Xschem PID=19671 cmd=xschem -n --spice -q -x -o /tmp/chipify_f828d4bc08 /foss/designs/heichip/isource_beta/testbenches/xschem/tb_isource_beta_op.sch
2026-09-15 14:04:38 [INFO    ] chipify.engines.xschem: xschem post-run scan: recent_files=['../../../../../tmp/chipify_f828d4bc08/tb_isource_beta_op.xschem.log', '../../../../../tmp/chipify_f828d4bc08/tb_isource_beta_op.spice'] netlist_files=['../../../../../tmp/chipify_f828d4bc08/tb_isource_beta_op.spice'] chosen=../../../../../tmp/chipify_f828d4bc08/tb_isource_beta_op.spice
2026-09-15 14:04:38 [INFO    ] chipify.engines.xschem: Xschem netlist generated OK (spice).
2026-09-15 14:04:38 [INFO    ] chipify.engines.xschem: run_xschem: /foss/designs/heichip/isource_beta/testbenches/xschem/tb_isource_beta_tran.sch (mode=spice)
2026-09-15 14:04:38 [INFO    ] chipify.engines.xschem: Xschem env: HOME=/headless XSCHEM_SHAREDIR=None PATH=/headless/.local/bin:/foss/tools/bin:/foss/tools/sak:/usr/local/sbin:/usr/local/bin:/usr/sbin:/usr/bin:/sbin:/bin:/foss/tools/kactus2:/foss/tools/klayout:/foss/tools/osic-multitool cwd=/foss/designs/heichip/isource_beta/chipify
2026-09-15 14:04:38 [INFO    ] chipify.engines.xschem: Xschem PID=19687 cmd=xschem -n --spice -q -x -o /tmp/chipify_f828d4bc08 /foss/designs/heichip/isource_beta/testbenches/xschem/tb_isource_beta_tran.sch
2026-09-15 14:04:39 [INFO    ] chipify.engines.xschem: xschem post-run scan: recent_files=['../../../../../tmp/chipify_f828d4bc08/tb_isource_beta_tran.spice', '../../../../../tmp/chipify_f828d4bc08/tb_isource_beta_op.spice', '../../../../../tmp/chipify_f828d4bc08/tb_isource_beta_tran.xschem.log'] netlist_files=['../../../../../tmp/chipify_f828d4bc08/tb_isource_beta_tran.spice', '../../../../../tmp/chipify_f828d4bc08/tb_isource_beta_op.spice'] chosen=../../../../../tmp/chipify_f828d4bc08/tb_isource_beta_tran.spice
2026-09-15 14:04:39 [INFO    ] chipify.engines.xschem: Xschem netlist generated OK (spice).
2026-09-15 14:04:39 [INFO    ] chipify.simulator: Phase 3/3: staging files to RAM disk...
2026-09-15 14:04:39 [INFO    ] chipify.engines.staging: Staging library files to RAM disk: /tmp/chipify_f828d4bc08
2026-09-15 14:04:39 [DEBUG   ] chipify.engines.staging: No tb/xschemrc to stage (looked at /foss/designs/heichip/isource_beta/chipify/../testbenches/xschem/xschemrc)
2026-09-15 14:04:39 [INFO    ] chipify.simulator: transient store: /foss/designs/heichip/isource_beta/chipify/out/analysis_data/transient/20260915_140439
2026-09-15 14:04:39 [INFO    ] chipify.simulator: Spawning pool: 11 workers, 30 tasks.
2026-09-15 14:04:39 [DEBUG   ] chipify.simulator: Pool created (forkserver, 11 workers).
2026-09-15 14:04:39 [DEBUG   ] chipify.simulator: 30 batch tasks submitted (chunk_size=1).
2026-09-15 14:04:48 [INFO    ] chipify.simulator: Pool finished cleanly. 30 results collected.
2026-09-15 14:04:48 [INFO    ] chipify.simulator: run_sim() exited.
2026-09-15 14:04:48 [INFO    ] chipify.gui_qt.sim_worker: run_sim returned 30 rows. Saving results…
2026-09-15 14:04:48 [INFO    ] chipify.run_meta: Wrote run metadata: /foss/designs/heichip/isource_beta/chipify/out/history/run_20260915_140448.meta.json
2026-09-15 14:04:48 [INFO    ] chipify.run_meta: Wrote run metadata: /foss/designs/heichip/isource_beta/chipify/out/simulation_results.meta.json
2026-09-15 14:04:48 [DEBUG   ] chipify.expression: evaluate_dataframe_column 'iout': 'out/res' → 'out/res'
2026-09-15 14:04:48 [WARNING ] chipify.uikit.services.equations: Scalar equation 'iout' failed: name 'res' is not defined
2026-09-15 14:04:48 [DEBUG   ] chipify.expression: evaluate_dataframe_column 'out_d': 'outp-outn' → 'outp-outn'
2026-09-15 14:04:48 [DEBUG   ] chipify.plot: Waveform equation 'out_d' skipped: name 'outp' is not defined
2026-09-15 14:04:48 [DEBUG   ] chipify.expression: evaluate_dataframe_column 'out_d': 'outp-outn' → 'outp-outn'
2026-09-15 14:04:48 [DEBUG   ] chipify.plot: Waveform equation 'out_d' skipped: name 'outp' is not defined
2026-09-15 14:04:48 [DEBUG   ] chipify.expression: evaluate_dataframe_column 'out_d': 'outp-outn' → 'outp-outn'
2026-09-15 14:04:48 [DEBUG   ] chipify.plot: Waveform equation 'out_d' skipped: name 'outp' is not defined
2026-09-15 14:04:48 [DEBUG   ] chipify.expression: evaluate_dataframe_column 'out_d': 'outp-outn' → 'outp-outn'
2026-09-15 14:04:48 [DEBUG   ] chipify.plot: Waveform equation 'out_d' skipped: name 'outp' is not defined
2026-09-15 14:04:48 [DEBUG   ] chipify.expression: evaluate_dataframe_column 'out_d': 'outp-outn' → 'outp-outn'
2026-09-15 14:04:48 [DEBUG   ] chipify.plot: Waveform equation 'out_d' skipped: name 'outp' is not defined
2026-09-15 14:04:49 [DEBUG   ] chipify.expression: evaluate_dataframe_column 'out_d': 'outp-outn' → 'outp-outn'
2026-09-15 14:04:49 [DEBUG   ] chipify.plot: Waveform equation 'out_d' skipped: name 'outp' is not defined
2026-09-15 14:04:49 [DEBUG   ] chipify.expression: evaluate_dataframe_column 'out_d': 'outp-outn' → 'outp-outn'
2026-09-15 14:04:49 [DEBUG   ] chipify.plot: Waveform equation 'out_d' skipped: name 'outp' is not defined
2026-09-15 14:04:49 [DEBUG   ] chipify.expression: evaluate_dataframe_column 'out_d': 'outp-outn' → 'outp-outn'
2026-09-15 14:04:49 [DEBUG   ] chipify.plot: Waveform equation 'out_d' skipped: name 'outp' is not defined
2026-09-15 14:04:49 [DEBUG   ] chipify.expression: evaluate_dataframe_column 'out_d': 'outp-outn' → 'outp-outn'
2026-09-15 14:04:49 [DEBUG   ] chipify.plot: Waveform equation 'out_d' skipped: name 'outp' is not defined
2026-09-15 14:04:49 [DEBUG   ] chipify.expression: evaluate_dataframe_column 'out_d': 'outp-outn' → 'outp-outn'
2026-09-15 14:04:49 [DEBUG   ] chipify.plot: Waveform equation 'out_d' skipped: name 'outp' is not defined
2026-09-15 14:04:49 [DEBUG   ] chipify.expression: evaluate_dataframe_column 'out_d': 'outp-outn' → 'outp-outn'
2026-09-15 14:04:49 [DEBUG   ] chipify.plot: Waveform equation 'out_d' skipped: name 'outp' is not defined
2026-09-15 14:04:49 [DEBUG   ] chipify.expression: evaluate_dataframe_column 'out_d': 'outp-outn' → 'outp-outn'
2026-09-15 14:04:49 [DEBUG   ] chipify.plot: Waveform equation 'out_d' skipped: name 'outp' is not defined
2026-09-15 14:04:49 [DEBUG   ] chipify.expression: evaluate_dataframe_column 'out_d': 'outp-outn' → 'outp-outn'
2026-09-15 14:04:49 [DEBUG   ] chipify.plot: Waveform equation 'out_d' skipped: name 'outp' is not defined
2026-09-15 14:04:49 [DEBUG   ] chipify.expression: evaluate_dataframe_column 'out_d': 'outp-outn' → 'outp-outn'
2026-09-15 14:04:49 [DEBUG   ] chipify.plot: Waveform equation 'out_d' skipped: name 'outp' is not defined
2026-09-15 14:04:49 [DEBUG   ] chipify.expression: evaluate_dataframe_column 'out_d': 'outp-outn' → 'outp-outn'
2026-09-15 14:04:49 [DEBUG   ] chipify.plot: Waveform equation 'out_d' skipped: name 'outp' is not defined
2026-09-15 14:04:49 [DEBUG   ] chipify.expression: evaluate_dataframe_column 'out_d': 'outp-outn' → 'outp-outn'
2026-09-15 14:04:49 [DEBUG   ] chipify.plot: Waveform equation 'out_d' skipped: name 'outp' is not defined
2026-09-15 14:04:49 [DEBUG   ] chipify.expression: evaluate_dataframe_column 'out_d': 'outp-outn' → 'outp-outn'
2026-09-15 14:04:49 [DEBUG   ] chipify.plot: Waveform equation 'out_d' skipped: name 'outp' is not defined
2026-09-15 14:04:49 [DEBUG   ] chipify.expression: evaluate_dataframe_column 'out_d': 'outp-outn' → 'outp-outn'
2026-09-15 14:04:49 [DEBUG   ] chipify.plot: Waveform equation 'out_d' skipped: name 'outp' is not defined
2026-09-15 14:04:49 [DEBUG   ] chipify.expression: evaluate_dataframe_column 'out_d': 'outp-outn' → 'outp-outn'
2026-09-15 14:04:49 [DEBUG   ] chipify.plot: Waveform equation 'out_d' skipped: name 'outp' is not defined
2026-09-15 14:04:49 [DEBUG   ] chipify.expression: evaluate_dataframe_column 'out_d': 'outp-outn' → 'outp-outn'
2026-09-15 14:04:49 [DEBUG   ] chipify.plot: Waveform equation 'out_d' skipped: name 'outp' is not defined
2026-09-15 14:04:49 [DEBUG   ] chipify.expression: evaluate_dataframe_column 'out_d': 'outp-outn' → 'outp-outn'
2026-09-15 14:04:49 [DEBUG   ] chipify.plot: Waveform equation 'out_d' skipped: name 'outp' is not defined
2026-09-15 14:04:49 [DEBUG   ] chipify.expression: evaluate_dataframe_column 'out_d': 'outp-outn' → 'outp-outn'
2026-09-15 14:04:49 [DEBUG   ] chipify.plot: Waveform equation 'out_d' skipped: name 'outp' is not defined
2026-09-15 14:04:49 [DEBUG   ] chipify.expression: evaluate_dataframe_column 'out_d': 'outp-outn' → 'outp-outn'
2026-09-15 14:04:49 [DEBUG   ] chipify.plot: Waveform equation 'out_d' skipped: name 'outp' is not defined
2026-09-15 14:04:49 [DEBUG   ] chipify.expression: evaluate_dataframe_column 'out_d': 'outp-outn' → 'outp-outn'
2026-09-15 14:04:49 [DEBUG   ] chipify.plot: Waveform equation 'out_d' skipped: name 'outp' is not defined
2026-09-15 14:04:49 [DEBUG   ] chipify.expression: evaluate_dataframe_column 'out_d': 'outp-outn' → 'outp-outn'
2026-09-15 14:04:49 [DEBUG   ] chipify.plot: Waveform equation 'out_d' skipped: name 'outp' is not defined
2026-09-15 14:04:49 [DEBUG   ] chipify.expression: evaluate_dataframe_column 'out_d': 'outp-outn' → 'outp-outn'
2026-09-15 14:04:49 [DEBUG   ] chipify.plot: Waveform equation 'out_d' skipped: name 'outp' is not defined
2026-09-15 14:04:49 [DEBUG   ] chipify.expression: evaluate_dataframe_column 'out_d': 'outp-outn' → 'outp-outn'
2026-09-15 14:04:49 [DEBUG   ] chipify.plot: Waveform equation 'out_d' skipped: name 'outp' is not defined
2026-09-15 14:04:49 [DEBUG   ] chipify.expression: evaluate_dataframe_column 'out_d': 'outp-outn' → 'outp-outn'
2026-09-15 14:04:49 [DEBUG   ] chipify.plot: Waveform equation 'out_d' skipped: name 'outp' is not defined
2026-09-15 14:04:49 [DEBUG   ] chipify.expression: evaluate_dataframe_column 'out_d': 'outp-outn' → 'outp-outn'
2026-09-15 14:04:49 [DEBUG   ] chipify.plot: Waveform equation 'out_d' skipped: name 'outp' is not defined
2026-09-15 14:04:49 [DEBUG   ] chipify.expression: evaluate_dataframe_column 'out_d': 'outp-outn' → 'outp-outn'
2026-09-15 14:04:49 [DEBUG   ] chipify.plot: Waveform equation 'out_d' skipped: name 'outp' is not defined
2026-09-15 14:07:30 [DEBUG   ] chipify.expression: evaluate_dataframe_column 'out_d': 'outp-outn' → 'outp-outn'
2026-09-15 14:07:30 [DEBUG   ] chipify.plot: Waveform equation 'out_d' skipped: name 'outp' is not defined
2026-09-15 14:07:30 [DEBUG   ] chipify.expression: evaluate_dataframe_column 'out_d': 'outp-outn' → 'outp-outn'
2026-09-15 14:07:30 [DEBUG   ] chipify.plot: Waveform equation 'out_d' skipped: name 'outp' is not defined
2026-09-15 14:07:30 [DEBUG   ] chipify.expression: evaluate_dataframe_column 'out_d': 'outp-outn' → 'outp-outn'
2026-09-15 14:07:30 [DEBUG   ] chipify.plot: Waveform equation 'out_d' skipped: name 'outp' is not defined
2026-09-15 14:07:30 [DEBUG   ] chipify.expression: evaluate_dataframe_column 'out_d': 'outp-outn' → 'outp-outn'
2026-09-15 14:07:30 [DEBUG   ] chipify.plot: Waveform equation 'out_d' skipped: name 'outp' is not defined
2026-09-15 14:07:30 [DEBUG   ] chipify.expression: evaluate_dataframe_column 'out_d': 'outp-outn' → 'outp-outn'
2026-09-15 14:07:30 [DEBUG   ] chipify.plot: Waveform equation 'out_d' skipped: name 'outp' is not defined
2026-09-15 14:07:30 [DEBUG   ] chipify.expression: evaluate_dataframe_column 'out_d': 'outp-outn' → 'outp-outn'
2026-09-15 14:07:30 [DEBUG   ] chipify.plot: Waveform equation 'out_d' skipped: name 'outp' is not defined
2026-09-15 14:07:30 [DEBUG   ] chipify.expression: evaluate_dataframe_column 'out_d': 'outp-outn' → 'outp-outn'
2026-09-15 14:07:30 [DEBUG   ] chipify.plot: Waveform equation 'out_d' skipped: name 'outp' is not defined
2026-09-15 14:07:30 [DEBUG   ] chipify.expression: evaluate_dataframe_column 'out_d': 'outp-outn' → 'outp-outn'
2026-09-15 14:07:30 [DEBUG   ] chipify.plot: Waveform equation 'out_d' skipped: name 'outp' is not defined
2026-09-15 14:07:30 [DEBUG   ] chipify.expression: evaluate_dataframe_column 'out_d': 'outp-outn' → 'outp-outn'
2026-09-15 14:07:30 [DEBUG   ] chipify.plot: Waveform equation 'out_d' skipped: name 'outp' is not defined
2026-09-15 14:07:30 [DEBUG   ] chipify.expression: evaluate_dataframe_column 'out_d': 'outp-outn' → 'outp-outn'
2026-09-15 14:07:30 [DEBUG   ] chipify.plot: Waveform equation 'out_d' skipped: name 'outp' is not defined
2026-09-15 14:07:30 [DEBUG   ] chipify.expression: evaluate_dataframe_column 'out_d': 'outp-outn' → 'outp-outn'
2026-09-15 14:07:30 [DEBUG   ] chipify.plot: Waveform equation 'out_d' skipped: name 'outp' is not defined
2026-09-15 14:07:30 [DEBUG   ] chipify.expression: evaluate_dataframe_column 'out_d': 'outp-outn' → 'outp-outn'
2026-09-15 14:07:30 [DEBUG   ] chipify.plot: Waveform equation 'out_d' skipped: name 'outp' is not defined
2026-09-15 14:07:30 [DEBUG   ] chipify.expression: evaluate_dataframe_column 'out_d': 'outp-outn' → 'outp-outn'
2026-09-15 14:07:30 [DEBUG   ] chipify.plot: Waveform equation 'out_d' skipped: name 'outp' is not defined
2026-09-15 14:07:30 [DEBUG   ] chipify.expression: evaluate_dataframe_column 'out_d': 'outp-outn' → 'outp-outn'
2026-09-15 14:07:30 [DEBUG   ] chipify.plot: Waveform equation 'out_d' skipped: name 'outp' is not defined
2026-09-15 14:07:30 [DEBUG   ] chipify.expression: evaluate_dataframe_column 'out_d': 'outp-outn' → 'outp-outn'
2026-09-15 14:07:30 [DEBUG   ] chipify.plot: Waveform equation 'out_d' skipped: name 'outp' is not defined
2026-09-15 14:07:30 [DEBUG   ] chipify.expression: evaluate_dataframe_column 'out_d': 'outp-outn' → 'outp-outn'
2026-09-15 14:07:30 [DEBUG   ] chipify.plot: Waveform equation 'out_d' skipped: name 'outp' is not defined
2026-09-15 14:07:30 [DEBUG   ] chipify.expression: evaluate_dataframe_column 'out_d': 'outp-outn' → 'outp-outn'
2026-09-15 14:07:30 [DEBUG   ] chipify.plot: Waveform equation 'out_d' skipped: name 'outp' is not defined
2026-09-15 14:07:30 [DEBUG   ] chipify.expression: evaluate_dataframe_column 'out_d': 'outp-outn' → 'outp-outn'
2026-09-15 14:07:30 [DEBUG   ] chipify.plot: Waveform equation 'out_d' skipped: name 'outp' is not defined
2026-09-15 14:07:30 [DEBUG   ] chipify.expression: evaluate_dataframe_column 'out_d': 'outp-outn' → 'outp-outn'
2026-09-15 14:07:30 [DEBUG   ] chipify.plot: Waveform equation 'out_d' skipped: name 'outp' is not defined
2026-09-15 14:07:30 [DEBUG   ] chipify.expression: evaluate_dataframe_column 'out_d': 'outp-outn' → 'outp-outn'
2026-09-15 14:07:30 [DEBUG   ] chipify.plot: Waveform equation 'out_d' skipped: name 'outp' is not defined
2026-09-15 14:07:30 [DEBUG   ] chipify.expression: evaluate_dataframe_column 'out_d': 'outp-outn' → 'outp-outn'
2026-09-15 14:07:30 [DEBUG   ] chipify.plot: Waveform equation 'out_d' skipped: name 'outp' is not defined
2026-09-15 14:07:30 [DEBUG   ] chipify.expression: evaluate_dataframe_column 'out_d': 'outp-outn' → 'outp-outn'
2026-09-15 14:07:30 [DEBUG   ] chipify.plot: Waveform equation 'out_d' skipped: name 'outp' is not defined
2026-09-15 14:07:31 [DEBUG   ] chipify.expression: evaluate_dataframe_column 'out_d': 'outp-outn' → 'outp-outn'
2026-09-15 14:07:31 [DEBUG   ] chipify.plot: Waveform equation 'out_d' skipped: name 'outp' is not defined
2026-09-15 14:07:31 [DEBUG   ] chipify.expression: evaluate_dataframe_column 'out_d': 'outp-outn' → 'outp-outn'
2026-09-15 14:07:31 [DEBUG   ] chipify.plot: Waveform equation 'out_d' skipped: name 'outp' is not defined
2026-09-15 14:07:31 [DEBUG   ] chipify.expression: evaluate_dataframe_column 'out_d': 'outp-outn' → 'outp-outn'
2026-09-15 14:07:31 [DEBUG   ] chipify.plot: Waveform equation 'out_d' skipped: name 'outp' is not defined
2026-09-15 14:07:31 [DEBUG   ] chipify.expression: evaluate_dataframe_column 'out_d': 'outp-outn' → 'outp-outn'
2026-09-15 14:07:31 [DEBUG   ] chipify.plot: Waveform equation 'out_d' skipped: name 'outp' is not defined
2026-09-15 14:07:31 [DEBUG   ] chipify.expression: evaluate_dataframe_column 'out_d': 'outp-outn' → 'outp-outn'
2026-09-15 14:07:31 [DEBUG   ] chipify.plot: Waveform equation 'out_d' skipped: name 'outp' is not defined
2026-09-15 14:07:31 [DEBUG   ] chipify.expression: evaluate_dataframe_column 'out_d': 'outp-outn' → 'outp-outn'
2026-09-15 14:07:31 [DEBUG   ] chipify.plot: Waveform equation 'out_d' skipped: name 'outp' is not defined
2026-09-15 14:07:31 [DEBUG   ] chipify.expression: evaluate_dataframe_column 'out_d': 'outp-outn' → 'outp-outn'
2026-09-15 14:07:31 [DEBUG   ] chipify.plot: Waveform equation 'out_d' skipped: name 'outp' is not defined
2026-09-15 14:07:31 [DEBUG   ] chipify.expression: evaluate_dataframe_column 'out_d': 'outp-outn' → 'outp-outn'
2026-09-15 14:07:31 [DEBUG   ] chipify.plot: Waveform equation 'out_d' skipped: name 'outp' is not defined
2026-09-15 14:07:53 [INFO    ] chipify.gui_qt.controllers.simulation: SimulationController.start: corners_ngspice.yaml
2026-09-15 14:07:53 [INFO    ] chipify.gui_qt.sim_worker: SimWorker.run on thread Dummy-186
2026-09-15 14:07:53 [INFO    ] chipify.simulator: run_sim() started. Testbenches: 2
2026-09-15 14:07:53 [INFO    ] chipify.simulator: Phase 1/3: generating parameter cases...
2026-09-15 14:07:53 [INFO    ] chipify.simulator: Total cases: 30
2026-09-15 14:07:53 [INFO    ] chipify.simulator: Simulator engine(s) in use: ngspice
2026-09-15 14:07:53 [INFO    ] chipify.simulator: Phase 2/3: generating Xschem templates...
2026-09-15 14:07:53 [INFO    ] chipify.engines.xschem: run_xschem: /foss/designs/heichip/isource_beta/testbenches/xschem/tb_isource_beta_op.sch (mode=spice)
2026-09-15 14:07:53 [INFO    ] chipify.engines.xschem: Xschem env: HOME=/headless XSCHEM_SHAREDIR=None PATH=/headless/.local/bin:/foss/tools/bin:/foss/tools/sak:/usr/local/sbin:/usr/local/bin:/usr/sbin:/usr/bin:/sbin:/bin:/foss/tools/kactus2:/foss/tools/klayout:/foss/tools/osic-multitool cwd=/foss/designs/heichip/isource_beta/chipify
2026-09-15 14:07:53 [INFO    ] chipify.engines.xschem: Xschem PID=19933 cmd=xschem -n --spice -q -x -o /tmp/chipify_f828d4bc08 /foss/designs/heichip/isource_beta/testbenches/xschem/tb_isource_beta_op.sch
2026-09-15 14:07:53 [INFO    ] chipify.engines.xschem: xschem post-run scan: recent_files=['../../../../../tmp/chipify_f828d4bc08/tb_isource_beta_op.xschem.log', '../../../../../tmp/chipify_f828d4bc08/tb_isource_beta_op.spice'] netlist_files=['../../../../../tmp/chipify_f828d4bc08/tb_isource_beta_op.spice'] chosen=../../../../../tmp/chipify_f828d4bc08/tb_isource_beta_op.spice
2026-09-15 14:07:53 [INFO    ] chipify.engines.xschem: Xschem netlist generated OK (spice).
2026-09-15 14:07:53 [INFO    ] chipify.engines.xschem: run_xschem: /foss/designs/heichip/isource_beta/testbenches/xschem/tb_isource_beta_tran.sch (mode=spice)
2026-09-15 14:07:53 [INFO    ] chipify.engines.xschem: Xschem env: HOME=/headless XSCHEM_SHAREDIR=None PATH=/headless/.local/bin:/foss/tools/bin:/foss/tools/sak:/usr/local/sbin:/usr/local/bin:/usr/sbin:/usr/bin:/sbin:/bin:/foss/tools/kactus2:/foss/tools/klayout:/foss/tools/osic-multitool cwd=/foss/designs/heichip/isource_beta/chipify
2026-09-15 14:07:53 [INFO    ] chipify.engines.xschem: Xschem PID=19943 cmd=xschem -n --spice -q -x -o /tmp/chipify_f828d4bc08 /foss/designs/heichip/isource_beta/testbenches/xschem/tb_isource_beta_tran.sch
2026-09-15 14:07:54 [INFO    ] chipify.engines.xschem: xschem post-run scan: recent_files=['../../../../../tmp/chipify_f828d4bc08/tb_isource_beta_tran.spice', '../../../../../tmp/chipify_f828d4bc08/tb_isource_beta_op.spice', '../../../../../tmp/chipify_f828d4bc08/tb_isource_beta_tran.xschem.log'] netlist_files=['../../../../../tmp/chipify_f828d4bc08/tb_isource_beta_tran.spice', '../../../../../tmp/chipify_f828d4bc08/tb_isource_beta_op.spice'] chosen=../../../../../tmp/chipify_f828d4bc08/tb_isource_beta_tran.spice
2026-09-15 14:07:54 [INFO    ] chipify.engines.xschem: Xschem netlist generated OK (spice).
2026-09-15 14:07:54 [INFO    ] chipify.simulator: Phase 3/3: staging files to RAM disk...
2026-09-15 14:07:54 [INFO    ] chipify.engines.staging: Staging library files to RAM disk: /tmp/chipify_f828d4bc08
2026-09-15 14:07:54 [DEBUG   ] chipify.engines.staging: No tb/xschemrc to stage (looked at /foss/designs/heichip/isource_beta/chipify/../testbenches/xschem/xschemrc)
2026-09-15 14:07:54 [INFO    ] chipify.simulator: transient store: /foss/designs/heichip/isource_beta/chipify/out/analysis_data/transient/20260915_140754
2026-09-15 14:07:54 [INFO    ] chipify.simulator: Spawning pool: 11 workers, 30 tasks.
2026-09-15 14:07:54 [DEBUG   ] chipify.simulator: Pool created (forkserver, 11 workers).
2026-09-15 14:07:54 [DEBUG   ] chipify.simulator: 30 batch tasks submitted (chunk_size=1).
2026-09-15 14:08:02 [INFO    ] chipify.simulator: Pool finished cleanly. 30 results collected.
2026-09-15 14:08:02 [INFO    ] chipify.simulator: run_sim() exited.
2026-09-15 14:08:02 [INFO    ] chipify.gui_qt.sim_worker: run_sim returned 30 rows. Saving results…
2026-09-15 14:08:02 [INFO    ] chipify.run_meta: Wrote run metadata: /foss/designs/heichip/isource_beta/chipify/out/history/run_20260915_140802.meta.json
2026-09-15 14:08:02 [INFO    ] chipify.run_meta: Wrote run metadata: /foss/designs/heichip/isource_beta/chipify/out/simulation_results.meta.json
2026-09-15 14:08:02 [DEBUG   ] chipify.expression: evaluate_dataframe_column 'iout': 'out/res' → 'out/res'
2026-09-15 14:08:02 [WARNING ] chipify.uikit.services.equations: Scalar equation 'iout' failed: name 'res' is not defined
2026-09-15 14:08:03 [DEBUG   ] chipify.expression: evaluate_dataframe_column 'out_d': 'outp-outn' → 'outp-outn'
2026-09-15 14:08:03 [DEBUG   ] chipify.plot: Waveform equation 'out_d' skipped: name 'outp' is not defined
2026-09-15 14:08:03 [DEBUG   ] chipify.expression: evaluate_dataframe_column 'out_d': 'outp-outn' → 'outp-outn'
2026-09-15 14:08:03 [DEBUG   ] chipify.plot: Waveform equation 'out_d' skipped: name 'outp' is not defined
2026-09-15 14:08:03 [DEBUG   ] chipify.expression: evaluate_dataframe_column 'out_d': 'outp-outn' → 'outp-outn'
2026-09-15 14:08:03 [DEBUG   ] chipify.plot: Waveform equation 'out_d' skipped: name 'outp' is not defined
2026-09-15 14:08:03 [DEBUG   ] chipify.expression: evaluate_dataframe_column 'out_d': 'outp-outn' → 'outp-outn'
2026-09-15 14:08:03 [DEBUG   ] chipify.plot: Waveform equation 'out_d' skipped: name 'outp' is not defined
2026-09-15 14:08:03 [DEBUG   ] chipify.expression: evaluate_dataframe_column 'out_d': 'outp-outn' → 'outp-outn'
2026-09-15 14:08:03 [DEBUG   ] chipify.plot: Waveform equation 'out_d' skipped: name 'outp' is not defined
2026-09-15 14:08:03 [DEBUG   ] chipify.expression: evaluate_dataframe_column 'out_d': 'outp-outn' → 'outp-outn'
2026-09-15 14:08:03 [DEBUG   ] chipify.plot: Waveform equation 'out_d' skipped: name 'outp' is not defined
2026-09-15 14:08:03 [DEBUG   ] chipify.expression: evaluate_dataframe_column 'out_d': 'outp-outn' → 'outp-outn'
2026-09-15 14:08:03 [DEBUG   ] chipify.plot: Waveform equation 'out_d' skipped: name 'outp' is not defined
2026-09-15 14:08:03 [DEBUG   ] chipify.expression: evaluate_dataframe_column 'out_d': 'outp-outn' → 'outp-outn'
2026-09-15 14:08:03 [DEBUG   ] chipify.plot: Waveform equation 'out_d' skipped: name 'outp' is not defined
2026-09-15 14:08:03 [DEBUG   ] chipify.expression: evaluate_dataframe_column 'out_d': 'outp-outn' → 'outp-outn'
2026-09-15 14:08:03 [DEBUG   ] chipify.plot: Waveform equation 'out_d' skipped: name 'outp' is not defined
2026-09-15 14:08:03 [DEBUG   ] chipify.expression: evaluate_dataframe_column 'out_d': 'outp-outn' → 'outp-outn'
2026-09-15 14:08:03 [DEBUG   ] chipify.plot: Waveform equation 'out_d' skipped: name 'outp' is not defined
2026-09-15 14:08:03 [DEBUG   ] chipify.expression: evaluate_dataframe_column 'out_d': 'outp-outn' → 'outp-outn'
2026-09-15 14:08:03 [DEBUG   ] chipify.plot: Waveform equation 'out_d' skipped: name 'outp' is not defined
2026-09-15 14:08:03 [DEBUG   ] chipify.expression: evaluate_dataframe_column 'out_d': 'outp-outn' → 'outp-outn'
2026-09-15 14:08:03 [DEBUG   ] chipify.plot: Waveform equation 'out_d' skipped: name 'outp' is not defined
2026-09-15 14:08:03 [DEBUG   ] chipify.expression: evaluate_dataframe_column 'out_d': 'outp-outn' → 'outp-outn'
2026-09-15 14:08:03 [DEBUG   ] chipify.plot: Waveform equation 'out_d' skipped: name 'outp' is not defined
2026-09-15 14:08:03 [DEBUG   ] chipify.expression: evaluate_dataframe_column 'out_d': 'outp-outn' → 'outp-outn'
2026-09-15 14:08:03 [DEBUG   ] chipify.plot: Waveform equation 'out_d' skipped: name 'outp' is not defined
2026-09-15 14:08:03 [DEBUG   ] chipify.expression: evaluate_dataframe_column 'out_d': 'outp-outn' → 'outp-outn'
2026-09-15 14:08:03 [DEBUG   ] chipify.plot: Waveform equation 'out_d' skipped: name 'outp' is not defined
2026-09-15 14:08:03 [DEBUG   ] chipify.expression: evaluate_dataframe_column 'out_d': 'outp-outn' → 'outp-outn'
2026-09-15 14:08:03 [DEBUG   ] chipify.plot: Waveform equation 'out_d' skipped: name 'outp' is not defined
2026-09-15 14:08:03 [DEBUG   ] chipify.expression: evaluate_dataframe_column 'out_d': 'outp-outn' → 'outp-outn'
2026-09-15 14:08:03 [DEBUG   ] chipify.plot: Waveform equation 'out_d' skipped: name 'outp' is not defined
2026-09-15 14:08:03 [DEBUG   ] chipify.expression: evaluate_dataframe_column 'out_d': 'outp-outn' → 'outp-outn'
2026-09-15 14:08:03 [DEBUG   ] chipify.plot: Waveform equation 'out_d' skipped: name 'outp' is not defined
2026-09-15 14:08:03 [DEBUG   ] chipify.expression: evaluate_dataframe_column 'out_d': 'outp-outn' → 'outp-outn'
2026-09-15 14:08:03 [DEBUG   ] chipify.plot: Waveform equation 'out_d' skipped: name 'outp' is not defined
2026-09-15 14:08:03 [DEBUG   ] chipify.expression: evaluate_dataframe_column 'out_d': 'outp-outn' → 'outp-outn'
2026-09-15 14:08:03 [DEBUG   ] chipify.plot: Waveform equation 'out_d' skipped: name 'outp' is not defined
2026-09-15 14:08:03 [DEBUG   ] chipify.expression: evaluate_dataframe_column 'out_d': 'outp-outn' → 'outp-outn'
2026-09-15 14:08:03 [DEBUG   ] chipify.plot: Waveform equation 'out_d' skipped: name 'outp' is not defined
2026-09-15 14:08:03 [DEBUG   ] chipify.expression: evaluate_dataframe_column 'out_d': 'outp-outn' → 'outp-outn'
2026-09-15 14:08:03 [DEBUG   ] chipify.plot: Waveform equation 'out_d' skipped: name 'outp' is not defined
2026-09-15 14:08:03 [DEBUG   ] chipify.expression: evaluate_dataframe_column 'out_d': 'outp-outn' → 'outp-outn'
2026-09-15 14:08:03 [DEBUG   ] chipify.plot: Waveform equation 'out_d' skipped: name 'outp' is not defined
2026-09-15 14:08:03 [DEBUG   ] chipify.expression: evaluate_dataframe_column 'out_d': 'outp-outn' → 'outp-outn'
2026-09-15 14:08:03 [DEBUG   ] chipify.plot: Waveform equation 'out_d' skipped: name 'outp' is not defined
2026-09-15 14:08:03 [DEBUG   ] chipify.expression: evaluate_dataframe_column 'out_d': 'outp-outn' → 'outp-outn'
2026-09-15 14:08:03 [DEBUG   ] chipify.plot: Waveform equation 'out_d' skipped: name 'outp' is not defined
2026-09-15 14:08:03 [DEBUG   ] chipify.expression: evaluate_dataframe_column 'out_d': 'outp-outn' → 'outp-outn'
2026-09-15 14:08:03 [DEBUG   ] chipify.plot: Waveform equation 'out_d' skipped: name 'outp' is not defined
2026-09-15 14:08:03 [DEBUG   ] chipify.expression: evaluate_dataframe_column 'out_d': 'outp-outn' → 'outp-outn'
2026-09-15 14:08:03 [DEBUG   ] chipify.plot: Waveform equation 'out_d' skipped: name 'outp' is not defined
2026-09-15 14:08:03 [DEBUG   ] chipify.expression: evaluate_dataframe_column 'out_d': 'outp-outn' → 'outp-outn'
2026-09-15 14:08:03 [DEBUG   ] chipify.plot: Waveform equation 'out_d' skipped: name 'outp' is not defined
2026-09-15 14:08:03 [DEBUG   ] chipify.expression: evaluate_dataframe_column 'out_d': 'outp-outn' → 'outp-outn'
2026-09-15 14:08:03 [DEBUG   ] chipify.plot: Waveform equation 'out_d' skipped: name 'outp' is not defined
2026-09-15 14:08:03 [DEBUG   ] chipify.expression: evaluate_dataframe_column 'out_d': 'outp-outn' → 'outp-outn'
2026-09-15 14:08:03 [DEBUG   ] chipify.plot: Waveform equation 'out_d' skipped: name 'outp' is not defined
2026-09-16 09:32:47 [INFO    ] chipify: ============================================================
2026-09-16 09:32:47 [INFO    ] chipify: Chipify 0.2.3  →  /usr/local/lib/python3.12/dist-packages/chipify
2026-09-16 09:32:47 [INFO    ] chipify: Logging initialised  →  /foss/designs/heichip/isource_beta/chipify/out/chipify.log
2026-09-16 09:32:47 [INFO    ] chipify: ============================================================
2026-09-16 09:32:47 [INFO    ] chipify.gui_qt: Wayland session detected; preferring XWayland (xcb) with a native-Wayland fallback.
2026-09-16 09:32:50 [INFO    ] chipify.gui_qt: Starting Chipify Qt GUI (theme=night, PySide6).
2026-09-16 09:32:50 [INFO    ] chipify.gui_qt.main_window: Initial window size 1300x912 (screen work area 1440x960).
2026-09-16 09:32:52 [DEBUG   ] chipify.gui_qt.main_window: MainWindow constructed (theme=night).
2026-09-16 09:32:52 [DEBUG   ] chipify.expression: evaluate_dataframe_column 'iout': 'out/res' → 'out/res'
2026-09-16 09:32:52 [WARNING ] chipify.uikit.services.equations: Scalar equation 'iout' failed: name 'res' is not defined
2026-09-16 09:32:54 [DEBUG   ] chipify.expression: evaluate_dataframe_column 'out_d': 'outp-outn' → 'outp-outn'
2026-09-16 09:32:54 [DEBUG   ] chipify.plot: Waveform equation 'out_d' skipped: name 'outp' is not defined
2026-09-16 09:32:54 [DEBUG   ] chipify.expression: evaluate_dataframe_column 'out_d': 'outp-outn' → 'outp-outn'
2026-09-16 09:32:54 [DEBUG   ] chipify.plot: Waveform equation 'out_d' skipped: name 'outp' is not defined
2026-09-16 09:32:54 [DEBUG   ] chipify.expression: evaluate_dataframe_column 'out_d': 'outp-outn' → 'outp-outn'
2026-09-16 09:32:54 [DEBUG   ] chipify.plot: Waveform equation 'out_d' skipped: name 'outp' is not defined
2026-09-16 09:32:55 [DEBUG   ] chipify.expression: evaluate_dataframe_column 'out_d': 'outp-outn' → 'outp-outn'
2026-09-16 09:32:55 [DEBUG   ] chipify.plot: Waveform equation 'out_d' skipped: name 'outp' is not defined
2026-09-16 09:32:55 [DEBUG   ] chipify.expression: evaluate_dataframe_column 'out_d': 'outp-outn' → 'outp-outn'
2026-09-16 09:32:55 [DEBUG   ] chipify.plot: Waveform equation 'out_d' skipped: name 'outp' is not defined
2026-09-16 09:32:55 [DEBUG   ] chipify.expression: evaluate_dataframe_column 'out_d': 'outp-outn' → 'outp-outn'
2026-09-16 09:32:55 [DEBUG   ] chipify.plot: Waveform equation 'out_d' skipped: name 'outp' is not defined
2026-09-16 09:32:55 [DEBUG   ] chipify.expression: evaluate_dataframe_column 'out_d': 'outp-outn' → 'outp-outn'
2026-09-16 09:32:55 [DEBUG   ] chipify.plot: Waveform equation 'out_d' skipped: name 'outp' is not defined
2026-09-16 09:32:55 [DEBUG   ] chipify.expression: evaluate_dataframe_column 'out_d': 'outp-outn' → 'outp-outn'
2026-09-16 09:32:55 [DEBUG   ] chipify.plot: Waveform equation 'out_d' skipped: name 'outp' is not defined
2026-09-16 09:32:55 [DEBUG   ] chipify.expression: evaluate_dataframe_column 'out_d': 'outp-outn' → 'outp-outn'
2026-09-16 09:32:55 [DEBUG   ] chipify.plot: Waveform equation 'out_d' skipped: name 'outp' is not defined
2026-09-16 09:32:55 [DEBUG   ] chipify.expression: evaluate_dataframe_column 'out_d': 'outp-outn' → 'outp-outn'
2026-09-16 09:32:55 [DEBUG   ] chipify.plot: Waveform equation 'out_d' skipped: name 'outp' is not defined
2026-09-16 09:32:55 [DEBUG   ] chipify.expression: evaluate_dataframe_column 'out_d': 'outp-outn' → 'outp-outn'
2026-09-16 09:32:55 [DEBUG   ] chipify.plot: Waveform equation 'out_d' skipped: name 'outp' is not defined
2026-09-16 09:32:55 [DEBUG   ] chipify.expression: evaluate_dataframe_column 'out_d': 'outp-outn' → 'outp-outn'
2026-09-16 09:32:55 [DEBUG   ] chipify.plot: Waveform equation 'out_d' skipped: name 'outp' is not defined
2026-09-16 09:32:55 [DEBUG   ] chipify.expression: evaluate_dataframe_column 'out_d': 'outp-outn' → 'outp-outn'
2026-09-16 09:32:55 [DEBUG   ] chipify.plot: Waveform equation 'out_d' skipped: name 'outp' is not defined
2026-09-16 09:32:55 [DEBUG   ] chipify.expression: evaluate_dataframe_column 'out_d': 'outp-outn' → 'outp-outn'
2026-09-16 09:32:55 [DEBUG   ] chipify.plot: Waveform equation 'out_d' skipped: name 'outp' is not defined
2026-09-16 09:32:55 [DEBUG   ] chipify.expression: evaluate_dataframe_column 'out_d': 'outp-outn' → 'outp-outn'
2026-09-16 09:32:55 [DEBUG   ] chipify.plot: Waveform equation 'out_d' skipped: name 'outp' is not defined
2026-09-16 09:32:55 [DEBUG   ] chipify.expression: evaluate_dataframe_column 'out_d': 'outp-outn' → 'outp-outn'
2026-09-16 09:32:55 [DEBUG   ] chipify.plot: Waveform equation 'out_d' skipped: name 'outp' is not defined
2026-09-16 09:32:55 [DEBUG   ] chipify.expression: evaluate_dataframe_column 'out_d': 'outp-outn' → 'outp-outn'
2026-09-16 09:32:55 [DEBUG   ] chipify.plot: Waveform equation 'out_d' skipped: name 'outp' is not defined
2026-09-16 09:32:55 [DEBUG   ] chipify.expression: evaluate_dataframe_column 'out_d': 'outp-outn' → 'outp-outn'
2026-09-16 09:32:55 [DEBUG   ] chipify.plot: Waveform equation 'out_d' skipped: name 'outp' is not defined
2026-09-16 09:32:55 [DEBUG   ] chipify.expression: evaluate_dataframe_column 'out_d': 'outp-outn' → 'outp-outn'
2026-09-16 09:32:55 [DEBUG   ] chipify.plot: Waveform equation 'out_d' skipped: name 'outp' is not defined
2026-09-16 09:32:55 [DEBUG   ] chipify.expression: evaluate_dataframe_column 'out_d': 'outp-outn' → 'outp-outn'
2026-09-16 09:32:55 [DEBUG   ] chipify.plot: Waveform equation 'out_d' skipped: name 'outp' is not defined
2026-09-16 09:32:55 [DEBUG   ] chipify.expression: evaluate_dataframe_column 'out_d': 'outp-outn' → 'outp-outn'
2026-09-16 09:32:55 [DEBUG   ] chipify.plot: Waveform equation 'out_d' skipped: name 'outp' is not defined
2026-09-16 09:32:55 [DEBUG   ] chipify.expression: evaluate_dataframe_column 'out_d': 'outp-outn' → 'outp-outn'
2026-09-16 09:32:55 [DEBUG   ] chipify.plot: Waveform equation 'out_d' skipped: name 'outp' is not defined
2026-09-16 09:32:56 [DEBUG   ] chipify.expression: evaluate_dataframe_column 'out_d': 'outp-outn' → 'outp-outn'
2026-09-16 09:32:56 [DEBUG   ] chipify.plot: Waveform equation 'out_d' skipped: name 'outp' is not defined
2026-09-16 09:32:56 [DEBUG   ] chipify.expression: evaluate_dataframe_column 'out_d': 'outp-outn' → 'outp-outn'
2026-09-16 09:32:56 [DEBUG   ] chipify.plot: Waveform equation 'out_d' skipped: name 'outp' is not defined
2026-09-16 09:32:56 [DEBUG   ] chipify.expression: evaluate_dataframe_column 'out_d': 'outp-outn' → 'outp-outn'
2026-09-16 09:32:56 [DEBUG   ] chipify.plot: Waveform equation 'out_d' skipped: name 'outp' is not defined
2026-09-16 09:32:56 [DEBUG   ] chipify.expression: evaluate_dataframe_column 'out_d': 'outp-outn' → 'outp-outn'
2026-09-16 09:32:56 [DEBUG   ] chipify.plot: Waveform equation 'out_d' skipped: name 'outp' is not defined
2026-09-16 09:32:56 [DEBUG   ] chipify.expression: evaluate_dataframe_column 'out_d': 'outp-outn' → 'outp-outn'
2026-09-16 09:32:56 [DEBUG   ] chipify.plot: Waveform equation 'out_d' skipped: name 'outp' is not defined
2026-09-16 09:32:56 [DEBUG   ] chipify.expression: evaluate_dataframe_column 'out_d': 'outp-outn' → 'outp-outn'
2026-09-16 09:32:56 [DEBUG   ] chipify.plot: Waveform equation 'out_d' skipped: name 'outp' is not defined
2026-09-16 09:32:56 [DEBUG   ] chipify.expression: evaluate_dataframe_column 'out_d': 'outp-outn' → 'outp-outn'
2026-09-16 09:32:56 [DEBUG   ] chipify.plot: Waveform equation 'out_d' skipped: name 'outp' is not defined
2026-09-16 09:32:56 [DEBUG   ] chipify.expression: evaluate_dataframe_column 'out_d': 'outp-outn' → 'outp-outn'
2026-09-16 09:32:56 [DEBUG   ] chipify.plot: Waveform equation 'out_d' skipped: name 'outp' is not defined
2026-09-16 09:33:01 [INFO    ] chipify.gui_qt.controllers.simulation: SimulationController.start: corners_ngspice.yaml
2026-09-16 09:33:01 [INFO    ] chipify.gui_qt.sim_worker: SimWorker.run on thread Dummy-1
2026-09-16 09:33:01 [INFO    ] chipify.simulator: run_sim() started. Testbenches: 2
2026-09-16 09:33:01 [INFO    ] chipify.simulator: Phase 1/3: generating parameter cases...
2026-09-16 09:33:01 [INFO    ] chipify.simulator: Total cases: 30
2026-09-16 09:33:01 [INFO    ] chipify.simulator: Simulator engine(s) in use: ngspice
2026-09-16 09:33:01 [INFO    ] chipify.simulator: Phase 2/3: generating Xschem templates...
2026-09-16 09:33:01 [INFO    ] chipify.engines.xschem: run_xschem: /foss/designs/heichip/isource_beta/testbenches/xschem/tb_isource_beta_op.sch (mode=spice)
2026-09-16 09:33:01 [INFO    ] chipify.engines.xschem: Xschem env: HOME=/headless XSCHEM_SHAREDIR=None PATH=/headless/.local/bin:/foss/tools/bin:/foss/tools/sak:/usr/local/sbin:/usr/local/bin:/usr/sbin:/usr/bin:/sbin:/bin:/foss/tools/kactus2:/foss/tools/klayout:/foss/tools/osic-multitool cwd=/foss/designs/heichip/isource_beta/chipify
2026-09-16 09:33:01 [INFO    ] chipify.engines.xschem: Xschem PID=157 cmd=xschem -n --spice -q -x -o /tmp/chipify_f828d4bc08 /foss/designs/heichip/isource_beta/testbenches/xschem/tb_isource_beta_op.sch
2026-09-16 09:33:02 [INFO    ] chipify.engines.xschem: xschem post-run scan: recent_files=['../../../../../tmp/chipify_f828d4bc08/tb_isource_beta_op.xschem.log', '../../../../../tmp/chipify_f828d4bc08/tb_isource_beta_op.spice'] netlist_files=['../../../../../tmp/chipify_f828d4bc08/tb_isource_beta_op.spice'] chosen=../../../../../tmp/chipify_f828d4bc08/tb_isource_beta_op.spice
2026-09-16 09:33:02 [INFO    ] chipify.engines.xschem: Xschem netlist generated OK (spice).
2026-09-16 09:33:02 [INFO    ] chipify.engines.xschem: run_xschem: /foss/designs/heichip/isource_beta/testbenches/xschem/tb_isource_beta_tran.sch (mode=spice)
2026-09-16 09:33:02 [INFO    ] chipify.engines.xschem: Xschem env: HOME=/headless XSCHEM_SHAREDIR=None PATH=/headless/.local/bin:/foss/tools/bin:/foss/tools/sak:/usr/local/sbin:/usr/local/bin:/usr/sbin:/usr/bin:/sbin:/bin:/foss/tools/kactus2:/foss/tools/klayout:/foss/tools/osic-multitool cwd=/foss/designs/heichip/isource_beta/chipify
2026-09-16 09:33:02 [INFO    ] chipify.engines.xschem: Xschem PID=167 cmd=xschem -n --spice -q -x -o /tmp/chipify_f828d4bc08 /foss/designs/heichip/isource_beta/testbenches/xschem/tb_isource_beta_tran.sch
2026-09-16 09:33:02 [INFO    ] chipify.engines.xschem: xschem post-run scan: recent_files=['../../../../../tmp/chipify_f828d4bc08/tb_isource_beta_tran.spice', '../../../../../tmp/chipify_f828d4bc08/tb_isource_beta_op.spice', '../../../../../tmp/chipify_f828d4bc08/tb_isource_beta_tran.xschem.log'] netlist_files=['../../../../../tmp/chipify_f828d4bc08/tb_isource_beta_tran.spice', '../../../../../tmp/chipify_f828d4bc08/tb_isource_beta_op.spice'] chosen=../../../../../tmp/chipify_f828d4bc08/tb_isource_beta_tran.spice
2026-09-16 09:33:02 [INFO    ] chipify.engines.xschem: Xschem netlist generated OK (spice).
2026-09-16 09:33:02 [INFO    ] chipify.simulator: Phase 3/3: staging files to RAM disk...
2026-09-16 09:33:02 [INFO    ] chipify.engines.staging: Staging library files to RAM disk: /tmp/chipify_f828d4bc08
2026-09-16 09:33:02 [DEBUG   ] chipify.engines.staging: No tb/xschemrc to stage (looked at /foss/designs/heichip/isource_beta/chipify/../testbenches/xschem/xschemrc)
2026-09-16 09:33:02 [INFO    ] chipify.simulator: transient store: /foss/designs/heichip/isource_beta/chipify/out/analysis_data/transient/20260916_093302
2026-09-16 09:33:02 [INFO    ] chipify.simulator: Spawning pool: 11 workers, 30 tasks.
2026-09-16 09:33:02 [DEBUG   ] chipify.simulator: Pool created (forkserver, 11 workers).
2026-09-16 09:33:02 [DEBUG   ] chipify.simulator: 30 batch tasks submitted (chunk_size=1).
2026-09-16 09:33:18 [INFO    ] chipify.simulator: Pool finished cleanly. 30 results collected.
2026-09-16 09:33:18 [INFO    ] chipify.simulator: run_sim() exited.
2026-09-16 09:33:18 [INFO    ] chipify.gui_qt.sim_worker: run_sim returned 30 rows. Saving results…
2026-09-16 09:33:18 [INFO    ] chipify.run_meta: Wrote run metadata: /foss/designs/heichip/isource_beta/chipify/out/history/run_20260916_093318.meta.json
2026-09-16 09:33:18 [INFO    ] chipify.run_meta: Wrote run metadata: /foss/designs/heichip/isource_beta/chipify/out/simulation_results.meta.json
2026-09-16 09:33:18 [DEBUG   ] chipify.expression: evaluate_dataframe_column 'iout': 'out/res' → 'out/res'
2026-09-16 09:33:18 [WARNING ] chipify.uikit.services.equations: Scalar equation 'iout' failed: name 'res' is not defined
2026-09-16 09:33:18 [DEBUG   ] chipify.expression: evaluate_dataframe_column 'out_d': 'outp-outn' → 'outp-outn'
2026-09-16 09:33:18 [DEBUG   ] chipify.plot: Waveform equation 'out_d' skipped: name 'outp' is not defined
2026-09-16 09:33:18 [DEBUG   ] chipify.expression: evaluate_dataframe_column 'out_d': 'outp-outn' → 'outp-outn'
2026-09-16 09:33:18 [DEBUG   ] chipify.plot: Waveform equation 'out_d' skipped: name 'outp' is not defined
2026-09-16 09:33:18 [DEBUG   ] chipify.expression: evaluate_dataframe_column 'out_d': 'outp-outn' → 'outp-outn'
2026-09-16 09:33:18 [DEBUG   ] chipify.plot: Waveform equation 'out_d' skipped: name 'outp' is not defined
2026-09-16 09:33:19 [DEBUG   ] chipify.expression: evaluate_dataframe_column 'out_d': 'outp-outn' → 'outp-outn'
2026-09-16 09:33:19 [DEBUG   ] chipify.plot: Waveform equation 'out_d' skipped: name 'outp' is not defined
2026-09-16 09:33:19 [DEBUG   ] chipify.expression: evaluate_dataframe_column 'out_d': 'outp-outn' → 'outp-outn'
2026-09-16 09:33:19 [DEBUG   ] chipify.plot: Waveform equation 'out_d' skipped: name 'outp' is not defined
2026-09-16 09:33:19 [DEBUG   ] chipify.expression: evaluate_dataframe_column 'out_d': 'outp-outn' → 'outp-outn'
2026-09-16 09:33:19 [DEBUG   ] chipify.plot: Waveform equation 'out_d' skipped: name 'outp' is not defined
2026-09-16 09:33:19 [DEBUG   ] chipify.expression: evaluate_dataframe_column 'out_d': 'outp-outn' → 'outp-outn'
2026-09-16 09:33:19 [DEBUG   ] chipify.plot: Waveform equation 'out_d' skipped: name 'outp' is not defined
2026-09-16 09:33:19 [DEBUG   ] chipify.expression: evaluate_dataframe_column 'out_d': 'outp-outn' → 'outp-outn'
2026-09-16 09:33:19 [DEBUG   ] chipify.plot: Waveform equation 'out_d' skipped: name 'outp' is not defined
2026-09-16 09:33:19 [DEBUG   ] chipify.expression: evaluate_dataframe_column 'out_d': 'outp-outn' → 'outp-outn'
2026-09-16 09:33:19 [DEBUG   ] chipify.plot: Waveform equation 'out_d' skipped: name 'outp' is not defined
2026-09-16 09:33:19 [DEBUG   ] chipify.expression: evaluate_dataframe_column 'out_d': 'outp-outn' → 'outp-outn'
2026-09-16 09:33:19 [DEBUG   ] chipify.plot: Waveform equation 'out_d' skipped: name 'outp' is not defined
2026-09-16 09:33:19 [DEBUG   ] chipify.expression: evaluate_dataframe_column 'out_d': 'outp-outn' → 'outp-outn'
2026-09-16 09:33:19 [DEBUG   ] chipify.plot: Waveform equation 'out_d' skipped: name 'outp' is not defined
2026-09-16 09:33:19 [DEBUG   ] chipify.expression: evaluate_dataframe_column 'out_d': 'outp-outn' → 'outp-outn'
2026-09-16 09:33:19 [DEBUG   ] chipify.plot: Waveform equation 'out_d' skipped: name 'outp' is not defined
2026-09-16 09:33:19 [DEBUG   ] chipify.expression: evaluate_dataframe_column 'out_d': 'outp-outn' → 'outp-outn'
2026-09-16 09:33:19 [DEBUG   ] chipify.plot: Waveform equation 'out_d' skipped: name 'outp' is not defined
2026-09-16 09:33:19 [DEBUG   ] chipify.expression: evaluate_dataframe_column 'out_d': 'outp-outn' → 'outp-outn'
2026-09-16 09:33:19 [DEBUG   ] chipify.plot: Waveform equation 'out_d' skipped: name 'outp' is not defined
2026-09-16 09:33:19 [DEBUG   ] chipify.expression: evaluate_dataframe_column 'out_d': 'outp-outn' → 'outp-outn'
2026-09-16 09:33:19 [DEBUG   ] chipify.plot: Waveform equation 'out_d' skipped: name 'outp' is not defined
2026-09-16 09:33:19 [DEBUG   ] chipify.expression: evaluate_dataframe_column 'out_d': 'outp-outn' → 'outp-outn'
2026-09-16 09:33:19 [DEBUG   ] chipify.plot: Waveform equation 'out_d' skipped: name 'outp' is not defined
2026-09-16 09:33:19 [DEBUG   ] chipify.expression: evaluate_dataframe_column 'out_d': 'outp-outn' → 'outp-outn'
2026-09-16 09:33:19 [DEBUG   ] chipify.plot: Waveform equation 'out_d' skipped: name 'outp' is not defined
2026-09-16 09:33:19 [DEBUG   ] chipify.expression: evaluate_dataframe_column 'out_d': 'outp-outn' → 'outp-outn'
2026-09-16 09:33:19 [DEBUG   ] chipify.plot: Waveform equation 'out_d' skipped: name 'outp' is not defined
2026-09-16 09:33:19 [DEBUG   ] chipify.expression: evaluate_dataframe_column 'out_d': 'outp-outn' → 'outp-outn'
2026-09-16 09:33:19 [DEBUG   ] chipify.plot: Waveform equation 'out_d' skipped: name 'outp' is not defined
2026-09-16 09:33:19 [DEBUG   ] chipify.expression: evaluate_dataframe_column 'out_d': 'outp-outn' → 'outp-outn'
2026-09-16 09:33:19 [DEBUG   ] chipify.plot: Waveform equation 'out_d' skipped: name 'outp' is not defined
2026-09-16 09:33:19 [DEBUG   ] chipify.expression: evaluate_dataframe_column 'out_d': 'outp-outn' → 'outp-outn'
2026-09-16 09:33:19 [DEBUG   ] chipify.plot: Waveform equation 'out_d' skipped: name 'outp' is not defined
2026-09-16 09:33:19 [DEBUG   ] chipify.expression: evaluate_dataframe_column 'out_d': 'outp-outn' → 'outp-outn'
2026-09-16 09:33:19 [DEBUG   ] chipify.plot: Waveform equation 'out_d' skipped: name 'outp' is not defined
2026-09-16 09:33:19 [DEBUG   ] chipify.expression: evaluate_dataframe_column 'out_d': 'outp-outn' → 'outp-outn'
2026-09-16 09:33:19 [DEBUG   ] chipify.plot: Waveform equation 'out_d' skipped: name 'outp' is not defined
2026-09-16 09:33:19 [DEBUG   ] chipify.expression: evaluate_dataframe_column 'out_d': 'outp-outn' → 'outp-outn'
2026-09-16 09:33:19 [DEBUG   ] chipify.plot: Waveform equation 'out_d' skipped: name 'outp' is not defined
2026-09-16 09:33:19 [DEBUG   ] chipify.expression: evaluate_dataframe_column 'out_d': 'outp-outn' → 'outp-outn'
2026-09-16 09:33:19 [DEBUG   ] chipify.plot: Waveform equation 'out_d' skipped: name 'outp' is not defined
2026-09-16 09:33:19 [DEBUG   ] chipify.expression: evaluate_dataframe_column 'out_d': 'outp-outn' → 'outp-outn'
2026-09-16 09:33:19 [DEBUG   ] chipify.plot: Waveform equation 'out_d' skipped: name 'outp' is not defined
2026-09-16 09:33:19 [DEBUG   ] chipify.expression: evaluate_dataframe_column 'out_d': 'outp-outn' → 'outp-outn'
2026-09-16 09:33:19 [DEBUG   ] chipify.plot: Waveform equation 'out_d' skipped: name 'outp' is not defined
2026-09-16 09:33:19 [DEBUG   ] chipify.expression: evaluate_dataframe_column 'out_d': 'outp-outn' → 'outp-outn'
2026-09-16 09:33:19 [DEBUG   ] chipify.plot: Waveform equation 'out_d' skipped: name 'outp' is not defined
2026-09-16 09:33:19 [DEBUG   ] chipify.expression: evaluate_dataframe_column 'out_d': 'outp-outn' → 'outp-outn'
2026-09-16 09:33:19 [DEBUG   ] chipify.plot: Waveform equation 'out_d' skipped: name 'outp' is not defined
2026-09-16 09:33:19 [DEBUG   ] chipify.expression: evaluate_dataframe_column 'out_d': 'outp-outn' → 'outp-outn'
2026-09-16 09:33:19 [DEBUG   ] chipify.plot: Waveform equation 'out_d' skipped: name 'outp' is not defined
2026-09-16 09:34:34 [INFO    ] chipify.gui_qt.controllers.simulation: SimulationController.start: corners_ngspice.yaml
2026-09-16 09:34:34 [INFO    ] chipify.gui_qt.sim_worker: SimWorker.run on thread Dummy-1
2026-09-16 09:34:34 [INFO    ] chipify.simulator: run_sim() started. Testbenches: 2
2026-09-16 09:34:34 [INFO    ] chipify.simulator: Phase 1/3: generating parameter cases...
2026-09-16 09:34:34 [INFO    ] chipify.simulator: Total cases: 30
2026-09-16 09:34:34 [INFO    ] chipify.simulator: Simulator engine(s) in use: ngspice
2026-09-16 09:34:34 [INFO    ] chipify.simulator: Phase 2/3: generating Xschem templates...
2026-09-16 09:34:34 [INFO    ] chipify.engines.xschem: run_xschem: /foss/designs/heichip/isource_beta/testbenches/xschem/tb_isource_beta_op.sch (mode=spice)
2026-09-16 09:34:34 [INFO    ] chipify.engines.xschem: Xschem env: HOME=/headless XSCHEM_SHAREDIR=None PATH=/headless/.local/bin:/foss/tools/bin:/foss/tools/sak:/usr/local/sbin:/usr/local/bin:/usr/sbin:/usr/bin:/sbin:/bin:/foss/tools/kactus2:/foss/tools/klayout:/foss/tools/osic-multitool cwd=/foss/designs/heichip/isource_beta/chipify
2026-09-16 09:34:34 [INFO    ] chipify.engines.xschem: Xschem PID=418 cmd=xschem -n --spice -q -x -o /tmp/chipify_f828d4bc08 /foss/designs/heichip/isource_beta/testbenches/xschem/tb_isource_beta_op.sch
2026-09-16 09:34:34 [INFO    ] chipify.engines.xschem: xschem post-run scan: recent_files=['../../../../../tmp/chipify_f828d4bc08/tb_isource_beta_op.xschem.log', '../../../../../tmp/chipify_f828d4bc08/tb_isource_beta_op.spice'] netlist_files=['../../../../../tmp/chipify_f828d4bc08/tb_isource_beta_op.spice'] chosen=../../../../../tmp/chipify_f828d4bc08/tb_isource_beta_op.spice
2026-09-16 09:34:34 [INFO    ] chipify.engines.xschem: Xschem netlist generated OK (spice).
2026-09-16 09:34:34 [INFO    ] chipify.engines.xschem: run_xschem: /foss/designs/heichip/isource_beta/testbenches/xschem/tb_isource_beta_tran.sch (mode=spice)
2026-09-16 09:34:34 [INFO    ] chipify.engines.xschem: Xschem env: HOME=/headless XSCHEM_SHAREDIR=None PATH=/headless/.local/bin:/foss/tools/bin:/foss/tools/sak:/usr/local/sbin:/usr/local/bin:/usr/sbin:/usr/bin:/sbin:/bin:/foss/tools/kactus2:/foss/tools/klayout:/foss/tools/osic-multitool cwd=/foss/designs/heichip/isource_beta/chipify
2026-09-16 09:34:34 [INFO    ] chipify.engines.xschem: Xschem PID=428 cmd=xschem -n --spice -q -x -o /tmp/chipify_f828d4bc08 /foss/designs/heichip/isource_beta/testbenches/xschem/tb_isource_beta_tran.sch
2026-09-16 09:34:35 [INFO    ] chipify.engines.xschem: xschem post-run scan: recent_files=['../../../../../tmp/chipify_f828d4bc08/tb_isource_beta_tran.spice', '../../../../../tmp/chipify_f828d4bc08/tb_isource_beta_op.spice', '../../../../../tmp/chipify_f828d4bc08/tb_isource_beta_tran.xschem.log'] netlist_files=['../../../../../tmp/chipify_f828d4bc08/tb_isource_beta_tran.spice', '../../../../../tmp/chipify_f828d4bc08/tb_isource_beta_op.spice'] chosen=../../../../../tmp/chipify_f828d4bc08/tb_isource_beta_tran.spice
2026-09-16 09:34:35 [INFO    ] chipify.engines.xschem: Xschem netlist generated OK (spice).
2026-09-16 09:34:35 [INFO    ] chipify.simulator: Phase 3/3: staging files to RAM disk...
2026-09-16 09:34:35 [INFO    ] chipify.engines.staging: Staging library files to RAM disk: /tmp/chipify_f828d4bc08
2026-09-16 09:34:35 [DEBUG   ] chipify.engines.staging: No tb/xschemrc to stage (looked at /foss/designs/heichip/isource_beta/chipify/../testbenches/xschem/xschemrc)
2026-09-16 09:34:35 [INFO    ] chipify.simulator: transient store: /foss/designs/heichip/isource_beta/chipify/out/analysis_data/transient/20260916_093435
2026-09-16 09:34:35 [INFO    ] chipify.simulator: Spawning pool: 11 workers, 30 tasks.
2026-09-16 09:34:35 [DEBUG   ] chipify.simulator: Pool created (forkserver, 11 workers).
2026-09-16 09:34:35 [DEBUG   ] chipify.simulator: 30 batch tasks submitted (chunk_size=1).
2026-09-16 09:34:47 [INFO    ] chipify.simulator: Pool finished cleanly. 30 results collected.
2026-09-16 09:34:47 [INFO    ] chipify.simulator: run_sim() exited.
2026-09-16 09:34:47 [INFO    ] chipify.gui_qt.sim_worker: run_sim returned 30 rows. Saving results…
2026-09-16 09:34:47 [INFO    ] chipify.run_meta: Wrote run metadata: /foss/designs/heichip/isource_beta/chipify/out/history/run_20260916_093447.meta.json
2026-09-16 09:34:47 [INFO    ] chipify.run_meta: Wrote run metadata: /foss/designs/heichip/isource_beta/chipify/out/simulation_results.meta.json
2026-09-16 09:34:47 [DEBUG   ] chipify.expression: evaluate_dataframe_column 'iout': 'out/res' → 'out/res'
2026-09-16 09:34:47 [WARNING ] chipify.uikit.services.equations: Scalar equation 'iout' failed: name 'res' is not defined
2026-09-16 09:34:47 [DEBUG   ] chipify.expression: evaluate_dataframe_column 'out_d': 'outp-outn' → 'outp-outn'
2026-09-16 09:34:47 [DEBUG   ] chipify.plot: Waveform equation 'out_d' skipped: name 'outp' is not defined
2026-09-16 09:34:47 [DEBUG   ] chipify.expression: evaluate_dataframe_column 'out_d': 'outp-outn' → 'outp-outn'
2026-09-16 09:34:47 [DEBUG   ] chipify.plot: Waveform equation 'out_d' skipped: name 'outp' is not defined
2026-09-16 09:34:47 [DEBUG   ] chipify.expression: evaluate_dataframe_column 'out_d': 'outp-outn' → 'outp-outn'
2026-09-16 09:34:47 [DEBUG   ] chipify.plot: Waveform equation 'out_d' skipped: name 'outp' is not defined
2026-09-16 09:34:47 [DEBUG   ] chipify.expression: evaluate_dataframe_column 'out_d': 'outp-outn' → 'outp-outn'
2026-09-16 09:34:47 [DEBUG   ] chipify.plot: Waveform equation 'out_d' skipped: name 'outp' is not defined
2026-09-16 09:34:47 [DEBUG   ] chipify.expression: evaluate_dataframe_column 'out_d': 'outp-outn' → 'outp-outn'
2026-09-16 09:34:47 [DEBUG   ] chipify.plot: Waveform equation 'out_d' skipped: name 'outp' is not defined
2026-09-16 09:34:48 [DEBUG   ] chipify.expression: evaluate_dataframe_column 'out_d': 'outp-outn' → 'outp-outn'
2026-09-16 09:34:48 [DEBUG   ] chipify.plot: Waveform equation 'out_d' skipped: name 'outp' is not defined
2026-09-16 09:34:48 [DEBUG   ] chipify.expression: evaluate_dataframe_column 'out_d': 'outp-outn' → 'outp-outn'
2026-09-16 09:34:48 [DEBUG   ] chipify.plot: Waveform equation 'out_d' skipped: name 'outp' is not defined
2026-09-16 09:34:48 [DEBUG   ] chipify.expression: evaluate_dataframe_column 'out_d': 'outp-outn' → 'outp-outn'
2026-09-16 09:34:48 [DEBUG   ] chipify.plot: Waveform equation 'out_d' skipped: name 'outp' is not defined
2026-09-16 09:34:48 [DEBUG   ] chipify.expression: evaluate_dataframe_column 'out_d': 'outp-outn' → 'outp-outn'
2026-09-16 09:34:48 [DEBUG   ] chipify.plot: Waveform equation 'out_d' skipped: name 'outp' is not defined
2026-09-16 09:34:48 [DEBUG   ] chipify.expression: evaluate_dataframe_column 'out_d': 'outp-outn' → 'outp-outn'
2026-09-16 09:34:48 [DEBUG   ] chipify.plot: Waveform equation 'out_d' skipped: name 'outp' is not defined
2026-09-16 09:34:48 [DEBUG   ] chipify.expression: evaluate_dataframe_column 'out_d': 'outp-outn' → 'outp-outn'
2026-09-16 09:34:48 [DEBUG   ] chipify.plot: Waveform equation 'out_d' skipped: name 'outp' is not defined
2026-09-16 09:34:48 [DEBUG   ] chipify.expression: evaluate_dataframe_column 'out_d': 'outp-outn' → 'outp-outn'
2026-09-16 09:34:48 [DEBUG   ] chipify.plot: Waveform equation 'out_d' skipped: name 'outp' is not defined
2026-09-16 09:34:48 [DEBUG   ] chipify.expression: evaluate_dataframe_column 'out_d': 'outp-outn' → 'outp-outn'
2026-09-16 09:34:48 [DEBUG   ] chipify.plot: Waveform equation 'out_d' skipped: name 'outp' is not defined
2026-09-16 09:34:48 [DEBUG   ] chipify.expression: evaluate_dataframe_column 'out_d': 'outp-outn' → 'outp-outn'
2026-09-16 09:34:48 [DEBUG   ] chipify.plot: Waveform equation 'out_d' skipped: name 'outp' is not defined
2026-09-16 09:34:48 [DEBUG   ] chipify.expression: evaluate_dataframe_column 'out_d': 'outp-outn' → 'outp-outn'
2026-09-16 09:34:48 [DEBUG   ] chipify.plot: Waveform equation 'out_d' skipped: name 'outp' is not defined
2026-09-16 09:34:48 [DEBUG   ] chipify.expression: evaluate_dataframe_column 'out_d': 'outp-outn' → 'outp-outn'
2026-09-16 09:34:48 [DEBUG   ] chipify.plot: Waveform equation 'out_d' skipped: name 'outp' is not defined
2026-09-16 09:34:48 [DEBUG   ] chipify.expression: evaluate_dataframe_column 'out_d': 'outp-outn' → 'outp-outn'
2026-09-16 09:34:48 [DEBUG   ] chipify.plot: Waveform equation 'out_d' skipped: name 'outp' is not defined
2026-09-16 09:34:48 [DEBUG   ] chipify.expression: evaluate_dataframe_column 'out_d': 'outp-outn' → 'outp-outn'
2026-09-16 09:34:48 [DEBUG   ] chipify.plot: Waveform equation 'out_d' skipped: name 'outp' is not defined
2026-09-16 09:34:48 [DEBUG   ] chipify.expression: evaluate_dataframe_column 'out_d': 'outp-outn' → 'outp-outn'
2026-09-16 09:34:48 [DEBUG   ] chipify.plot: Waveform equation 'out_d' skipped: name 'outp' is not defined
2026-09-16 09:34:48 [DEBUG   ] chipify.expression: evaluate_dataframe_column 'out_d': 'outp-outn' → 'outp-outn'
2026-09-16 09:34:48 [DEBUG   ] chipify.plot: Waveform equation 'out_d' skipped: name 'outp' is not defined
2026-09-16 09:34:48 [DEBUG   ] chipify.expression: evaluate_dataframe_column 'out_d': 'outp-outn' → 'outp-outn'
2026-09-16 09:34:48 [DEBUG   ] chipify.plot: Waveform equation 'out_d' skipped: name 'outp' is not defined
2026-09-16 09:34:48 [DEBUG   ] chipify.expression: evaluate_dataframe_column 'out_d': 'outp-outn' → 'outp-outn'
2026-09-16 09:34:48 [DEBUG   ] chipify.plot: Waveform equation 'out_d' skipped: name 'outp' is not defined
2026-09-16 09:34:48 [DEBUG   ] chipify.expression: evaluate_dataframe_column 'out_d': 'outp-outn' → 'outp-outn'
2026-09-16 09:34:48 [DEBUG   ] chipify.plot: Waveform equation 'out_d' skipped: name 'outp' is not defined
2026-09-16 09:34:48 [DEBUG   ] chipify.expression: evaluate_dataframe_column 'out_d': 'outp-outn' → 'outp-outn'
2026-09-16 09:34:48 [DEBUG   ] chipify.plot: Waveform equation 'out_d' skipped: name 'outp' is not defined
2026-09-16 09:34:48 [DEBUG   ] chipify.expression: evaluate_dataframe_column 'out_d': 'outp-outn' → 'outp-outn'
2026-09-16 09:34:48 [DEBUG   ] chipify.plot: Waveform equation 'out_d' skipped: name 'outp' is not defined
2026-09-16 09:34:48 [DEBUG   ] chipify.expression: evaluate_dataframe_column 'out_d': 'outp-outn' → 'outp-outn'
2026-09-16 09:34:48 [DEBUG   ] chipify.plot: Waveform equation 'out_d' skipped: name 'outp' is not defined
2026-09-16 09:34:48 [DEBUG   ] chipify.expression: evaluate_dataframe_column 'out_d': 'outp-outn' → 'outp-outn'
2026-09-16 09:34:48 [DEBUG   ] chipify.plot: Waveform equation 'out_d' skipped: name 'outp' is not defined
2026-09-16 09:34:48 [DEBUG   ] chipify.expression: evaluate_dataframe_column 'out_d': 'outp-outn' → 'outp-outn'
2026-09-16 09:34:48 [DEBUG   ] chipify.plot: Waveform equation 'out_d' skipped: name 'outp' is not defined
2026-09-16 09:34:48 [DEBUG   ] chipify.expression: evaluate_dataframe_column 'out_d': 'outp-outn' → 'outp-outn'
2026-09-16 09:34:48 [DEBUG   ] chipify.plot: Waveform equation 'out_d' skipped: name 'outp' is not defined
2026-09-16 09:34:48 [DEBUG   ] chipify.expression: evaluate_dataframe_column 'out_d': 'outp-outn' → 'outp-outn'
2026-09-16 09:34:48 [DEBUG   ] chipify.plot: Waveform equation 'out_d' skipped: name 'outp' is not defined
2026-09-16 09:38:59 [INFO    ] chipify.gui_qt.controllers.simulation: SimulationController.start: corners_ngspice.yaml
2026-09-16 09:38:59 [INFO    ] chipify.gui_qt.sim_worker: SimWorker.run on thread Dummy-1
2026-09-16 09:38:59 [INFO    ] chipify.simulator: run_sim() started. Testbenches: 2
2026-09-16 09:38:59 [INFO    ] chipify.simulator: Phase 1/3: generating parameter cases...
2026-09-16 09:38:59 [INFO    ] chipify.simulator: Total cases: 30
2026-09-16 09:38:59 [INFO    ] chipify.simulator: Simulator engine(s) in use: ngspice
2026-09-16 09:38:59 [INFO    ] chipify.simulator: Phase 2/3: generating Xschem templates...
2026-09-16 09:38:59 [INFO    ] chipify.engines.xschem: run_xschem: /foss/designs/heichip/isource_beta/testbenches/xschem/tb_isource_beta_op.sch (mode=spice)
2026-09-16 09:38:59 [INFO    ] chipify.engines.xschem: Xschem env: HOME=/headless XSCHEM_SHAREDIR=None PATH=/headless/.local/bin:/foss/tools/bin:/foss/tools/sak:/usr/local/sbin:/usr/local/bin:/usr/sbin:/usr/bin:/sbin:/bin:/foss/tools/kactus2:/foss/tools/klayout:/foss/tools/osic-multitool cwd=/foss/designs/heichip/isource_beta/chipify
2026-09-16 09:38:59 [INFO    ] chipify.engines.xschem: Xschem PID=693 cmd=xschem -n --spice -q -x -o /tmp/chipify_f828d4bc08 /foss/designs/heichip/isource_beta/testbenches/xschem/tb_isource_beta_op.sch
2026-09-16 09:38:59 [INFO    ] chipify.engines.xschem: xschem post-run scan: recent_files=['../../../../../tmp/chipify_f828d4bc08/tb_isource_beta_op.xschem.log', '../../../../../tmp/chipify_f828d4bc08/tb_isource_beta_op.spice'] netlist_files=['../../../../../tmp/chipify_f828d4bc08/tb_isource_beta_op.spice'] chosen=../../../../../tmp/chipify_f828d4bc08/tb_isource_beta_op.spice
2026-09-16 09:38:59 [INFO    ] chipify.engines.xschem: Xschem netlist generated OK (spice).
2026-09-16 09:38:59 [INFO    ] chipify.engines.xschem: run_xschem: /foss/designs/heichip/isource_beta/testbenches/xschem/tb_isource_beta_tran.sch (mode=spice)
2026-09-16 09:38:59 [INFO    ] chipify.engines.xschem: Xschem env: HOME=/headless XSCHEM_SHAREDIR=None PATH=/headless/.local/bin:/foss/tools/bin:/foss/tools/sak:/usr/local/sbin:/usr/local/bin:/usr/sbin:/usr/bin:/sbin:/bin:/foss/tools/kactus2:/foss/tools/klayout:/foss/tools/osic-multitool cwd=/foss/designs/heichip/isource_beta/chipify
2026-09-16 09:38:59 [INFO    ] chipify.engines.xschem: Xschem PID=703 cmd=xschem -n --spice -q -x -o /tmp/chipify_f828d4bc08 /foss/designs/heichip/isource_beta/testbenches/xschem/tb_isource_beta_tran.sch
2026-09-16 09:39:00 [INFO    ] chipify.engines.xschem: xschem post-run scan: recent_files=['../../../../../tmp/chipify_f828d4bc08/tb_isource_beta_tran.spice', '../../../../../tmp/chipify_f828d4bc08/tb_isource_beta_op.spice', '../../../../../tmp/chipify_f828d4bc08/tb_isource_beta_tran.xschem.log'] netlist_files=['../../../../../tmp/chipify_f828d4bc08/tb_isource_beta_tran.spice', '../../../../../tmp/chipify_f828d4bc08/tb_isource_beta_op.spice'] chosen=../../../../../tmp/chipify_f828d4bc08/tb_isource_beta_tran.spice
2026-09-16 09:39:00 [INFO    ] chipify.engines.xschem: Xschem netlist generated OK (spice).
2026-09-16 09:39:00 [INFO    ] chipify.simulator: Phase 3/3: staging files to RAM disk...
2026-09-16 09:39:00 [INFO    ] chipify.engines.staging: Staging library files to RAM disk: /tmp/chipify_f828d4bc08
2026-09-16 09:39:00 [DEBUG   ] chipify.engines.staging: No tb/xschemrc to stage (looked at /foss/designs/heichip/isource_beta/chipify/../testbenches/xschem/xschemrc)
2026-09-16 09:39:00 [INFO    ] chipify.simulator: transient store: /foss/designs/heichip/isource_beta/chipify/out/analysis_data/transient/20260916_093900
2026-09-16 09:39:00 [INFO    ] chipify.simulator: Spawning pool: 11 workers, 30 tasks.
2026-09-16 09:39:00 [DEBUG   ] chipify.simulator: Pool created (forkserver, 11 workers).
2026-09-16 09:39:00 [DEBUG   ] chipify.simulator: 30 batch tasks submitted (chunk_size=1).
2026-09-16 09:39:10 [INFO    ] chipify.simulator: Pool finished cleanly. 30 results collected.
2026-09-16 09:39:10 [INFO    ] chipify.simulator: run_sim() exited.
2026-09-16 09:39:10 [INFO    ] chipify.gui_qt.sim_worker: run_sim returned 30 rows. Saving results…
2026-09-16 09:39:10 [INFO    ] chipify.run_meta: Wrote run metadata: /foss/designs/heichip/isource_beta/chipify/out/history/run_20260916_093910.meta.json
2026-09-16 09:39:10 [INFO    ] chipify.run_meta: Wrote run metadata: /foss/designs/heichip/isource_beta/chipify/out/simulation_results.meta.json
2026-09-16 09:39:10 [DEBUG   ] chipify.expression: evaluate_dataframe_column 'iout': 'out/res' → 'out/res'
2026-09-16 09:39:10 [WARNING ] chipify.uikit.services.equations: Scalar equation 'iout' failed: name 'res' is not defined
2026-09-16 09:39:10 [DEBUG   ] chipify.expression: evaluate_dataframe_column 'out_d': 'outp-outn' → 'outp-outn'
2026-09-16 09:39:10 [DEBUG   ] chipify.plot: Waveform equation 'out_d' skipped: name 'outp' is not defined
2026-09-16 09:39:10 [DEBUG   ] chipify.expression: evaluate_dataframe_column 'out_d': 'outp-outn' → 'outp-outn'
2026-09-16 09:39:10 [DEBUG   ] chipify.plot: Waveform equation 'out_d' skipped: name 'outp' is not defined
2026-09-16 09:39:10 [DEBUG   ] chipify.expression: evaluate_dataframe_column 'out_d': 'outp-outn' → 'outp-outn'
2026-09-16 09:39:10 [DEBUG   ] chipify.plot: Waveform equation 'out_d' skipped: name 'outp' is not defined
2026-09-16 09:39:10 [DEBUG   ] chipify.expression: evaluate_dataframe_column 'out_d': 'outp-outn' → 'outp-outn'
2026-09-16 09:39:10 [DEBUG   ] chipify.plot: Waveform equation 'out_d' skipped: name 'outp' is not defined
2026-09-16 09:39:10 [DEBUG   ] chipify.expression: evaluate_dataframe_column 'out_d': 'outp-outn' → 'outp-outn'
2026-09-16 09:39:10 [DEBUG   ] chipify.plot: Waveform equation 'out_d' skipped: name 'outp' is not defined
2026-09-16 09:39:10 [DEBUG   ] chipify.expression: evaluate_dataframe_column 'out_d': 'outp-outn' → 'outp-outn'
2026-09-16 09:39:10 [DEBUG   ] chipify.plot: Waveform equation 'out_d' skipped: name 'outp' is not defined
2026-09-16 09:39:10 [DEBUG   ] chipify.expression: evaluate_dataframe_column 'out_d': 'outp-outn' → 'outp-outn'
2026-09-16 09:39:10 [DEBUG   ] chipify.plot: Waveform equation 'out_d' skipped: name 'outp' is not defined
2026-09-16 09:39:10 [DEBUG   ] chipify.expression: evaluate_dataframe_column 'out_d': 'outp-outn' → 'outp-outn'
2026-09-16 09:39:10 [DEBUG   ] chipify.plot: Waveform equation 'out_d' skipped: name 'outp' is not defined
2026-09-16 09:39:11 [DEBUG   ] chipify.expression: evaluate_dataframe_column 'out_d': 'outp-outn' → 'outp-outn'
2026-09-16 09:39:11 [DEBUG   ] chipify.plot: Waveform equation 'out_d' skipped: name 'outp' is not defined
2026-09-16 09:39:11 [DEBUG   ] chipify.expression: evaluate_dataframe_column 'out_d': 'outp-outn' → 'outp-outn'
2026-09-16 09:39:11 [DEBUG   ] chipify.plot: Waveform equation 'out_d' skipped: name 'outp' is not defined
2026-09-16 09:39:11 [DEBUG   ] chipify.expression: evaluate_dataframe_column 'out_d': 'outp-outn' → 'outp-outn'
2026-09-16 09:39:11 [DEBUG   ] chipify.plot: Waveform equation 'out_d' skipped: name 'outp' is not defined
2026-09-16 09:39:11 [DEBUG   ] chipify.expression: evaluate_dataframe_column 'out_d': 'outp-outn' → 'outp-outn'
2026-09-16 09:39:11 [DEBUG   ] chipify.plot: Waveform equation 'out_d' skipped: name 'outp' is not defined
2026-09-16 09:39:11 [DEBUG   ] chipify.expression: evaluate_dataframe_column 'out_d': 'outp-outn' → 'outp-outn'
2026-09-16 09:39:11 [DEBUG   ] chipify.plot: Waveform equation 'out_d' skipped: name 'outp' is not defined
2026-09-16 09:39:11 [DEBUG   ] chipify.expression: evaluate_dataframe_column 'out_d': 'outp-outn' → 'outp-outn'
2026-09-16 09:39:11 [DEBUG   ] chipify.plot: Waveform equation 'out_d' skipped: name 'outp' is not defined
2026-09-16 09:39:11 [DEBUG   ] chipify.expression: evaluate_dataframe_column 'out_d': 'outp-outn' → 'outp-outn'
2026-09-16 09:39:11 [DEBUG   ] chipify.plot: Waveform equation 'out_d' skipped: name 'outp' is not defined
2026-09-16 09:39:11 [DEBUG   ] chipify.expression: evaluate_dataframe_column 'out_d': 'outp-outn' → 'outp-outn'
2026-09-16 09:39:11 [DEBUG   ] chipify.plot: Waveform equation 'out_d' skipped: name 'outp' is not defined
2026-09-16 09:39:11 [DEBUG   ] chipify.expression: evaluate_dataframe_column 'out_d': 'outp-outn' → 'outp-outn'
2026-09-16 09:39:11 [DEBUG   ] chipify.plot: Waveform equation 'out_d' skipped: name 'outp' is not defined
2026-09-16 09:39:11 [DEBUG   ] chipify.expression: evaluate_dataframe_column 'out_d': 'outp-outn' → 'outp-outn'
2026-09-16 09:39:11 [DEBUG   ] chipify.plot: Waveform equation 'out_d' skipped: name 'outp' is not defined
2026-09-16 09:39:11 [DEBUG   ] chipify.expression: evaluate_dataframe_column 'out_d': 'outp-outn' → 'outp-outn'
2026-09-16 09:39:11 [DEBUG   ] chipify.plot: Waveform equation 'out_d' skipped: name 'outp' is not defined
2026-09-16 09:39:11 [DEBUG   ] chipify.expression: evaluate_dataframe_column 'out_d': 'outp-outn' → 'outp-outn'
2026-09-16 09:39:11 [DEBUG   ] chipify.plot: Waveform equation 'out_d' skipped: name 'outp' is not defined
2026-09-16 09:39:11 [DEBUG   ] chipify.expression: evaluate_dataframe_column 'out_d': 'outp-outn' → 'outp-outn'
2026-09-16 09:39:11 [DEBUG   ] chipify.plot: Waveform equation 'out_d' skipped: name 'outp' is not defined
2026-09-16 09:39:11 [DEBUG   ] chipify.expression: evaluate_dataframe_column 'out_d': 'outp-outn' → 'outp-outn'
2026-09-16 09:39:11 [DEBUG   ] chipify.plot: Waveform equation 'out_d' skipped: name 'outp' is not defined
2026-09-16 09:39:11 [DEBUG   ] chipify.expression: evaluate_dataframe_column 'out_d': 'outp-outn' → 'outp-outn'
2026-09-16 09:39:11 [DEBUG   ] chipify.plot: Waveform equation 'out_d' skipped: name 'outp' is not defined
2026-09-16 09:39:11 [DEBUG   ] chipify.expression: evaluate_dataframe_column 'out_d': 'outp-outn' → 'outp-outn'
2026-09-16 09:39:11 [DEBUG   ] chipify.plot: Waveform equation 'out_d' skipped: name 'outp' is not defined
2026-09-16 09:39:11 [DEBUG   ] chipify.expression: evaluate_dataframe_column 'out_d': 'outp-outn' → 'outp-outn'
2026-09-16 09:39:11 [DEBUG   ] chipify.plot: Waveform equation 'out_d' skipped: name 'outp' is not defined
2026-09-16 09:39:11 [DEBUG   ] chipify.expression: evaluate_dataframe_column 'out_d': 'outp-outn' → 'outp-outn'
2026-09-16 09:39:11 [DEBUG   ] chipify.plot: Waveform equation 'out_d' skipped: name 'outp' is not defined
2026-09-16 09:39:11 [DEBUG   ] chipify.expression: evaluate_dataframe_column 'out_d': 'outp-outn' → 'outp-outn'
2026-09-16 09:39:11 [DEBUG   ] chipify.plot: Waveform equation 'out_d' skipped: name 'outp' is not defined
2026-09-16 09:39:11 [DEBUG   ] chipify.expression: evaluate_dataframe_column 'out_d': 'outp-outn' → 'outp-outn'
2026-09-16 09:39:11 [DEBUG   ] chipify.plot: Waveform equation 'out_d' skipped: name 'outp' is not defined
2026-09-16 09:39:11 [DEBUG   ] chipify.expression: evaluate_dataframe_column 'out_d': 'outp-outn' → 'outp-outn'
2026-09-16 09:39:11 [DEBUG   ] chipify.plot: Waveform equation 'out_d' skipped: name 'outp' is not defined
2026-09-16 09:39:11 [DEBUG   ] chipify.expression: evaluate_dataframe_column 'out_d': 'outp-outn' → 'outp-outn'
2026-09-16 09:39:11 [DEBUG   ] chipify.plot: Waveform equation 'out_d' skipped: name 'outp' is not defined
2026-09-16 14:36:54 [INFO    ] chipify.gui_qt.controllers.simulation: SimulationController.start: corners_ngspice.yaml
2026-09-16 14:36:55 [INFO    ] chipify.gui_qt.sim_worker: SimWorker.run on thread Dummy-1
2026-09-16 14:36:55 [INFO    ] chipify.simulator: run_sim() started. Testbenches: 2
2026-09-16 14:36:55 [INFO    ] chipify.simulator: Phase 1/3: generating parameter cases...
2026-09-16 14:36:55 [INFO    ] chipify.simulator: Total cases: 30
2026-09-16 14:36:55 [INFO    ] chipify.simulator: Simulator engine(s) in use: ngspice
2026-09-16 14:36:55 [INFO    ] chipify.simulator: Phase 2/3: generating Xschem templates...
2026-09-16 14:36:55 [INFO    ] chipify.engines.xschem: run_xschem: /foss/designs/heichip/isource_beta/testbenches/xschem/tb_isource_beta_op.sch (mode=spice)
2026-09-16 14:36:55 [INFO    ] chipify.engines.xschem: Xschem env: HOME=/headless XSCHEM_SHAREDIR=None PATH=/headless/.local/bin:/foss/tools/bin:/foss/tools/sak:/usr/local/sbin:/usr/local/bin:/usr/sbin:/usr/bin:/sbin:/bin:/foss/tools/kactus2:/foss/tools/klayout:/foss/tools/osic-multitool cwd=/foss/designs/heichip/isource_beta/chipify
2026-09-16 14:36:55 [INFO    ] chipify.engines.xschem: Xschem PID=3428 cmd=xschem -n --spice -q -x -o /tmp/chipify_f828d4bc08 /foss/designs/heichip/isource_beta/testbenches/xschem/tb_isource_beta_op.sch
2026-09-16 14:36:55 [INFO    ] chipify.engines.xschem: xschem post-run scan: recent_files=['../../../../../tmp/chipify_f828d4bc08/tb_isource_beta_op.xschem.log', '../../../../../tmp/chipify_f828d4bc08/tb_isource_beta_op.spice'] netlist_files=['../../../../../tmp/chipify_f828d4bc08/tb_isource_beta_op.spice'] chosen=../../../../../tmp/chipify_f828d4bc08/tb_isource_beta_op.spice
2026-09-16 14:36:55 [INFO    ] chipify.engines.xschem: Xschem netlist generated OK (spice).
2026-09-16 14:36:55 [INFO    ] chipify.engines.xschem: run_xschem: /foss/designs/heichip/isource_beta/testbenches/xschem/tb_isource_beta_tran.sch (mode=spice)
2026-09-16 14:36:55 [INFO    ] chipify.engines.xschem: Xschem env: HOME=/headless XSCHEM_SHAREDIR=None PATH=/headless/.local/bin:/foss/tools/bin:/foss/tools/sak:/usr/local/sbin:/usr/local/bin:/usr/sbin:/usr/bin:/sbin:/bin:/foss/tools/kactus2:/foss/tools/klayout:/foss/tools/osic-multitool cwd=/foss/designs/heichip/isource_beta/chipify
2026-09-16 14:36:55 [INFO    ] chipify.engines.xschem: Xschem PID=3438 cmd=xschem -n --spice -q -x -o /tmp/chipify_f828d4bc08 /foss/designs/heichip/isource_beta/testbenches/xschem/tb_isource_beta_tran.sch
2026-09-16 14:36:55 [INFO    ] chipify.engines.xschem: xschem post-run scan: recent_files=['../../../../../tmp/chipify_f828d4bc08/tb_isource_beta_tran.spice', '../../../../../tmp/chipify_f828d4bc08/tb_isource_beta_op.spice', '../../../../../tmp/chipify_f828d4bc08/tb_isource_beta_tran.xschem.log'] netlist_files=['../../../../../tmp/chipify_f828d4bc08/tb_isource_beta_tran.spice', '../../../../../tmp/chipify_f828d4bc08/tb_isource_beta_op.spice'] chosen=../../../../../tmp/chipify_f828d4bc08/tb_isource_beta_tran.spice
2026-09-16 14:36:55 [INFO    ] chipify.engines.xschem: Xschem netlist generated OK (spice).
2026-09-16 14:36:55 [INFO    ] chipify.simulator: Phase 3/3: staging files to RAM disk...
2026-09-16 14:36:55 [INFO    ] chipify.engines.staging: Staging library files to RAM disk: /tmp/chipify_f828d4bc08
2026-09-16 14:36:55 [DEBUG   ] chipify.engines.staging: No tb/xschemrc to stage (looked at /foss/designs/heichip/isource_beta/chipify/../testbenches/xschem/xschemrc)
2026-09-16 14:36:55 [INFO    ] chipify.simulator: transient store: /foss/designs/heichip/isource_beta/chipify/out/analysis_data/transient/20260916_143655
2026-09-16 14:36:55 [INFO    ] chipify.simulator: Spawning pool: 11 workers, 30 tasks.
2026-09-16 14:36:55 [DEBUG   ] chipify.simulator: Pool created (forkserver, 11 workers).
2026-09-16 14:36:55 [DEBUG   ] chipify.simulator: 30 batch tasks submitted (chunk_size=1).
2026-09-16 14:37:06 [INFO    ] chipify.simulator: Pool finished cleanly. 30 results collected.
2026-09-16 14:37:06 [INFO    ] chipify.simulator: run_sim() exited.
2026-09-16 14:37:06 [INFO    ] chipify.gui_qt.sim_worker: run_sim returned 30 rows. Saving results…
2026-09-16 14:37:06 [INFO    ] chipify.run_meta: Wrote run metadata: /foss/designs/heichip/isource_beta/chipify/out/history/run_20260916_143706.meta.json
2026-09-16 14:37:06 [INFO    ] chipify.run_meta: Wrote run metadata: /foss/designs/heichip/isource_beta/chipify/out/simulation_results.meta.json
2026-09-16 14:37:06 [DEBUG   ] chipify.expression: evaluate_dataframe_column 'iout': 'out/res' → 'out/res'
2026-09-16 14:37:06 [WARNING ] chipify.uikit.services.equations: Scalar equation 'iout' failed: name 'res' is not defined
2026-09-16 14:37:07 [DEBUG   ] chipify.expression: evaluate_dataframe_column 'out_d': 'outp-outn' → 'outp-outn'
2026-09-16 14:37:07 [DEBUG   ] chipify.plot: Waveform equation 'out_d' skipped: name 'outp' is not defined
2026-09-16 14:37:07 [DEBUG   ] chipify.expression: evaluate_dataframe_column 'out_d': 'outp-outn' → 'outp-outn'
2026-09-16 14:37:07 [DEBUG   ] chipify.plot: Waveform equation 'out_d' skipped: name 'outp' is not defined
2026-09-16 14:37:07 [DEBUG   ] chipify.expression: evaluate_dataframe_column 'out_d': 'outp-outn' → 'outp-outn'
2026-09-16 14:37:07 [DEBUG   ] chipify.plot: Waveform equation 'out_d' skipped: name 'outp' is not defined
2026-09-16 14:37:07 [DEBUG   ] chipify.expression: evaluate_dataframe_column 'out_d': 'outp-outn' → 'outp-outn'
2026-09-16 14:37:07 [DEBUG   ] chipify.plot: Waveform equation 'out_d' skipped: name 'outp' is not defined
2026-09-16 14:37:07 [DEBUG   ] chipify.expression: evaluate_dataframe_column 'out_d': 'outp-outn' → 'outp-outn'
2026-09-16 14:37:07 [DEBUG   ] chipify.plot: Waveform equation 'out_d' skipped: name 'outp' is not defined
2026-09-16 14:37:07 [DEBUG   ] chipify.expression: evaluate_dataframe_column 'out_d': 'outp-outn' → 'outp-outn'
2026-09-16 14:37:07 [DEBUG   ] chipify.plot: Waveform equation 'out_d' skipped: name 'outp' is not defined
2026-09-16 14:37:07 [DEBUG   ] chipify.expression: evaluate_dataframe_column 'out_d': 'outp-outn' → 'outp-outn'
2026-09-16 14:37:07 [DEBUG   ] chipify.plot: Waveform equation 'out_d' skipped: name 'outp' is not defined
2026-09-16 14:37:07 [DEBUG   ] chipify.expression: evaluate_dataframe_column 'out_d': 'outp-outn' → 'outp-outn'
2026-09-16 14:37:07 [DEBUG   ] chipify.plot: Waveform equation 'out_d' skipped: name 'outp' is not defined
2026-09-16 14:37:07 [DEBUG   ] chipify.expression: evaluate_dataframe_column 'out_d': 'outp-outn' → 'outp-outn'
2026-09-16 14:37:07 [DEBUG   ] chipify.plot: Waveform equation 'out_d' skipped: name 'outp' is not defined
2026-09-16 14:37:07 [DEBUG   ] chipify.expression: evaluate_dataframe_column 'out_d': 'outp-outn' → 'outp-outn'
2026-09-16 14:37:07 [DEBUG   ] chipify.plot: Waveform equation 'out_d' skipped: name 'outp' is not defined
2026-09-16 14:37:07 [DEBUG   ] chipify.expression: evaluate_dataframe_column 'out_d': 'outp-outn' → 'outp-outn'
2026-09-16 14:37:07 [DEBUG   ] chipify.plot: Waveform equation 'out_d' skipped: name 'outp' is not defined
2026-09-16 14:37:07 [DEBUG   ] chipify.expression: evaluate_dataframe_column 'out_d': 'outp-outn' → 'outp-outn'
2026-09-16 14:37:07 [DEBUG   ] chipify.plot: Waveform equation 'out_d' skipped: name 'outp' is not defined
2026-09-16 14:37:07 [DEBUG   ] chipify.expression: evaluate_dataframe_column 'out_d': 'outp-outn' → 'outp-outn'
2026-09-16 14:37:07 [DEBUG   ] chipify.plot: Waveform equation 'out_d' skipped: name 'outp' is not defined
2026-09-16 14:37:07 [DEBUG   ] chipify.expression: evaluate_dataframe_column 'out_d': 'outp-outn' → 'outp-outn'
2026-09-16 14:37:07 [DEBUG   ] chipify.plot: Waveform equation 'out_d' skipped: name 'outp' is not defined
2026-09-16 14:37:07 [DEBUG   ] chipify.expression: evaluate_dataframe_column 'out_d': 'outp-outn' → 'outp-outn'
2026-09-16 14:37:07 [DEBUG   ] chipify.plot: Waveform equation 'out_d' skipped: name 'outp' is not defined
2026-09-16 14:37:07 [DEBUG   ] chipify.expression: evaluate_dataframe_column 'out_d': 'outp-outn' → 'outp-outn'
2026-09-16 14:37:07 [DEBUG   ] chipify.plot: Waveform equation 'out_d' skipped: name 'outp' is not defined
2026-09-16 14:37:07 [DEBUG   ] chipify.expression: evaluate_dataframe_column 'out_d': 'outp-outn' → 'outp-outn'
2026-09-16 14:37:07 [DEBUG   ] chipify.plot: Waveform equation 'out_d' skipped: name 'outp' is not defined
2026-09-16 14:37:07 [DEBUG   ] chipify.expression: evaluate_dataframe_column 'out_d': 'outp-outn' → 'outp-outn'
2026-09-16 14:37:07 [DEBUG   ] chipify.plot: Waveform equation 'out_d' skipped: name 'outp' is not defined
2026-09-16 14:37:07 [DEBUG   ] chipify.expression: evaluate_dataframe_column 'out_d': 'outp-outn' → 'outp-outn'
2026-09-16 14:37:07 [DEBUG   ] chipify.plot: Waveform equation 'out_d' skipped: name 'outp' is not defined
2026-09-16 14:37:07 [DEBUG   ] chipify.expression: evaluate_dataframe_column 'out_d': 'outp-outn' → 'outp-outn'
2026-09-16 14:37:07 [DEBUG   ] chipify.plot: Waveform equation 'out_d' skipped: name 'outp' is not defined
2026-09-16 14:37:07 [DEBUG   ] chipify.expression: evaluate_dataframe_column 'out_d': 'outp-outn' → 'outp-outn'
2026-09-16 14:37:07 [DEBUG   ] chipify.plot: Waveform equation 'out_d' skipped: name 'outp' is not defined
2026-09-16 14:37:08 [DEBUG   ] chipify.expression: evaluate_dataframe_column 'out_d': 'outp-outn' → 'outp-outn'
2026-09-16 14:37:08 [DEBUG   ] chipify.plot: Waveform equation 'out_d' skipped: name 'outp' is not defined
2026-09-16 14:37:08 [DEBUG   ] chipify.expression: evaluate_dataframe_column 'out_d': 'outp-outn' → 'outp-outn'
2026-09-16 14:37:08 [DEBUG   ] chipify.plot: Waveform equation 'out_d' skipped: name 'outp' is not defined
2026-09-16 14:37:08 [DEBUG   ] chipify.expression: evaluate_dataframe_column 'out_d': 'outp-outn' → 'outp-outn'
2026-09-16 14:37:08 [DEBUG   ] chipify.plot: Waveform equation 'out_d' skipped: name 'outp' is not defined
2026-09-16 14:37:08 [DEBUG   ] chipify.expression: evaluate_dataframe_column 'out_d': 'outp-outn' → 'outp-outn'
2026-09-16 14:37:08 [DEBUG   ] chipify.plot: Waveform equation 'out_d' skipped: name 'outp' is not defined
2026-09-16 14:37:08 [DEBUG   ] chipify.expression: evaluate_dataframe_column 'out_d': 'outp-outn' → 'outp-outn'
2026-09-16 14:37:08 [DEBUG   ] chipify.plot: Waveform equation 'out_d' skipped: name 'outp' is not defined
2026-09-16 14:37:08 [DEBUG   ] chipify.expression: evaluate_dataframe_column 'out_d': 'outp-outn' → 'outp-outn'
2026-09-16 14:37:08 [DEBUG   ] chipify.plot: Waveform equation 'out_d' skipped: name 'outp' is not defined
2026-09-16 14:37:08 [DEBUG   ] chipify.expression: evaluate_dataframe_column 'out_d': 'outp-outn' → 'outp-outn'
2026-09-16 14:37:08 [DEBUG   ] chipify.plot: Waveform equation 'out_d' skipped: name 'outp' is not defined
2026-09-16 14:37:08 [DEBUG   ] chipify.expression: evaluate_dataframe_column 'out_d': 'outp-outn' → 'outp-outn'
2026-09-16 14:37:08 [DEBUG   ] chipify.plot: Waveform equation 'out_d' skipped: name 'outp' is not defined
2026-09-16 14:37:08 [DEBUG   ] chipify.expression: evaluate_dataframe_column 'out_d': 'outp-outn' → 'outp-outn'
2026-09-16 14:37:08 [DEBUG   ] chipify.plot: Waveform equation 'out_d' skipped: name 'outp' is not defined
2026-09-16 16:06:28 [INFO    ] chipify.gui_qt.controllers.simulation: SimulationController.start: corners_ngspice.yaml
2026-09-16 16:06:28 [INFO    ] chipify.gui_qt.sim_worker: SimWorker.run on thread Dummy-1
2026-09-16 16:06:28 [INFO    ] chipify.simulator: run_sim() started. Testbenches: 2
2026-09-16 16:06:28 [INFO    ] chipify.simulator: Phase 1/3: generating parameter cases...
2026-09-16 16:06:28 [INFO    ] chipify.simulator: Total cases: 30
2026-09-16 16:06:28 [INFO    ] chipify.simulator: Simulator engine(s) in use: ngspice
2026-09-16 16:06:28 [INFO    ] chipify.simulator: Phase 2/3: generating Xschem templates...
2026-09-16 16:06:28 [INFO    ] chipify.engines.xschem: run_xschem: /foss/designs/heichip/isource_beta/testbenches/xschem/tb_isource_beta_op.sch (mode=spice)
2026-09-16 16:06:28 [INFO    ] chipify.engines.xschem: Xschem env: HOME=/headless XSCHEM_SHAREDIR=None PATH=/headless/.local/bin:/foss/tools/bin:/foss/tools/sak:/usr/local/sbin:/usr/local/bin:/usr/sbin:/usr/bin:/sbin:/bin:/foss/tools/kactus2:/foss/tools/klayout:/foss/tools/osic-multitool cwd=/foss/designs/heichip/isource_beta/chipify
2026-09-16 16:06:28 [INFO    ] chipify.engines.xschem: Xschem PID=16059 cmd=xschem -n --spice -q -x -o /tmp/chipify_f828d4bc08 /foss/designs/heichip/isource_beta/testbenches/xschem/tb_isource_beta_op.sch
2026-09-16 16:06:29 [INFO    ] chipify.engines.xschem: xschem post-run scan: recent_files=['../../../../../tmp/chipify_f828d4bc08/tb_isource_beta_op.xschem.log', '../../../../../tmp/chipify_f828d4bc08/tb_isource_beta_op.spice'] netlist_files=['../../../../../tmp/chipify_f828d4bc08/tb_isource_beta_op.spice'] chosen=../../../../../tmp/chipify_f828d4bc08/tb_isource_beta_op.spice
2026-09-16 16:06:29 [INFO    ] chipify.engines.xschem: Xschem netlist generated OK (spice).
2026-09-16 16:06:29 [INFO    ] chipify.engines.xschem: run_xschem: /foss/designs/heichip/isource_beta/testbenches/xschem/tb_isource_beta_tran.sch (mode=spice)
2026-09-16 16:06:29 [INFO    ] chipify.engines.xschem: Xschem env: HOME=/headless XSCHEM_SHAREDIR=None PATH=/headless/.local/bin:/foss/tools/bin:/foss/tools/sak:/usr/local/sbin:/usr/local/bin:/usr/sbin:/usr/bin:/sbin:/bin:/foss/tools/kactus2:/foss/tools/klayout:/foss/tools/osic-multitool cwd=/foss/designs/heichip/isource_beta/chipify
2026-09-16 16:06:29 [INFO    ] chipify.engines.xschem: Xschem PID=16069 cmd=xschem -n --spice -q -x -o /tmp/chipify_f828d4bc08 /foss/designs/heichip/isource_beta/testbenches/xschem/tb_isource_beta_tran.sch
2026-09-16 16:06:29 [INFO    ] chipify.engines.xschem: xschem post-run scan: recent_files=['../../../../../tmp/chipify_f828d4bc08/tb_isource_beta_tran.spice', '../../../../../tmp/chipify_f828d4bc08/tb_isource_beta_op.spice', '../../../../../tmp/chipify_f828d4bc08/tb_isource_beta_tran.xschem.log'] netlist_files=['../../../../../tmp/chipify_f828d4bc08/tb_isource_beta_tran.spice', '../../../../../tmp/chipify_f828d4bc08/tb_isource_beta_op.spice'] chosen=../../../../../tmp/chipify_f828d4bc08/tb_isource_beta_tran.spice
2026-09-16 16:06:29 [INFO    ] chipify.engines.xschem: Xschem netlist generated OK (spice).
2026-09-16 16:06:29 [INFO    ] chipify.simulator: Phase 3/3: staging files to RAM disk...
2026-09-16 16:06:29 [INFO    ] chipify.engines.staging: Staging library files to RAM disk: /tmp/chipify_f828d4bc08
2026-09-16 16:06:29 [DEBUG   ] chipify.engines.staging: No tb/xschemrc to stage (looked at /foss/designs/heichip/isource_beta/chipify/../testbenches/xschem/xschemrc)
2026-09-16 16:06:29 [INFO    ] chipify.simulator: transient store: /foss/designs/heichip/isource_beta/chipify/out/analysis_data/transient/20260916_160629
2026-09-16 16:06:29 [INFO    ] chipify.simulator: Spawning pool: 11 workers, 30 tasks.
2026-09-16 16:06:29 [DEBUG   ] chipify.simulator: Pool created (forkserver, 11 workers).
2026-09-16 16:06:29 [DEBUG   ] chipify.simulator: 30 batch tasks submitted (chunk_size=1).
2026-09-16 16:06:39 [INFO    ] chipify.simulator: Pool finished cleanly. 30 results collected.
2026-09-16 16:06:39 [INFO    ] chipify.simulator: run_sim() exited.
2026-09-16 16:06:39 [INFO    ] chipify.gui_qt.sim_worker: run_sim returned 30 rows. Saving results…
2026-09-16 16:06:39 [INFO    ] chipify.run_meta: Wrote run metadata: /foss/designs/heichip/isource_beta/chipify/out/history/run_20260916_160639.meta.json
2026-09-16 16:06:39 [INFO    ] chipify.run_meta: Wrote run metadata: /foss/designs/heichip/isource_beta/chipify/out/simulation_results.meta.json
2026-09-16 16:06:39 [DEBUG   ] chipify.expression: evaluate_dataframe_column 'iout': 'out/res' → 'out/res'
2026-09-16 16:06:39 [WARNING ] chipify.uikit.services.equations: Scalar equation 'iout' failed: name 'res' is not defined
2026-09-16 16:06:40 [DEBUG   ] chipify.expression: evaluate_dataframe_column 'out_d': 'outp-outn' → 'outp-outn'
2026-09-16 16:06:40 [DEBUG   ] chipify.plot: Waveform equation 'out_d' skipped: name 'outp' is not defined
2026-09-16 16:06:40 [DEBUG   ] chipify.expression: evaluate_dataframe_column 'out_d': 'outp-outn' → 'outp-outn'
2026-09-16 16:06:40 [DEBUG   ] chipify.plot: Waveform equation 'out_d' skipped: name 'outp' is not defined
2026-09-16 16:06:40 [DEBUG   ] chipify.expression: evaluate_dataframe_column 'out_d': 'outp-outn' → 'outp-outn'
2026-09-16 16:06:40 [DEBUG   ] chipify.plot: Waveform equation 'out_d' skipped: name 'outp' is not defined
2026-09-16 16:06:40 [DEBUG   ] chipify.expression: evaluate_dataframe_column 'out_d': 'outp-outn' → 'outp-outn'
2026-09-16 16:06:40 [DEBUG   ] chipify.plot: Waveform equation 'out_d' skipped: name 'outp' is not defined
2026-09-16 16:06:40 [DEBUG   ] chipify.expression: evaluate_dataframe_column 'out_d': 'outp-outn' → 'outp-outn'
2026-09-16 16:06:40 [DEBUG   ] chipify.plot: Waveform equation 'out_d' skipped: name 'outp' is not defined
2026-09-16 16:06:40 [DEBUG   ] chipify.expression: evaluate_dataframe_column 'out_d': 'outp-outn' → 'outp-outn'
2026-09-16 16:06:40 [DEBUG   ] chipify.plot: Waveform equation 'out_d' skipped: name 'outp' is not defined
2026-09-16 16:06:40 [DEBUG   ] chipify.expression: evaluate_dataframe_column 'out_d': 'outp-outn' → 'outp-outn'
2026-09-16 16:06:40 [DEBUG   ] chipify.plot: Waveform equation 'out_d' skipped: name 'outp' is not defined
2026-09-16 16:06:40 [DEBUG   ] chipify.expression: evaluate_dataframe_column 'out_d': 'outp-outn' → 'outp-outn'
2026-09-16 16:06:40 [DEBUG   ] chipify.plot: Waveform equation 'out_d' skipped: name 'outp' is not defined
2026-09-16 16:06:40 [DEBUG   ] chipify.expression: evaluate_dataframe_column 'out_d': 'outp-outn' → 'outp-outn'
2026-09-16 16:06:40 [DEBUG   ] chipify.plot: Waveform equation 'out_d' skipped: name 'outp' is not defined
2026-09-16 16:06:40 [DEBUG   ] chipify.expression: evaluate_dataframe_column 'out_d': 'outp-outn' → 'outp-outn'
2026-09-16 16:06:40 [DEBUG   ] chipify.plot: Waveform equation 'out_d' skipped: name 'outp' is not defined
2026-09-16 16:06:40 [DEBUG   ] chipify.expression: evaluate_dataframe_column 'out_d': 'outp-outn' → 'outp-outn'
2026-09-16 16:06:40 [DEBUG   ] chipify.plot: Waveform equation 'out_d' skipped: name 'outp' is not defined
2026-09-16 16:06:40 [DEBUG   ] chipify.expression: evaluate_dataframe_column 'out_d': 'outp-outn' → 'outp-outn'
2026-09-16 16:06:40 [DEBUG   ] chipify.plot: Waveform equation 'out_d' skipped: name 'outp' is not defined
2026-09-16 16:06:40 [DEBUG   ] chipify.expression: evaluate_dataframe_column 'out_d': 'outp-outn' → 'outp-outn'
2026-09-16 16:06:40 [DEBUG   ] chipify.plot: Waveform equation 'out_d' skipped: name 'outp' is not defined
2026-09-16 16:06:40 [DEBUG   ] chipify.expression: evaluate_dataframe_column 'out_d': 'outp-outn' → 'outp-outn'
2026-09-16 16:06:40 [DEBUG   ] chipify.plot: Waveform equation 'out_d' skipped: name 'outp' is not defined
2026-09-16 16:06:40 [DEBUG   ] chipify.expression: evaluate_dataframe_column 'out_d': 'outp-outn' → 'outp-outn'
2026-09-16 16:06:40 [DEBUG   ] chipify.plot: Waveform equation 'out_d' skipped: name 'outp' is not defined
2026-09-16 16:06:40 [DEBUG   ] chipify.expression: evaluate_dataframe_column 'out_d': 'outp-outn' → 'outp-outn'
2026-09-16 16:06:40 [DEBUG   ] chipify.plot: Waveform equation 'out_d' skipped: name 'outp' is not defined
2026-09-16 16:06:40 [DEBUG   ] chipify.expression: evaluate_dataframe_column 'out_d': 'outp-outn' → 'outp-outn'
2026-09-16 16:06:40 [DEBUG   ] chipify.plot: Waveform equation 'out_d' skipped: name 'outp' is not defined
2026-09-16 16:06:41 [DEBUG   ] chipify.expression: evaluate_dataframe_column 'out_d': 'outp-outn' → 'outp-outn'
2026-09-16 16:06:41 [DEBUG   ] chipify.plot: Waveform equation 'out_d' skipped: name 'outp' is not defined
2026-09-16 16:06:41 [DEBUG   ] chipify.expression: evaluate_dataframe_column 'out_d': 'outp-outn' → 'outp-outn'
2026-09-16 16:06:41 [DEBUG   ] chipify.plot: Waveform equation 'out_d' skipped: name 'outp' is not defined
2026-09-16 16:06:41 [DEBUG   ] chipify.expression: evaluate_dataframe_column 'out_d': 'outp-outn' → 'outp-outn'
2026-09-16 16:06:41 [DEBUG   ] chipify.plot: Waveform equation 'out_d' skipped: name 'outp' is not defined
2026-09-16 16:06:41 [DEBUG   ] chipify.expression: evaluate_dataframe_column 'out_d': 'outp-outn' → 'outp-outn'
2026-09-16 16:06:41 [DEBUG   ] chipify.plot: Waveform equation 'out_d' skipped: name 'outp' is not defined
2026-09-16 16:06:41 [DEBUG   ] chipify.expression: evaluate_dataframe_column 'out_d': 'outp-outn' → 'outp-outn'
2026-09-16 16:06:41 [DEBUG   ] chipify.plot: Waveform equation 'out_d' skipped: name 'outp' is not defined
2026-09-16 16:06:41 [DEBUG   ] chipify.expression: evaluate_dataframe_column 'out_d': 'outp-outn' → 'outp-outn'
2026-09-16 16:06:41 [DEBUG   ] chipify.plot: Waveform equation 'out_d' skipped: name 'outp' is not defined
2026-09-16 16:06:41 [DEBUG   ] chipify.expression: evaluate_dataframe_column 'out_d': 'outp-outn' → 'outp-outn'
2026-09-16 16:06:41 [DEBUG   ] chipify.plot: Waveform equation 'out_d' skipped: name 'outp' is not defined
2026-09-16 16:06:41 [DEBUG   ] chipify.expression: evaluate_dataframe_column 'out_d': 'outp-outn' → 'outp-outn'
2026-09-16 16:06:41 [DEBUG   ] chipify.plot: Waveform equation 'out_d' skipped: name 'outp' is not defined
2026-09-16 16:06:41 [DEBUG   ] chipify.expression: evaluate_dataframe_column 'out_d': 'outp-outn' → 'outp-outn'
2026-09-16 16:06:41 [DEBUG   ] chipify.plot: Waveform equation 'out_d' skipped: name 'outp' is not defined
2026-09-16 16:06:41 [DEBUG   ] chipify.expression: evaluate_dataframe_column 'out_d': 'outp-outn' → 'outp-outn'
2026-09-16 16:06:41 [DEBUG   ] chipify.plot: Waveform equation 'out_d' skipped: name 'outp' is not defined
2026-09-16 16:06:41 [DEBUG   ] chipify.expression: evaluate_dataframe_column 'out_d': 'outp-outn' → 'outp-outn'
2026-09-16 16:06:41 [DEBUG   ] chipify.plot: Waveform equation 'out_d' skipped: name 'outp' is not defined
2026-09-16 16:06:41 [DEBUG   ] chipify.expression: evaluate_dataframe_column 'out_d': 'outp-outn' → 'outp-outn'
2026-09-16 16:06:41 [DEBUG   ] chipify.plot: Waveform equation 'out_d' skipped: name 'outp' is not defined
2026-09-16 16:06:41 [DEBUG   ] chipify.expression: evaluate_dataframe_column 'out_d': 'outp-outn' → 'outp-outn'
2026-09-16 16:06:41 [DEBUG   ] chipify.plot: Waveform equation 'out_d' skipped: name 'outp' is not defined
2026-09-17 13:01:22 [INFO    ] chipify: ============================================================
2026-09-17 13:01:22 [INFO    ] chipify: Chipify 0.2.3  →  /usr/local/lib/python3.12/dist-packages/chipify
2026-09-17 13:01:22 [INFO    ] chipify: Logging initialised  →  /foss/designs/heichip/isource_beta/chipify/out/chipify.log
2026-09-17 13:01:22 [INFO    ] chipify: ============================================================
2026-09-17 13:01:22 [INFO    ] chipify.gui_qt: Wayland session detected; preferring XWayland (xcb) with a native-Wayland fallback.
2026-09-17 13:01:24 [INFO    ] chipify.gui_qt: Starting Chipify Qt GUI (theme=night, PySide6).
2026-09-17 13:01:24 [INFO    ] chipify.gui_qt.main_window: Initial window size 1300x912 (screen work area 1440x960).
2026-09-17 13:01:26 [DEBUG   ] chipify.gui_qt.main_window: MainWindow constructed (theme=night).
2026-09-17 13:01:27 [DEBUG   ] chipify.expression: evaluate_dataframe_column 'iout': 'out/res' → 'out/res'
2026-09-17 13:01:27 [WARNING ] chipify.uikit.services.equations: Scalar equation 'iout' failed: name 'res' is not defined
2026-09-17 13:01:28 [DEBUG   ] chipify.expression: evaluate_dataframe_column 'out_d': 'outp-outn' → 'outp-outn'
2026-09-17 13:01:28 [DEBUG   ] chipify.plot: Waveform equation 'out_d' skipped: name 'outp' is not defined
2026-09-17 13:01:28 [DEBUG   ] chipify.expression: evaluate_dataframe_column 'out_d': 'outp-outn' → 'outp-outn'
2026-09-17 13:01:28 [DEBUG   ] chipify.plot: Waveform equation 'out_d' skipped: name 'outp' is not defined
2026-09-17 13:01:28 [DEBUG   ] chipify.expression: evaluate_dataframe_column 'out_d': 'outp-outn' → 'outp-outn'
2026-09-17 13:01:28 [DEBUG   ] chipify.plot: Waveform equation 'out_d' skipped: name 'outp' is not defined
2026-09-17 13:01:29 [DEBUG   ] chipify.expression: evaluate_dataframe_column 'out_d': 'outp-outn' → 'outp-outn'
2026-09-17 13:01:29 [DEBUG   ] chipify.plot: Waveform equation 'out_d' skipped: name 'outp' is not defined
2026-09-17 13:01:29 [DEBUG   ] chipify.expression: evaluate_dataframe_column 'out_d': 'outp-outn' → 'outp-outn'
2026-09-17 13:01:29 [DEBUG   ] chipify.plot: Waveform equation 'out_d' skipped: name 'outp' is not defined
2026-09-17 13:01:29 [DEBUG   ] chipify.expression: evaluate_dataframe_column 'out_d': 'outp-outn' → 'outp-outn'
2026-09-17 13:01:29 [DEBUG   ] chipify.plot: Waveform equation 'out_d' skipped: name 'outp' is not defined
2026-09-17 13:01:29 [DEBUG   ] chipify.expression: evaluate_dataframe_column 'out_d': 'outp-outn' → 'outp-outn'
2026-09-17 13:01:29 [DEBUG   ] chipify.plot: Waveform equation 'out_d' skipped: name 'outp' is not defined
2026-09-17 13:01:29 [DEBUG   ] chipify.expression: evaluate_dataframe_column 'out_d': 'outp-outn' → 'outp-outn'
2026-09-17 13:01:29 [DEBUG   ] chipify.plot: Waveform equation 'out_d' skipped: name 'outp' is not defined
2026-09-17 13:01:29 [DEBUG   ] chipify.expression: evaluate_dataframe_column 'out_d': 'outp-outn' → 'outp-outn'
2026-09-17 13:01:29 [DEBUG   ] chipify.plot: Waveform equation 'out_d' skipped: name 'outp' is not defined
2026-09-17 13:01:29 [DEBUG   ] chipify.expression: evaluate_dataframe_column 'out_d': 'outp-outn' → 'outp-outn'
2026-09-17 13:01:29 [DEBUG   ] chipify.plot: Waveform equation 'out_d' skipped: name 'outp' is not defined
2026-09-17 13:01:29 [DEBUG   ] chipify.expression: evaluate_dataframe_column 'out_d': 'outp-outn' → 'outp-outn'
2026-09-17 13:01:29 [DEBUG   ] chipify.plot: Waveform equation 'out_d' skipped: name 'outp' is not defined
2026-09-17 13:01:29 [DEBUG   ] chipify.expression: evaluate_dataframe_column 'out_d': 'outp-outn' → 'outp-outn'
2026-09-17 13:01:29 [DEBUG   ] chipify.plot: Waveform equation 'out_d' skipped: name 'outp' is not defined
2026-09-17 13:01:29 [DEBUG   ] chipify.expression: evaluate_dataframe_column 'out_d': 'outp-outn' → 'outp-outn'
2026-09-17 13:01:29 [DEBUG   ] chipify.plot: Waveform equation 'out_d' skipped: name 'outp' is not defined
2026-09-17 13:01:29 [DEBUG   ] chipify.expression: evaluate_dataframe_column 'out_d': 'outp-outn' → 'outp-outn'
2026-09-17 13:01:29 [DEBUG   ] chipify.plot: Waveform equation 'out_d' skipped: name 'outp' is not defined
2026-09-17 13:01:29 [DEBUG   ] chipify.expression: evaluate_dataframe_column 'out_d': 'outp-outn' → 'outp-outn'
2026-09-17 13:01:29 [DEBUG   ] chipify.plot: Waveform equation 'out_d' skipped: name 'outp' is not defined
2026-09-17 13:01:29 [DEBUG   ] chipify.expression: evaluate_dataframe_column 'out_d': 'outp-outn' → 'outp-outn'
2026-09-17 13:01:29 [DEBUG   ] chipify.plot: Waveform equation 'out_d' skipped: name 'outp' is not defined
2026-09-17 13:01:29 [DEBUG   ] chipify.expression: evaluate_dataframe_column 'out_d': 'outp-outn' → 'outp-outn'
2026-09-17 13:01:29 [DEBUG   ] chipify.plot: Waveform equation 'out_d' skipped: name 'outp' is not defined
2026-09-17 13:01:30 [DEBUG   ] chipify.expression: evaluate_dataframe_column 'out_d': 'outp-outn' → 'outp-outn'
2026-09-17 13:01:30 [DEBUG   ] chipify.plot: Waveform equation 'out_d' skipped: name 'outp' is not defined
2026-09-17 13:01:30 [DEBUG   ] chipify.expression: evaluate_dataframe_column 'out_d': 'outp-outn' → 'outp-outn'
2026-09-17 13:01:30 [DEBUG   ] chipify.plot: Waveform equation 'out_d' skipped: name 'outp' is not defined
2026-09-17 13:01:30 [DEBUG   ] chipify.expression: evaluate_dataframe_column 'out_d': 'outp-outn' → 'outp-outn'
2026-09-17 13:01:30 [DEBUG   ] chipify.plot: Waveform equation 'out_d' skipped: name 'outp' is not defined
2026-09-17 13:01:30 [DEBUG   ] chipify.expression: evaluate_dataframe_column 'out_d': 'outp-outn' → 'outp-outn'
2026-09-17 13:01:30 [DEBUG   ] chipify.plot: Waveform equation 'out_d' skipped: name 'outp' is not defined
2026-09-17 13:01:30 [DEBUG   ] chipify.expression: evaluate_dataframe_column 'out_d': 'outp-outn' → 'outp-outn'
2026-09-17 13:01:30 [DEBUG   ] chipify.plot: Waveform equation 'out_d' skipped: name 'outp' is not defined
2026-09-17 13:01:30 [DEBUG   ] chipify.expression: evaluate_dataframe_column 'out_d': 'outp-outn' → 'outp-outn'
2026-09-17 13:01:30 [DEBUG   ] chipify.plot: Waveform equation 'out_d' skipped: name 'outp' is not defined
2026-09-17 13:01:30 [DEBUG   ] chipify.expression: evaluate_dataframe_column 'out_d': 'outp-outn' → 'outp-outn'
2026-09-17 13:01:30 [DEBUG   ] chipify.plot: Waveform equation 'out_d' skipped: name 'outp' is not defined
2026-09-17 13:01:30 [DEBUG   ] chipify.expression: evaluate_dataframe_column 'out_d': 'outp-outn' → 'outp-outn'
2026-09-17 13:01:30 [DEBUG   ] chipify.plot: Waveform equation 'out_d' skipped: name 'outp' is not defined
2026-09-17 13:01:30 [DEBUG   ] chipify.expression: evaluate_dataframe_column 'out_d': 'outp-outn' → 'outp-outn'
2026-09-17 13:01:30 [DEBUG   ] chipify.plot: Waveform equation 'out_d' skipped: name 'outp' is not defined
2026-09-17 13:01:30 [DEBUG   ] chipify.expression: evaluate_dataframe_column 'out_d': 'outp-outn' → 'outp-outn'
2026-09-17 13:01:30 [DEBUG   ] chipify.plot: Waveform equation 'out_d' skipped: name 'outp' is not defined
2026-09-17 13:01:30 [DEBUG   ] chipify.expression: evaluate_dataframe_column 'out_d': 'outp-outn' → 'outp-outn'
2026-09-17 13:01:30 [DEBUG   ] chipify.plot: Waveform equation 'out_d' skipped: name 'outp' is not defined
2026-09-17 13:01:30 [DEBUG   ] chipify.expression: evaluate_dataframe_column 'out_d': 'outp-outn' → 'outp-outn'
2026-09-17 13:01:30 [DEBUG   ] chipify.plot: Waveform equation 'out_d' skipped: name 'outp' is not defined
2026-09-17 13:01:30 [DEBUG   ] chipify.expression: evaluate_dataframe_column 'out_d': 'outp-outn' → 'outp-outn'
2026-09-17 13:01:30 [DEBUG   ] chipify.plot: Waveform equation 'out_d' skipped: name 'outp' is not defined
2026-09-17 13:01:32 [INFO    ] chipify.gui_qt.controllers.simulation: SimulationController.start: corners_ngspice.yaml
2026-09-17 13:01:32 [INFO    ] chipify.gui_qt.sim_worker: SimWorker.run on thread Dummy-1
2026-09-17 13:01:32 [INFO    ] chipify.simulator: run_sim() started. Testbenches: 2
2026-09-17 13:01:32 [INFO    ] chipify.simulator: Phase 1/3: generating parameter cases...
2026-09-17 13:01:32 [INFO    ] chipify.simulator: Total cases: 30
2026-09-17 13:01:32 [INFO    ] chipify.simulator: Simulator engine(s) in use: ngspice
2026-09-17 13:01:32 [INFO    ] chipify.simulator: Phase 2/3: generating Xschem templates...
2026-09-17 13:01:32 [INFO    ] chipify.engines.xschem: run_xschem: /foss/designs/heichip/isource_beta/testbenches/xschem/tb_isource_beta_op.sch (mode=spice)
2026-09-17 13:01:32 [INFO    ] chipify.engines.xschem: Xschem env: HOME=/headless XSCHEM_SHAREDIR=None PATH=/headless/.local/bin:/foss/tools/bin:/foss/tools/sak:/usr/local/sbin:/usr/local/bin:/usr/sbin:/usr/bin:/sbin:/bin:/foss/tools/kactus2:/foss/tools/klayout:/foss/tools/osic-multitool cwd=/foss/designs/heichip/isource_beta/chipify
2026-09-17 13:01:32 [INFO    ] chipify.engines.xschem: Xschem PID=12221 cmd=xschem -n --spice -q -x -o /tmp/chipify_f828d4bc08 /foss/designs/heichip/isource_beta/testbenches/xschem/tb_isource_beta_op.sch
2026-09-17 13:01:33 [INFO    ] chipify.engines.xschem: xschem post-run scan: recent_files=['../../../../../tmp/chipify_f828d4bc08/tb_isource_beta_op.xschem.log', '../../../../../tmp/chipify_f828d4bc08/tb_isource_beta_op.spice'] netlist_files=['../../../../../tmp/chipify_f828d4bc08/tb_isource_beta_op.spice'] chosen=../../../../../tmp/chipify_f828d4bc08/tb_isource_beta_op.spice
2026-09-17 13:01:33 [INFO    ] chipify.engines.xschem: Xschem netlist generated OK (spice).
2026-09-17 13:01:33 [INFO    ] chipify.engines.xschem: run_xschem: /foss/designs/heichip/isource_beta/testbenches/xschem/tb_isource_beta_tran.sch (mode=spice)
2026-09-17 13:01:33 [INFO    ] chipify.engines.xschem: Xschem env: HOME=/headless XSCHEM_SHAREDIR=None PATH=/headless/.local/bin:/foss/tools/bin:/foss/tools/sak:/usr/local/sbin:/usr/local/bin:/usr/sbin:/usr/bin:/sbin:/bin:/foss/tools/kactus2:/foss/tools/klayout:/foss/tools/osic-multitool cwd=/foss/designs/heichip/isource_beta/chipify
2026-09-17 13:01:33 [INFO    ] chipify.engines.xschem: Xschem PID=12231 cmd=xschem -n --spice -q -x -o /tmp/chipify_f828d4bc08 /foss/designs/heichip/isource_beta/testbenches/xschem/tb_isource_beta_tran.sch
2026-09-17 13:01:33 [INFO    ] chipify.engines.xschem: xschem post-run scan: recent_files=['../../../../../tmp/chipify_f828d4bc08/tb_isource_beta_tran.spice', '../../../../../tmp/chipify_f828d4bc08/tb_isource_beta_op.spice', '../../../../../tmp/chipify_f828d4bc08/tb_isource_beta_tran.xschem.log'] netlist_files=['../../../../../tmp/chipify_f828d4bc08/tb_isource_beta_tran.spice', '../../../../../tmp/chipify_f828d4bc08/tb_isource_beta_op.spice'] chosen=../../../../../tmp/chipify_f828d4bc08/tb_isource_beta_tran.spice
2026-09-17 13:01:33 [INFO    ] chipify.engines.xschem: Xschem netlist generated OK (spice).
2026-09-17 13:01:33 [INFO    ] chipify.simulator: Phase 3/3: staging files to RAM disk...
2026-09-17 13:01:33 [INFO    ] chipify.engines.staging: Staging library files to RAM disk: /tmp/chipify_f828d4bc08
2026-09-17 13:01:33 [DEBUG   ] chipify.engines.staging: No tb/xschemrc to stage (looked at /foss/designs/heichip/isource_beta/chipify/../testbenches/xschem/xschemrc)
2026-09-17 13:01:33 [INFO    ] chipify.simulator: transient store: /foss/designs/heichip/isource_beta/chipify/out/analysis_data/transient/20260917_130133
2026-09-17 13:01:33 [INFO    ] chipify.simulator: Spawning pool: 11 workers, 30 tasks.
2026-09-17 13:01:33 [DEBUG   ] chipify.simulator: Pool created (forkserver, 11 workers).
2026-09-17 13:01:33 [DEBUG   ] chipify.simulator: 30 batch tasks submitted (chunk_size=1).
2026-09-17 13:01:44 [INFO    ] chipify.simulator: Pool finished cleanly. 30 results collected.
2026-09-17 13:01:44 [INFO    ] chipify.simulator: run_sim() exited.
2026-09-17 13:01:44 [INFO    ] chipify.gui_qt.sim_worker: run_sim returned 30 rows. Saving results…
2026-09-17 13:01:44 [INFO    ] chipify.run_meta: Wrote run metadata: /foss/designs/heichip/isource_beta/chipify/out/history/run_20260917_130144.meta.json
2026-09-17 13:01:44 [INFO    ] chipify.run_meta: Wrote run metadata: /foss/designs/heichip/isource_beta/chipify/out/simulation_results.meta.json
2026-09-17 13:01:44 [DEBUG   ] chipify.expression: evaluate_dataframe_column 'iout': 'out/res' → 'out/res'
2026-09-17 13:01:44 [WARNING ] chipify.uikit.services.equations: Scalar equation 'iout' failed: name 'res' is not defined
2026-09-17 13:01:44 [DEBUG   ] chipify.expression: evaluate_dataframe_column 'out_d': 'outp-outn' → 'outp-outn'
2026-09-17 13:01:44 [DEBUG   ] chipify.plot: Waveform equation 'out_d' skipped: name 'outp' is not defined
2026-09-17 13:01:44 [DEBUG   ] chipify.expression: evaluate_dataframe_column 'out_d': 'outp-outn' → 'outp-outn'
2026-09-17 13:01:44 [DEBUG   ] chipify.plot: Waveform equation 'out_d' skipped: name 'outp' is not defined
2026-09-17 13:01:44 [DEBUG   ] chipify.expression: evaluate_dataframe_column 'out_d': 'outp-outn' → 'outp-outn'
2026-09-17 13:01:44 [DEBUG   ] chipify.plot: Waveform equation 'out_d' skipped: name 'outp' is not defined
2026-09-17 13:01:44 [DEBUG   ] chipify.expression: evaluate_dataframe_column 'out_d': 'outp-outn' → 'outp-outn'
2026-09-17 13:01:44 [DEBUG   ] chipify.plot: Waveform equation 'out_d' skipped: name 'outp' is not defined
2026-09-17 13:01:44 [DEBUG   ] chipify.expression: evaluate_dataframe_column 'out_d': 'outp-outn' → 'outp-outn'
2026-09-17 13:01:44 [DEBUG   ] chipify.plot: Waveform equation 'out_d' skipped: name 'outp' is not defined
2026-09-17 13:01:44 [DEBUG   ] chipify.expression: evaluate_dataframe_column 'out_d': 'outp-outn' → 'outp-outn'
2026-09-17 13:01:44 [DEBUG   ] chipify.plot: Waveform equation 'out_d' skipped: name 'outp' is not defined
2026-09-17 13:01:44 [DEBUG   ] chipify.expression: evaluate_dataframe_column 'out_d': 'outp-outn' → 'outp-outn'
2026-09-17 13:01:44 [DEBUG   ] chipify.plot: Waveform equation 'out_d' skipped: name 'outp' is not defined
2026-09-17 13:01:44 [DEBUG   ] chipify.expression: evaluate_dataframe_column 'out_d': 'outp-outn' → 'outp-outn'
2026-09-17 13:01:44 [DEBUG   ] chipify.plot: Waveform equation 'out_d' skipped: name 'outp' is not defined
2026-09-17 13:01:44 [DEBUG   ] chipify.expression: evaluate_dataframe_column 'out_d': 'outp-outn' → 'outp-outn'
2026-09-17 13:01:44 [DEBUG   ] chipify.plot: Waveform equation 'out_d' skipped: name 'outp' is not defined
2026-09-17 13:01:44 [DEBUG   ] chipify.expression: evaluate_dataframe_column 'out_d': 'outp-outn' → 'outp-outn'
2026-09-17 13:01:44 [DEBUG   ] chipify.plot: Waveform equation 'out_d' skipped: name 'outp' is not defined
2026-09-17 13:01:44 [DEBUG   ] chipify.expression: evaluate_dataframe_column 'out_d': 'outp-outn' → 'outp-outn'
2026-09-17 13:01:44 [DEBUG   ] chipify.plot: Waveform equation 'out_d' skipped: name 'outp' is not defined
2026-09-17 13:01:44 [DEBUG   ] chipify.expression: evaluate_dataframe_column 'out_d': 'outp-outn' → 'outp-outn'
2026-09-17 13:01:44 [DEBUG   ] chipify.plot: Waveform equation 'out_d' skipped: name 'outp' is not defined
2026-09-17 13:01:44 [DEBUG   ] chipify.expression: evaluate_dataframe_column 'out_d': 'outp-outn' → 'outp-outn'
2026-09-17 13:01:44 [DEBUG   ] chipify.plot: Waveform equation 'out_d' skipped: name 'outp' is not defined
2026-09-17 13:01:44 [DEBUG   ] chipify.expression: evaluate_dataframe_column 'out_d': 'outp-outn' → 'outp-outn'
2026-09-17 13:01:44 [DEBUG   ] chipify.plot: Waveform equation 'out_d' skipped: name 'outp' is not defined
2026-09-17 13:01:44 [DEBUG   ] chipify.expression: evaluate_dataframe_column 'out_d': 'outp-outn' → 'outp-outn'
2026-09-17 13:01:44 [DEBUG   ] chipify.plot: Waveform equation 'out_d' skipped: name 'outp' is not defined
2026-09-17 13:01:44 [DEBUG   ] chipify.expression: evaluate_dataframe_column 'out_d': 'outp-outn' → 'outp-outn'
2026-09-17 13:01:44 [DEBUG   ] chipify.plot: Waveform equation 'out_d' skipped: name 'outp' is not defined
2026-09-17 13:01:44 [DEBUG   ] chipify.expression: evaluate_dataframe_column 'out_d': 'outp-outn' → 'outp-outn'
2026-09-17 13:01:44 [DEBUG   ] chipify.plot: Waveform equation 'out_d' skipped: name 'outp' is not defined
2026-09-17 13:01:44 [DEBUG   ] chipify.expression: evaluate_dataframe_column 'out_d': 'outp-outn' → 'outp-outn'
2026-09-17 13:01:44 [DEBUG   ] chipify.plot: Waveform equation 'out_d' skipped: name 'outp' is not defined
2026-09-17 13:01:44 [DEBUG   ] chipify.expression: evaluate_dataframe_column 'out_d': 'outp-outn' → 'outp-outn'
2026-09-17 13:01:44 [DEBUG   ] chipify.plot: Waveform equation 'out_d' skipped: name 'outp' is not defined
2026-09-17 13:01:44 [DEBUG   ] chipify.expression: evaluate_dataframe_column 'out_d': 'outp-outn' → 'outp-outn'
2026-09-17 13:01:44 [DEBUG   ] chipify.plot: Waveform equation 'out_d' skipped: name 'outp' is not defined
2026-09-17 13:01:44 [DEBUG   ] chipify.expression: evaluate_dataframe_column 'out_d': 'outp-outn' → 'outp-outn'
2026-09-17 13:01:44 [DEBUG   ] chipify.plot: Waveform equation 'out_d' skipped: name 'outp' is not defined
2026-09-17 13:01:44 [DEBUG   ] chipify.expression: evaluate_dataframe_column 'out_d': 'outp-outn' → 'outp-outn'
2026-09-17 13:01:44 [DEBUG   ] chipify.plot: Waveform equation 'out_d' skipped: name 'outp' is not defined
2026-09-17 13:01:44 [DEBUG   ] chipify.expression: evaluate_dataframe_column 'out_d': 'outp-outn' → 'outp-outn'
2026-09-17 13:01:44 [DEBUG   ] chipify.plot: Waveform equation 'out_d' skipped: name 'outp' is not defined
2026-09-17 13:01:44 [DEBUG   ] chipify.expression: evaluate_dataframe_column 'out_d': 'outp-outn' → 'outp-outn'
2026-09-17 13:01:44 [DEBUG   ] chipify.plot: Waveform equation 'out_d' skipped: name 'outp' is not defined
2026-09-17 13:01:44 [DEBUG   ] chipify.expression: evaluate_dataframe_column 'out_d': 'outp-outn' → 'outp-outn'
2026-09-17 13:01:44 [DEBUG   ] chipify.plot: Waveform equation 'out_d' skipped: name 'outp' is not defined
2026-09-17 13:01:45 [DEBUG   ] chipify.expression: evaluate_dataframe_column 'out_d': 'outp-outn' → 'outp-outn'
2026-09-17 13:01:45 [DEBUG   ] chipify.plot: Waveform equation 'out_d' skipped: name 'outp' is not defined
2026-09-17 13:01:45 [DEBUG   ] chipify.expression: evaluate_dataframe_column 'out_d': 'outp-outn' → 'outp-outn'
2026-09-17 13:01:45 [DEBUG   ] chipify.plot: Waveform equation 'out_d' skipped: name 'outp' is not defined
2026-09-17 13:01:45 [DEBUG   ] chipify.expression: evaluate_dataframe_column 'out_d': 'outp-outn' → 'outp-outn'
2026-09-17 13:01:45 [DEBUG   ] chipify.plot: Waveform equation 'out_d' skipped: name 'outp' is not defined
2026-09-17 13:01:45 [DEBUG   ] chipify.expression: evaluate_dataframe_column 'out_d': 'outp-outn' → 'outp-outn'
2026-09-17 13:01:45 [DEBUG   ] chipify.plot: Waveform equation 'out_d' skipped: name 'outp' is not defined
2026-09-17 13:01:45 [DEBUG   ] chipify.expression: evaluate_dataframe_column 'out_d': 'outp-outn' → 'outp-outn'
2026-09-17 13:01:45 [DEBUG   ] chipify.plot: Waveform equation 'out_d' skipped: name 'outp' is not defined
2026-09-17 13:03:08 [INFO    ] chipify.gui_qt.controllers.simulation: SimulationController.start: corners_ngspice.yaml
2026-09-17 13:03:08 [INFO    ] chipify.gui_qt.sim_worker: SimWorker.run on thread Dummy-1
2026-09-17 13:03:08 [INFO    ] chipify.simulator: run_sim() started. Testbenches: 2
2026-09-17 13:03:08 [INFO    ] chipify.simulator: Phase 1/3: generating parameter cases...
2026-09-17 13:03:08 [INFO    ] chipify.simulator: Total cases: 3000
2026-09-17 13:03:08 [INFO    ] chipify.simulator: Simulator engine(s) in use: ngspice
2026-09-17 13:03:08 [INFO    ] chipify.simulator: Phase 2/3: generating Xschem templates...
2026-09-17 13:03:08 [INFO    ] chipify.engines.xschem: run_xschem: /foss/designs/heichip/isource_beta/testbenches/xschem/tb_isource_beta_op.sch (mode=spice)
2026-09-17 13:03:08 [INFO    ] chipify.engines.xschem: Xschem env: HOME=/headless XSCHEM_SHAREDIR=None PATH=/headless/.local/bin:/foss/tools/bin:/foss/tools/sak:/usr/local/sbin:/usr/local/bin:/usr/sbin:/usr/bin:/sbin:/bin:/foss/tools/kactus2:/foss/tools/klayout:/foss/tools/osic-multitool cwd=/foss/designs/heichip/isource_beta/chipify
2026-09-17 13:03:08 [INFO    ] chipify.engines.xschem: Xschem PID=12499 cmd=xschem -n --spice -q -x -o /tmp/chipify_f828d4bc08 /foss/designs/heichip/isource_beta/testbenches/xschem/tb_isource_beta_op.sch
2026-09-17 13:03:09 [INFO    ] chipify.engines.xschem: xschem post-run scan: recent_files=['../../../../../tmp/chipify_f828d4bc08/tb_isource_beta_op.xschem.log', '../../../../../tmp/chipify_f828d4bc08/tb_isource_beta_op.spice'] netlist_files=['../../../../../tmp/chipify_f828d4bc08/tb_isource_beta_op.spice'] chosen=../../../../../tmp/chipify_f828d4bc08/tb_isource_beta_op.spice
2026-09-17 13:03:09 [INFO    ] chipify.engines.xschem: Xschem netlist generated OK (spice).
2026-09-17 13:03:09 [INFO    ] chipify.engines.xschem: run_xschem: /foss/designs/heichip/isource_beta/testbenches/xschem/tb_isource_beta_tran.sch (mode=spice)
2026-09-17 13:03:09 [INFO    ] chipify.engines.xschem: Xschem env: HOME=/headless XSCHEM_SHAREDIR=None PATH=/headless/.local/bin:/foss/tools/bin:/foss/tools/sak:/usr/local/sbin:/usr/local/bin:/usr/sbin:/usr/bin:/sbin:/bin:/foss/tools/kactus2:/foss/tools/klayout:/foss/tools/osic-multitool cwd=/foss/designs/heichip/isource_beta/chipify
2026-09-17 13:03:09 [INFO    ] chipify.engines.xschem: Xschem PID=12509 cmd=xschem -n --spice -q -x -o /tmp/chipify_f828d4bc08 /foss/designs/heichip/isource_beta/testbenches/xschem/tb_isource_beta_tran.sch
2026-09-17 13:03:09 [INFO    ] chipify.engines.xschem: xschem post-run scan: recent_files=['../../../../../tmp/chipify_f828d4bc08/tb_isource_beta_tran.spice', '../../../../../tmp/chipify_f828d4bc08/tb_isource_beta_op.spice', '../../../../../tmp/chipify_f828d4bc08/tb_isource_beta_tran.xschem.log'] netlist_files=['../../../../../tmp/chipify_f828d4bc08/tb_isource_beta_tran.spice', '../../../../../tmp/chipify_f828d4bc08/tb_isource_beta_op.spice'] chosen=../../../../../tmp/chipify_f828d4bc08/tb_isource_beta_tran.spice
2026-09-17 13:03:09 [INFO    ] chipify.engines.xschem: Xschem netlist generated OK (spice).
2026-09-17 13:03:09 [INFO    ] chipify.simulator: Phase 3/3: staging files to RAM disk...
2026-09-17 13:03:09 [INFO    ] chipify.engines.staging: Staging library files to RAM disk: /tmp/chipify_f828d4bc08
2026-09-17 13:03:09 [DEBUG   ] chipify.engines.staging: No tb/xschemrc to stage (looked at /foss/designs/heichip/isource_beta/chipify/../testbenches/xschem/xschemrc)
2026-09-17 13:03:09 [INFO    ] chipify.simulator: transient store: /foss/designs/heichip/isource_beta/chipify/out/analysis_data/transient/20260917_130309
2026-09-17 13:03:09 [INFO    ] chipify.simulator: Spawning pool: 11 workers, 3000 tasks.
2026-09-17 13:03:09 [DEBUG   ] chipify.simulator: Pool created (forkserver, 11 workers).
2026-09-17 13:03:09 [DEBUG   ] chipify.simulator: 188 batch tasks submitted (chunk_size=16).
2026-09-17 13:04:10 [INFO    ] chipify.simulator: Pool finished cleanly. 3000 results collected.
2026-09-17 13:04:11 [INFO    ] chipify.simulator: run_sim() exited.
2026-09-17 13:04:11 [INFO    ] chipify.gui_qt.sim_worker: run_sim returned 3000 rows. Saving results…
2026-09-17 13:04:11 [INFO    ] chipify.run_meta: Wrote run metadata: /foss/designs/heichip/isource_beta/chipify/out/history/run_20260917_130411.meta.json
2026-09-17 13:04:11 [INFO    ] chipify.run_meta: Wrote run metadata: /foss/designs/heichip/isource_beta/chipify/out/simulation_results.meta.json
2026-09-17 13:04:11 [DEBUG   ] chipify.expression: evaluate_dataframe_column 'iout': 'out/res' → 'out/res'
2026-09-17 13:04:11 [WARNING ] chipify.uikit.services.equations: Scalar equation 'iout' failed: name 'res' is not defined
2026-09-17 13:05:55 [INFO    ] chipify.gui_qt.controllers.simulation: SimulationController.start: corners_ngspice.yaml
2026-09-17 13:05:55 [INFO    ] chipify.gui_qt.sim_worker: SimWorker.run on thread Dummy-1
2026-09-17 13:05:55 [INFO    ] chipify.simulator: run_sim() started. Testbenches: 2
2026-09-17 13:05:55 [INFO    ] chipify.simulator: Phase 1/3: generating parameter cases...
2026-09-17 13:05:55 [INFO    ] chipify.simulator: Total cases: 3000
2026-09-17 13:05:55 [INFO    ] chipify.simulator: Simulator engine(s) in use: ngspice
2026-09-17 13:05:55 [INFO    ] chipify.simulator: Phase 2/3: generating Xschem templates...
2026-09-17 13:05:55 [INFO    ] chipify.engines.xschem: run_xschem: /foss/designs/heichip/isource_beta/testbenches/xschem/tb_isource_beta_op.sch (mode=spice)
2026-09-17 13:05:55 [INFO    ] chipify.engines.xschem: Xschem env: HOME=/headless XSCHEM_SHAREDIR=None PATH=/headless/.local/bin:/foss/tools/bin:/foss/tools/sak:/usr/local/sbin:/usr/local/bin:/usr/sbin:/usr/bin:/sbin:/bin:/foss/tools/kactus2:/foss/tools/klayout:/foss/tools/osic-multitool cwd=/foss/designs/heichip/isource_beta/chipify
2026-09-17 13:05:55 [INFO    ] chipify.engines.xschem: Xschem PID=18683 cmd=xschem -n --spice -q -x -o /tmp/chipify_f828d4bc08 /foss/designs/heichip/isource_beta/testbenches/xschem/tb_isource_beta_op.sch
2026-09-17 13:05:56 [INFO    ] chipify.engines.xschem: xschem post-run scan: recent_files=['../../../../../tmp/chipify_f828d4bc08/tb_isource_beta_op.xschem.log', '../../../../../tmp/chipify_f828d4bc08/tb_isource_beta_op.spice'] netlist_files=['../../../../../tmp/chipify_f828d4bc08/tb_isource_beta_op.spice'] chosen=../../../../../tmp/chipify_f828d4bc08/tb_isource_beta_op.spice
2026-09-17 13:05:56 [INFO    ] chipify.engines.xschem: Xschem netlist generated OK (spice).
2026-09-17 13:05:56 [INFO    ] chipify.engines.xschem: run_xschem: /foss/designs/heichip/isource_beta/testbenches/xschem/tb_isource_beta_tran.sch (mode=spice)
2026-09-17 13:05:56 [INFO    ] chipify.engines.xschem: Xschem env: HOME=/headless XSCHEM_SHAREDIR=None PATH=/headless/.local/bin:/foss/tools/bin:/foss/tools/sak:/usr/local/sbin:/usr/local/bin:/usr/sbin:/usr/bin:/sbin:/bin:/foss/tools/kactus2:/foss/tools/klayout:/foss/tools/osic-multitool cwd=/foss/designs/heichip/isource_beta/chipify
2026-09-17 13:05:56 [INFO    ] chipify.engines.xschem: Xschem PID=18693 cmd=xschem -n --spice -q -x -o /tmp/chipify_f828d4bc08 /foss/designs/heichip/isource_beta/testbenches/xschem/tb_isource_beta_tran.sch
2026-09-17 13:05:56 [INFO    ] chipify.engines.xschem: xschem post-run scan: recent_files=['../../../../../tmp/chipify_f828d4bc08/tb_isource_beta_tran.spice', '../../../../../tmp/chipify_f828d4bc08/tb_isource_beta_op.spice', '../../../../../tmp/chipify_f828d4bc08/tb_isource_beta_tran.xschem.log'] netlist_files=['../../../../../tmp/chipify_f828d4bc08/tb_isource_beta_tran.spice', '../../../../../tmp/chipify_f828d4bc08/tb_isource_beta_op.spice'] chosen=../../../../../tmp/chipify_f828d4bc08/tb_isource_beta_tran.spice
2026-09-17 13:05:56 [INFO    ] chipify.engines.xschem: Xschem netlist generated OK (spice).
2026-09-17 13:05:56 [INFO    ] chipify.simulator: Phase 3/3: staging files to RAM disk...
2026-09-17 13:05:56 [INFO    ] chipify.engines.staging: Staging library files to RAM disk: /tmp/chipify_f828d4bc08
2026-09-17 13:05:56 [DEBUG   ] chipify.engines.staging: No tb/xschemrc to stage (looked at /foss/designs/heichip/isource_beta/chipify/../testbenches/xschem/xschemrc)
2026-09-17 13:05:56 [INFO    ] chipify.simulator: transient store: /foss/designs/heichip/isource_beta/chipify/out/analysis_data/transient/20260917_130556
2026-09-17 13:05:56 [INFO    ] chipify.simulator: Spawning pool: 11 workers, 3000 tasks.
2026-09-17 13:05:56 [DEBUG   ] chipify.simulator: Pool created (forkserver, 11 workers).
2026-09-17 13:05:56 [DEBUG   ] chipify.simulator: 188 batch tasks submitted (chunk_size=16).
2026-09-17 13:07:45 [INFO    ] chipify.gui_qt.controllers.simulation: SimulationController.stop: abort requested.
2026-09-17 13:07:45 [INFO    ] chipify.gui_qt.sim_worker: SimWorker.request_stop: abort requested.
2026-09-17 13:07:45 [INFO    ] chipify.engines.abort: abort_simulation() called – writing abort flag.
2026-09-17 13:07:45 [INFO    ] chipify.simulator: Abort flag detected – terminating pool.
2026-09-17 13:07:45 [INFO    ] chipify.simulator: Simulation interrupted by user.
2026-09-17 13:07:45 [INFO    ] chipify.simulator: Pool terminated.
2026-09-17 13:07:45 [INFO    ] chipify.simulator: run_sim() exited.
2026-09-17 13:07:45 [INFO    ] chipify.gui_qt.sim_worker: run_sim returned None (aborted).
2026-09-17 13:09:11 [INFO    ] chipify.gui_qt.controllers.simulation: SimulationController.start: corners_ngspice.yaml
2026-09-17 13:09:11 [INFO    ] chipify.gui_qt.sim_worker: SimWorker.run on thread Dummy-1
2026-09-17 13:09:11 [INFO    ] chipify.simulator: run_sim() started. Testbenches: 2
2026-09-17 13:09:11 [INFO    ] chipify.simulator: Phase 1/3: generating parameter cases...
2026-09-17 13:09:11 [INFO    ] chipify.simulator: Total cases: 30
2026-09-17 13:09:11 [INFO    ] chipify.simulator: Simulator engine(s) in use: ngspice
2026-09-17 13:09:11 [INFO    ] chipify.simulator: Phase 2/3: generating Xschem templates...
2026-09-17 13:09:11 [INFO    ] chipify.engines.xschem: run_xschem: /foss/designs/heichip/isource_beta/testbenches/xschem/tb_isource_beta_op.sch (mode=spice)
2026-09-17 13:09:11 [INFO    ] chipify.engines.xschem: Xschem env: HOME=/headless XSCHEM_SHAREDIR=None PATH=/headless/.local/bin:/foss/tools/bin:/foss/tools/sak:/usr/local/sbin:/usr/local/bin:/usr/sbin:/usr/bin:/sbin:/bin:/foss/tools/kactus2:/foss/tools/klayout:/foss/tools/osic-multitool cwd=/foss/designs/heichip/isource_beta/chipify
2026-09-17 13:09:11 [INFO    ] chipify.engines.xschem: Xschem PID=19689 cmd=xschem -n --spice -q -x -o /tmp/chipify_f828d4bc08 /foss/designs/heichip/isource_beta/testbenches/xschem/tb_isource_beta_op.sch
2026-09-17 13:09:12 [INFO    ] chipify.engines.xschem: xschem post-run scan: recent_files=['../../../../../tmp/chipify_f828d4bc08/tb_isource_beta_op.xschem.log', '../../../../../tmp/chipify_f828d4bc08/tb_isource_beta_op.spice'] netlist_files=['../../../../../tmp/chipify_f828d4bc08/tb_isource_beta_op.spice'] chosen=../../../../../tmp/chipify_f828d4bc08/tb_isource_beta_op.spice
2026-09-17 13:09:12 [INFO    ] chipify.engines.xschem: Xschem netlist generated OK (spice).
2026-09-17 13:09:12 [INFO    ] chipify.engines.xschem: run_xschem: /foss/designs/heichip/isource_beta/testbenches/xschem/tb_isource_beta_tran.sch (mode=spice)
2026-09-17 13:09:12 [INFO    ] chipify.engines.xschem: Xschem env: HOME=/headless XSCHEM_SHAREDIR=None PATH=/headless/.local/bin:/foss/tools/bin:/foss/tools/sak:/usr/local/sbin:/usr/local/bin:/usr/sbin:/usr/bin:/sbin:/bin:/foss/tools/kactus2:/foss/tools/klayout:/foss/tools/osic-multitool cwd=/foss/designs/heichip/isource_beta/chipify
2026-09-17 13:09:12 [INFO    ] chipify.engines.xschem: Xschem PID=19699 cmd=xschem -n --spice -q -x -o /tmp/chipify_f828d4bc08 /foss/designs/heichip/isource_beta/testbenches/xschem/tb_isource_beta_tran.sch
2026-09-17 13:09:12 [INFO    ] chipify.engines.xschem: xschem post-run scan: recent_files=['../../../../../tmp/chipify_f828d4bc08/tb_isource_beta_tran.spice', '../../../../../tmp/chipify_f828d4bc08/tb_isource_beta_op.spice', '../../../../../tmp/chipify_f828d4bc08/tb_isource_beta_tran.xschem.log'] netlist_files=['../../../../../tmp/chipify_f828d4bc08/tb_isource_beta_tran.spice', '../../../../../tmp/chipify_f828d4bc08/tb_isource_beta_op.spice'] chosen=../../../../../tmp/chipify_f828d4bc08/tb_isource_beta_tran.spice
2026-09-17 13:09:12 [INFO    ] chipify.engines.xschem: Xschem netlist generated OK (spice).
2026-09-17 13:09:12 [INFO    ] chipify.simulator: Phase 3/3: staging files to RAM disk...
2026-09-17 13:09:12 [INFO    ] chipify.engines.staging: Staging library files to RAM disk: /tmp/chipify_f828d4bc08
2026-09-17 13:09:12 [DEBUG   ] chipify.engines.staging: No tb/xschemrc to stage (looked at /foss/designs/heichip/isource_beta/chipify/../testbenches/xschem/xschemrc)
2026-09-17 13:09:12 [INFO    ] chipify.simulator: transient store: /foss/designs/heichip/isource_beta/chipify/out/analysis_data/transient/20260917_130912
2026-09-17 13:09:12 [INFO    ] chipify.simulator: Spawning pool: 11 workers, 30 tasks.
2026-09-17 13:09:12 [DEBUG   ] chipify.simulator: Pool created (forkserver, 11 workers).
2026-09-17 13:09:12 [DEBUG   ] chipify.simulator: 30 batch tasks submitted (chunk_size=1).
2026-09-17 13:09:22 [INFO    ] chipify.simulator: Pool finished cleanly. 30 results collected.
2026-09-17 13:09:22 [INFO    ] chipify.simulator: run_sim() exited.
2026-09-17 13:09:22 [INFO    ] chipify.gui_qt.sim_worker: run_sim returned 30 rows. Saving results…
2026-09-17 13:09:22 [INFO    ] chipify.run_meta: Wrote run metadata: /foss/designs/heichip/isource_beta/chipify/out/history/run_20260917_130922.meta.json
2026-09-17 13:09:22 [INFO    ] chipify.run_meta: Wrote run metadata: /foss/designs/heichip/isource_beta/chipify/out/simulation_results.meta.json
2026-09-17 13:09:22 [DEBUG   ] chipify.expression: evaluate_dataframe_column 'iout': 'out/res' → 'out/res'
2026-09-17 13:09:22 [WARNING ] chipify.uikit.services.equations: Scalar equation 'iout' failed: name 'res' is not defined
2026-09-17 13:09:22 [DEBUG   ] chipify.expression: evaluate_dataframe_column 'out_d': 'outp-outn' → 'outp-outn'
2026-09-17 13:09:22 [DEBUG   ] chipify.plot: Waveform equation 'out_d' skipped: name 'outp' is not defined
2026-09-17 13:09:22 [DEBUG   ] chipify.expression: evaluate_dataframe_column 'out_d': 'outp-outn' → 'outp-outn'
2026-09-17 13:09:22 [DEBUG   ] chipify.plot: Waveform equation 'out_d' skipped: name 'outp' is not defined
2026-09-17 13:09:22 [DEBUG   ] chipify.expression: evaluate_dataframe_column 'out_d': 'outp-outn' → 'outp-outn'
2026-09-17 13:09:22 [DEBUG   ] chipify.plot: Waveform equation 'out_d' skipped: name 'outp' is not defined
2026-09-17 13:09:22 [DEBUG   ] chipify.expression: evaluate_dataframe_column 'out_d': 'outp-outn' → 'outp-outn'
2026-09-17 13:09:23 [DEBUG   ] chipify.plot: Waveform equation 'out_d' skipped: name 'outp' is not defined
2026-09-17 13:09:23 [DEBUG   ] chipify.expression: evaluate_dataframe_column 'out_d': 'outp-outn' → 'outp-outn'
2026-09-17 13:09:23 [DEBUG   ] chipify.plot: Waveform equation 'out_d' skipped: name 'outp' is not defined
2026-09-17 13:09:23 [DEBUG   ] chipify.expression: evaluate_dataframe_column 'out_d': 'outp-outn' → 'outp-outn'
2026-09-17 13:09:23 [DEBUG   ] chipify.plot: Waveform equation 'out_d' skipped: name 'outp' is not defined
2026-09-17 13:09:23 [DEBUG   ] chipify.expression: evaluate_dataframe_column 'out_d': 'outp-outn' → 'outp-outn'
2026-09-17 13:09:23 [DEBUG   ] chipify.plot: Waveform equation 'out_d' skipped: name 'outp' is not defined
2026-09-17 13:09:23 [DEBUG   ] chipify.expression: evaluate_dataframe_column 'out_d': 'outp-outn' → 'outp-outn'
2026-09-17 13:09:23 [DEBUG   ] chipify.plot: Waveform equation 'out_d' skipped: name 'outp' is not defined
2026-09-17 13:09:23 [DEBUG   ] chipify.expression: evaluate_dataframe_column 'out_d': 'outp-outn' → 'outp-outn'
2026-09-17 13:09:23 [DEBUG   ] chipify.plot: Waveform equation 'out_d' skipped: name 'outp' is not defined
2026-09-17 13:09:23 [DEBUG   ] chipify.expression: evaluate_dataframe_column 'out_d': 'outp-outn' → 'outp-outn'
2026-09-17 13:09:23 [DEBUG   ] chipify.plot: Waveform equation 'out_d' skipped: name 'outp' is not defined
2026-09-17 13:09:23 [DEBUG   ] chipify.expression: evaluate_dataframe_column 'out_d': 'outp-outn' → 'outp-outn'
2026-09-17 13:09:23 [DEBUG   ] chipify.plot: Waveform equation 'out_d' skipped: name 'outp' is not defined
2026-09-17 13:09:23 [DEBUG   ] chipify.expression: evaluate_dataframe_column 'out_d': 'outp-outn' → 'outp-outn'
2026-09-17 13:09:23 [DEBUG   ] chipify.plot: Waveform equation 'out_d' skipped: name 'outp' is not defined
2026-09-17 13:09:23 [DEBUG   ] chipify.expression: evaluate_dataframe_column 'out_d': 'outp-outn' → 'outp-outn'
2026-09-17 13:09:23 [DEBUG   ] chipify.plot: Waveform equation 'out_d' skipped: name 'outp' is not defined
2026-09-17 13:09:23 [DEBUG   ] chipify.expression: evaluate_dataframe_column 'out_d': 'outp-outn' → 'outp-outn'
2026-09-17 13:09:23 [DEBUG   ] chipify.plot: Waveform equation 'out_d' skipped: name 'outp' is not defined
2026-09-17 13:09:23 [DEBUG   ] chipify.expression: evaluate_dataframe_column 'out_d': 'outp-outn' → 'outp-outn'
2026-09-17 13:09:23 [DEBUG   ] chipify.plot: Waveform equation 'out_d' skipped: name 'outp' is not defined
2026-09-17 13:09:23 [DEBUG   ] chipify.expression: evaluate_dataframe_column 'out_d': 'outp-outn' → 'outp-outn'
2026-09-17 13:09:23 [DEBUG   ] chipify.plot: Waveform equation 'out_d' skipped: name 'outp' is not defined
2026-09-17 13:09:23 [DEBUG   ] chipify.expression: evaluate_dataframe_column 'out_d': 'outp-outn' → 'outp-outn'
2026-09-17 13:09:23 [DEBUG   ] chipify.plot: Waveform equation 'out_d' skipped: name 'outp' is not defined
2026-09-17 13:09:23 [DEBUG   ] chipify.expression: evaluate_dataframe_column 'out_d': 'outp-outn' → 'outp-outn'
2026-09-17 13:09:23 [DEBUG   ] chipify.plot: Waveform equation 'out_d' skipped: name 'outp' is not defined
2026-09-17 13:09:23 [DEBUG   ] chipify.expression: evaluate_dataframe_column 'out_d': 'outp-outn' → 'outp-outn'
2026-09-17 13:09:23 [DEBUG   ] chipify.plot: Waveform equation 'out_d' skipped: name 'outp' is not defined
2026-09-17 13:09:23 [DEBUG   ] chipify.expression: evaluate_dataframe_column 'out_d': 'outp-outn' → 'outp-outn'
2026-09-17 13:09:23 [DEBUG   ] chipify.plot: Waveform equation 'out_d' skipped: name 'outp' is not defined
2026-09-17 13:09:23 [DEBUG   ] chipify.expression: evaluate_dataframe_column 'out_d': 'outp-outn' → 'outp-outn'
2026-09-17 13:09:23 [DEBUG   ] chipify.plot: Waveform equation 'out_d' skipped: name 'outp' is not defined
2026-09-17 13:09:23 [DEBUG   ] chipify.expression: evaluate_dataframe_column 'out_d': 'outp-outn' → 'outp-outn'
2026-09-17 13:09:23 [DEBUG   ] chipify.plot: Waveform equation 'out_d' skipped: name 'outp' is not defined
2026-09-17 13:09:23 [DEBUG   ] chipify.expression: evaluate_dataframe_column 'out_d': 'outp-outn' → 'outp-outn'
2026-09-17 13:09:23 [DEBUG   ] chipify.plot: Waveform equation 'out_d' skipped: name 'outp' is not defined
2026-09-17 13:09:23 [DEBUG   ] chipify.expression: evaluate_dataframe_column 'out_d': 'outp-outn' → 'outp-outn'
2026-09-17 13:09:23 [DEBUG   ] chipify.plot: Waveform equation 'out_d' skipped: name 'outp' is not defined
2026-09-17 13:09:23 [DEBUG   ] chipify.expression: evaluate_dataframe_column 'out_d': 'outp-outn' → 'outp-outn'
2026-09-17 13:09:23 [DEBUG   ] chipify.plot: Waveform equation 'out_d' skipped: name 'outp' is not defined
2026-09-17 13:09:23 [DEBUG   ] chipify.expression: evaluate_dataframe_column 'out_d': 'outp-outn' → 'outp-outn'
2026-09-17 13:09:23 [DEBUG   ] chipify.plot: Waveform equation 'out_d' skipped: name 'outp' is not defined
2026-09-17 13:09:23 [DEBUG   ] chipify.expression: evaluate_dataframe_column 'out_d': 'outp-outn' → 'outp-outn'
2026-09-17 13:09:23 [DEBUG   ] chipify.plot: Waveform equation 'out_d' skipped: name 'outp' is not defined
2026-09-17 13:09:23 [DEBUG   ] chipify.expression: evaluate_dataframe_column 'out_d': 'outp-outn' → 'outp-outn'
2026-09-17 13:09:23 [DEBUG   ] chipify.plot: Waveform equation 'out_d' skipped: name 'outp' is not defined
2026-09-17 13:09:23 [DEBUG   ] chipify.expression: evaluate_dataframe_column 'out_d': 'outp-outn' → 'outp-outn'
2026-09-17 13:09:23 [DEBUG   ] chipify.plot: Waveform equation 'out_d' skipped: name 'outp' is not defined
2026-09-17 13:09:23 [DEBUG   ] chipify.expression: evaluate_dataframe_column 'out_d': 'outp-outn' → 'outp-outn'
2026-09-17 13:09:23 [DEBUG   ] chipify.plot: Waveform equation 'out_d' skipped: name 'outp' is not defined
2026-09-17 13:09:37 [DEBUG   ] chipify.expression: evaluate_dataframe_column 'out_d': 'outp-outn' → 'outp-outn'
2026-09-17 13:09:37 [DEBUG   ] chipify.plot: Waveform equation 'out_d' skipped: name 'outp' is not defined
2026-09-17 13:09:37 [DEBUG   ] chipify.expression: evaluate_dataframe_column 'out_d': 'outp-outn' → 'outp-outn'
2026-09-17 13:09:37 [DEBUG   ] chipify.plot: Waveform equation 'out_d' skipped: name 'outp' is not defined
2026-09-17 13:09:37 [DEBUG   ] chipify.expression: evaluate_dataframe_column 'out_d': 'outp-outn' → 'outp-outn'
2026-09-17 13:09:37 [DEBUG   ] chipify.plot: Waveform equation 'out_d' skipped: name 'outp' is not defined
2026-09-17 13:09:37 [DEBUG   ] chipify.expression: evaluate_dataframe_column 'out_d': 'outp-outn' → 'outp-outn'
2026-09-17 13:09:37 [DEBUG   ] chipify.plot: Waveform equation 'out_d' skipped: name 'outp' is not defined
2026-09-17 13:09:37 [DEBUG   ] chipify.expression: evaluate_dataframe_column 'out_d': 'outp-outn' → 'outp-outn'
2026-09-17 13:09:37 [DEBUG   ] chipify.plot: Waveform equation 'out_d' skipped: name 'outp' is not defined
2026-09-17 13:09:37 [DEBUG   ] chipify.expression: evaluate_dataframe_column 'out_d': 'outp-outn' → 'outp-outn'
2026-09-17 13:09:37 [DEBUG   ] chipify.plot: Waveform equation 'out_d' skipped: name 'outp' is not defined
2026-09-17 13:09:37 [DEBUG   ] chipify.expression: evaluate_dataframe_column 'out_d': 'outp-outn' → 'outp-outn'
2026-09-17 13:09:37 [DEBUG   ] chipify.plot: Waveform equation 'out_d' skipped: name 'outp' is not defined
2026-09-17 13:09:37 [DEBUG   ] chipify.expression: evaluate_dataframe_column 'out_d': 'outp-outn' → 'outp-outn'
2026-09-17 13:09:37 [DEBUG   ] chipify.plot: Waveform equation 'out_d' skipped: name 'outp' is not defined
2026-09-17 13:09:37 [DEBUG   ] chipify.expression: evaluate_dataframe_column 'out_d': 'outp-outn' → 'outp-outn'
2026-09-17 13:09:37 [DEBUG   ] chipify.plot: Waveform equation 'out_d' skipped: name 'outp' is not defined
2026-09-17 13:09:37 [DEBUG   ] chipify.expression: evaluate_dataframe_column 'out_d': 'outp-outn' → 'outp-outn'
2026-09-17 13:09:37 [DEBUG   ] chipify.plot: Waveform equation 'out_d' skipped: name 'outp' is not defined
2026-09-17 13:09:37 [DEBUG   ] chipify.expression: evaluate_dataframe_column 'out_d': 'outp-outn' → 'outp-outn'
2026-09-17 13:09:37 [DEBUG   ] chipify.plot: Waveform equation 'out_d' skipped: name 'outp' is not defined
2026-09-17 13:09:37 [DEBUG   ] chipify.expression: evaluate_dataframe_column 'out_d': 'outp-outn' → 'outp-outn'
2026-09-17 13:09:37 [DEBUG   ] chipify.plot: Waveform equation 'out_d' skipped: name 'outp' is not defined
2026-09-17 13:09:37 [DEBUG   ] chipify.expression: evaluate_dataframe_column 'out_d': 'outp-outn' → 'outp-outn'
2026-09-17 13:09:37 [DEBUG   ] chipify.plot: Waveform equation 'out_d' skipped: name 'outp' is not defined
2026-09-17 13:09:37 [DEBUG   ] chipify.expression: evaluate_dataframe_column 'out_d': 'outp-outn' → 'outp-outn'
2026-09-17 13:09:37 [DEBUG   ] chipify.plot: Waveform equation 'out_d' skipped: name 'outp' is not defined
2026-09-17 13:09:37 [DEBUG   ] chipify.expression: evaluate_dataframe_column 'out_d': 'outp-outn' → 'outp-outn'
2026-09-17 13:09:37 [DEBUG   ] chipify.plot: Waveform equation 'out_d' skipped: name 'outp' is not defined
2026-09-17 13:09:37 [DEBUG   ] chipify.expression: evaluate_dataframe_column 'out_d': 'outp-outn' → 'outp-outn'
2026-09-17 13:09:37 [DEBUG   ] chipify.plot: Waveform equation 'out_d' skipped: name 'outp' is not defined
2026-09-17 13:09:37 [DEBUG   ] chipify.expression: evaluate_dataframe_column 'out_d': 'outp-outn' → 'outp-outn'
2026-09-17 13:09:37 [DEBUG   ] chipify.plot: Waveform equation 'out_d' skipped: name 'outp' is not defined
2026-09-17 13:09:37 [DEBUG   ] chipify.expression: evaluate_dataframe_column 'out_d': 'outp-outn' → 'outp-outn'
2026-09-17 13:09:37 [DEBUG   ] chipify.plot: Waveform equation 'out_d' skipped: name 'outp' is not defined
2026-09-17 13:09:37 [DEBUG   ] chipify.expression: evaluate_dataframe_column 'out_d': 'outp-outn' → 'outp-outn'
2026-09-17 13:09:37 [DEBUG   ] chipify.plot: Waveform equation 'out_d' skipped: name 'outp' is not defined
2026-09-17 13:09:37 [DEBUG   ] chipify.expression: evaluate_dataframe_column 'out_d': 'outp-outn' → 'outp-outn'
2026-09-17 13:09:37 [DEBUG   ] chipify.plot: Waveform equation 'out_d' skipped: name 'outp' is not defined
2026-09-17 13:09:37 [DEBUG   ] chipify.expression: evaluate_dataframe_column 'out_d': 'outp-outn' → 'outp-outn'
2026-09-17 13:09:37 [DEBUG   ] chipify.plot: Waveform equation 'out_d' skipped: name 'outp' is not defined
2026-09-17 13:09:37 [DEBUG   ] chipify.expression: evaluate_dataframe_column 'out_d': 'outp-outn' → 'outp-outn'
2026-09-17 13:09:37 [DEBUG   ] chipify.plot: Waveform equation 'out_d' skipped: name 'outp' is not defined
2026-09-17 13:09:38 [DEBUG   ] chipify.expression: evaluate_dataframe_column 'out_d': 'outp-outn' → 'outp-outn'
2026-09-17 13:09:38 [DEBUG   ] chipify.plot: Waveform equation 'out_d' skipped: name 'outp' is not defined
2026-09-17 13:09:38 [DEBUG   ] chipify.expression: evaluate_dataframe_column 'out_d': 'outp-outn' → 'outp-outn'
2026-09-17 13:09:38 [DEBUG   ] chipify.plot: Waveform equation 'out_d' skipped: name 'outp' is not defined
2026-09-17 13:09:38 [DEBUG   ] chipify.expression: evaluate_dataframe_column 'out_d': 'outp-outn' → 'outp-outn'
2026-09-17 13:09:38 [DEBUG   ] chipify.plot: Waveform equation 'out_d' skipped: name 'outp' is not defined
2026-09-17 13:09:38 [DEBUG   ] chipify.expression: evaluate_dataframe_column 'out_d': 'outp-outn' → 'outp-outn'
2026-09-17 13:09:38 [DEBUG   ] chipify.plot: Waveform equation 'out_d' skipped: name 'outp' is not defined
2026-09-17 13:09:38 [DEBUG   ] chipify.expression: evaluate_dataframe_column 'out_d': 'outp-outn' → 'outp-outn'
2026-09-17 13:09:38 [DEBUG   ] chipify.plot: Waveform equation 'out_d' skipped: name 'outp' is not defined
2026-09-17 13:09:38 [DEBUG   ] chipify.expression: evaluate_dataframe_column 'out_d': 'outp-outn' → 'outp-outn'
2026-09-17 13:09:38 [DEBUG   ] chipify.plot: Waveform equation 'out_d' skipped: name 'outp' is not defined
2026-09-17 13:09:38 [DEBUG   ] chipify.expression: evaluate_dataframe_column 'out_d': 'outp-outn' → 'outp-outn'
2026-09-17 13:09:38 [DEBUG   ] chipify.plot: Waveform equation 'out_d' skipped: name 'outp' is not defined
2026-09-17 13:09:38 [DEBUG   ] chipify.expression: evaluate_dataframe_column 'out_d': 'outp-outn' → 'outp-outn'
2026-09-17 13:09:38 [DEBUG   ] chipify.plot: Waveform equation 'out_d' skipped: name 'outp' is not defined
2026-09-17 13:11:32 [INFO    ] chipify.gui_qt.controllers.simulation: SimulationController.start: corners_ngspice.yaml
2026-09-17 13:11:32 [INFO    ] chipify.gui_qt.sim_worker: SimWorker.run on thread Dummy-14
2026-09-17 13:11:32 [INFO    ] chipify.simulator: run_sim() started. Testbenches: 2
2026-09-17 13:11:32 [INFO    ] chipify.simulator: Phase 1/3: generating parameter cases...
2026-09-17 13:11:32 [INFO    ] chipify.simulator: Total cases: 30
2026-09-17 13:11:32 [INFO    ] chipify.simulator: Simulator engine(s) in use: ngspice
2026-09-17 13:11:32 [INFO    ] chipify.simulator: Phase 2/3: generating Xschem templates...
2026-09-17 13:11:32 [INFO    ] chipify.engines.xschem: run_xschem: /foss/designs/heichip/isource_beta/testbenches/xschem/tb_isource_beta_op.sch (mode=spice)
2026-09-17 13:11:32 [INFO    ] chipify.engines.xschem: Xschem env: HOME=/headless XSCHEM_SHAREDIR=None PATH=/headless/.local/bin:/foss/tools/bin:/foss/tools/sak:/usr/local/sbin:/usr/local/bin:/usr/sbin:/usr/bin:/sbin:/bin:/foss/tools/kactus2:/foss/tools/klayout:/foss/tools/osic-multitool cwd=/foss/designs/heichip/isource_beta/chipify
2026-09-17 13:11:32 [INFO    ] chipify.engines.xschem: Xschem PID=19939 cmd=xschem -n --spice -q -x -o /tmp/chipify_f828d4bc08 /foss/designs/heichip/isource_beta/testbenches/xschem/tb_isource_beta_op.sch
2026-09-17 13:11:33 [INFO    ] chipify.engines.xschem: xschem post-run scan: recent_files=['../../../../../tmp/chipify_f828d4bc08/tb_isource_beta_op.xschem.log', '../../../../../tmp/chipify_f828d4bc08/tb_isource_beta_op.spice'] netlist_files=['../../../../../tmp/chipify_f828d4bc08/tb_isource_beta_op.spice'] chosen=../../../../../tmp/chipify_f828d4bc08/tb_isource_beta_op.spice
2026-09-17 13:11:33 [INFO    ] chipify.engines.xschem: Xschem netlist generated OK (spice).
2026-09-17 13:11:33 [INFO    ] chipify.engines.xschem: run_xschem: /foss/designs/heichip/isource_beta/testbenches/xschem/tb_isource_beta_tran.sch (mode=spice)
2026-09-17 13:11:33 [INFO    ] chipify.engines.xschem: Xschem env: HOME=/headless XSCHEM_SHAREDIR=None PATH=/headless/.local/bin:/foss/tools/bin:/foss/tools/sak:/usr/local/sbin:/usr/local/bin:/usr/sbin:/usr/bin:/sbin:/bin:/foss/tools/kactus2:/foss/tools/klayout:/foss/tools/osic-multitool cwd=/foss/designs/heichip/isource_beta/chipify
2026-09-17 13:11:33 [INFO    ] chipify.engines.xschem: Xschem PID=19949 cmd=xschem -n --spice -q -x -o /tmp/chipify_f828d4bc08 /foss/designs/heichip/isource_beta/testbenches/xschem/tb_isource_beta_tran.sch
2026-09-17 13:11:33 [INFO    ] chipify.engines.xschem: xschem post-run scan: recent_files=['../../../../../tmp/chipify_f828d4bc08/tb_isource_beta_tran.spice', '../../../../../tmp/chipify_f828d4bc08/tb_isource_beta_op.spice', '../../../../../tmp/chipify_f828d4bc08/tb_isource_beta_tran.xschem.log'] netlist_files=['../../../../../tmp/chipify_f828d4bc08/tb_isource_beta_tran.spice', '../../../../../tmp/chipify_f828d4bc08/tb_isource_beta_op.spice'] chosen=../../../../../tmp/chipify_f828d4bc08/tb_isource_beta_tran.spice
2026-09-17 13:11:33 [INFO    ] chipify.engines.xschem: Xschem netlist generated OK (spice).
2026-09-17 13:11:33 [INFO    ] chipify.simulator: Phase 3/3: staging files to RAM disk...
2026-09-17 13:11:33 [INFO    ] chipify.engines.staging: Staging library files to RAM disk: /tmp/chipify_f828d4bc08
2026-09-17 13:11:33 [DEBUG   ] chipify.engines.staging: No tb/xschemrc to stage (looked at /foss/designs/heichip/isource_beta/chipify/../testbenches/xschem/xschemrc)
2026-09-17 13:11:33 [INFO    ] chipify.simulator: transient store: /foss/designs/heichip/isource_beta/chipify/out/analysis_data/transient/20260917_131133
2026-09-17 13:11:33 [INFO    ] chipify.simulator: Spawning pool: 11 workers, 30 tasks.
2026-09-17 13:11:33 [DEBUG   ] chipify.simulator: Pool created (forkserver, 11 workers).
2026-09-17 13:11:33 [DEBUG   ] chipify.simulator: 30 batch tasks submitted (chunk_size=1).
2026-09-17 13:11:45 [INFO    ] chipify.simulator: Pool finished cleanly. 30 results collected.
2026-09-17 13:11:45 [INFO    ] chipify.simulator: run_sim() exited.
2026-09-17 13:11:45 [INFO    ] chipify.gui_qt.sim_worker: run_sim returned 30 rows. Saving results…
2026-09-17 13:11:45 [INFO    ] chipify.run_meta: Wrote run metadata: /foss/designs/heichip/isource_beta/chipify/out/history/run_20260917_131145.meta.json
2026-09-17 13:11:45 [INFO    ] chipify.run_meta: Wrote run metadata: /foss/designs/heichip/isource_beta/chipify/out/simulation_results.meta.json
2026-09-17 13:11:45 [DEBUG   ] chipify.expression: evaluate_dataframe_column 'iout': 'out/res' → 'out/res'
2026-09-17 13:11:45 [WARNING ] chipify.uikit.services.equations: Scalar equation 'iout' failed: name 'res' is not defined
2026-09-17 13:11:45 [DEBUG   ] chipify.expression: evaluate_dataframe_column 'out_d': 'outp-outn' → 'outp-outn'
2026-09-17 13:11:45 [DEBUG   ] chipify.plot: Waveform equation 'out_d' skipped: name 'outp' is not defined
2026-09-17 13:11:45 [DEBUG   ] chipify.expression: evaluate_dataframe_column 'out_d': 'outp-outn' → 'outp-outn'
2026-09-17 13:11:45 [DEBUG   ] chipify.plot: Waveform equation 'out_d' skipped: name 'outp' is not defined
2026-09-17 13:11:45 [DEBUG   ] chipify.expression: evaluate_dataframe_column 'out_d': 'outp-outn' → 'outp-outn'
2026-09-17 13:11:45 [DEBUG   ] chipify.plot: Waveform equation 'out_d' skipped: name 'outp' is not defined
2026-09-17 13:11:45 [DEBUG   ] chipify.expression: evaluate_dataframe_column 'out_d': 'outp-outn' → 'outp-outn'
2026-09-17 13:11:45 [DEBUG   ] chipify.plot: Waveform equation 'out_d' skipped: name 'outp' is not defined
2026-09-17 13:11:45 [DEBUG   ] chipify.expression: evaluate_dataframe_column 'out_d': 'outp-outn' → 'outp-outn'
2026-09-17 13:11:45 [DEBUG   ] chipify.plot: Waveform equation 'out_d' skipped: name 'outp' is not defined
2026-09-17 13:11:45 [DEBUG   ] chipify.expression: evaluate_dataframe_column 'out_d': 'outp-outn' → 'outp-outn'
2026-09-17 13:11:45 [DEBUG   ] chipify.plot: Waveform equation 'out_d' skipped: name 'outp' is not defined
2026-09-17 13:11:45 [DEBUG   ] chipify.expression: evaluate_dataframe_column 'out_d': 'outp-outn' → 'outp-outn'
2026-09-17 13:11:45 [DEBUG   ] chipify.plot: Waveform equation 'out_d' skipped: name 'outp' is not defined
2026-09-17 13:11:45 [DEBUG   ] chipify.expression: evaluate_dataframe_column 'out_d': 'outp-outn' → 'outp-outn'
2026-09-17 13:11:45 [DEBUG   ] chipify.plot: Waveform equation 'out_d' skipped: name 'outp' is not defined
2026-09-17 13:11:45 [DEBUG   ] chipify.expression: evaluate_dataframe_column 'out_d': 'outp-outn' → 'outp-outn'
2026-09-17 13:11:45 [DEBUG   ] chipify.plot: Waveform equation 'out_d' skipped: name 'outp' is not defined
2026-09-17 13:11:45 [DEBUG   ] chipify.expression: evaluate_dataframe_column 'out_d': 'outp-outn' → 'outp-outn'
2026-09-17 13:11:45 [DEBUG   ] chipify.plot: Waveform equation 'out_d' skipped: name 'outp' is not defined
2026-09-17 13:11:45 [DEBUG   ] chipify.expression: evaluate_dataframe_column 'out_d': 'outp-outn' → 'outp-outn'
2026-09-17 13:11:45 [DEBUG   ] chipify.plot: Waveform equation 'out_d' skipped: name 'outp' is not defined
2026-09-17 13:11:45 [DEBUG   ] chipify.expression: evaluate_dataframe_column 'out_d': 'outp-outn' → 'outp-outn'
2026-09-17 13:11:45 [DEBUG   ] chipify.plot: Waveform equation 'out_d' skipped: name 'outp' is not defined
2026-09-17 13:11:45 [DEBUG   ] chipify.expression: evaluate_dataframe_column 'out_d': 'outp-outn' → 'outp-outn'
2026-09-17 13:11:45 [DEBUG   ] chipify.plot: Waveform equation 'out_d' skipped: name 'outp' is not defined
2026-09-17 13:11:45 [DEBUG   ] chipify.expression: evaluate_dataframe_column 'out_d': 'outp-outn' → 'outp-outn'
2026-09-17 13:11:45 [DEBUG   ] chipify.plot: Waveform equation 'out_d' skipped: name 'outp' is not defined
2026-09-17 13:11:45 [DEBUG   ] chipify.expression: evaluate_dataframe_column 'out_d': 'outp-outn' → 'outp-outn'
2026-09-17 13:11:45 [DEBUG   ] chipify.plot: Waveform equation 'out_d' skipped: name 'outp' is not defined
2026-09-17 13:11:45 [DEBUG   ] chipify.expression: evaluate_dataframe_column 'out_d': 'outp-outn' → 'outp-outn'
2026-09-17 13:11:45 [DEBUG   ] chipify.plot: Waveform equation 'out_d' skipped: name 'outp' is not defined
2026-09-17 13:11:45 [DEBUG   ] chipify.expression: evaluate_dataframe_column 'out_d': 'outp-outn' → 'outp-outn'
2026-09-17 13:11:45 [DEBUG   ] chipify.plot: Waveform equation 'out_d' skipped: name 'outp' is not defined
2026-09-17 13:11:45 [DEBUG   ] chipify.expression: evaluate_dataframe_column 'out_d': 'outp-outn' → 'outp-outn'
2026-09-17 13:11:45 [DEBUG   ] chipify.plot: Waveform equation 'out_d' skipped: name 'outp' is not defined
2026-09-17 13:11:45 [DEBUG   ] chipify.expression: evaluate_dataframe_column 'out_d': 'outp-outn' → 'outp-outn'
2026-09-17 13:11:45 [DEBUG   ] chipify.plot: Waveform equation 'out_d' skipped: name 'outp' is not defined
2026-09-17 13:11:45 [DEBUG   ] chipify.expression: evaluate_dataframe_column 'out_d': 'outp-outn' → 'outp-outn'
2026-09-17 13:11:45 [DEBUG   ] chipify.plot: Waveform equation 'out_d' skipped: name 'outp' is not defined
2026-09-17 13:11:45 [DEBUG   ] chipify.expression: evaluate_dataframe_column 'out_d': 'outp-outn' → 'outp-outn'
2026-09-17 13:11:45 [DEBUG   ] chipify.plot: Waveform equation 'out_d' skipped: name 'outp' is not defined
2026-09-17 13:11:45 [DEBUG   ] chipify.expression: evaluate_dataframe_column 'out_d': 'outp-outn' → 'outp-outn'
2026-09-17 13:11:45 [DEBUG   ] chipify.plot: Waveform equation 'out_d' skipped: name 'outp' is not defined
2026-09-17 13:11:45 [DEBUG   ] chipify.expression: evaluate_dataframe_column 'out_d': 'outp-outn' → 'outp-outn'
2026-09-17 13:11:45 [DEBUG   ] chipify.plot: Waveform equation 'out_d' skipped: name 'outp' is not defined
2026-09-17 13:11:45 [DEBUG   ] chipify.expression: evaluate_dataframe_column 'out_d': 'outp-outn' → 'outp-outn'
2026-09-17 13:11:45 [DEBUG   ] chipify.plot: Waveform equation 'out_d' skipped: name 'outp' is not defined
2026-09-17 13:11:45 [DEBUG   ] chipify.expression: evaluate_dataframe_column 'out_d': 'outp-outn' → 'outp-outn'
2026-09-17 13:11:45 [DEBUG   ] chipify.plot: Waveform equation 'out_d' skipped: name 'outp' is not defined
2026-09-17 13:11:45 [DEBUG   ] chipify.expression: evaluate_dataframe_column 'out_d': 'outp-outn' → 'outp-outn'
2026-09-17 13:11:45 [DEBUG   ] chipify.plot: Waveform equation 'out_d' skipped: name 'outp' is not defined
2026-09-17 13:11:45 [DEBUG   ] chipify.expression: evaluate_dataframe_column 'out_d': 'outp-outn' → 'outp-outn'
2026-09-17 13:11:45 [DEBUG   ] chipify.plot: Waveform equation 'out_d' skipped: name 'outp' is not defined
2026-09-17 13:11:45 [DEBUG   ] chipify.expression: evaluate_dataframe_column 'out_d': 'outp-outn' → 'outp-outn'
2026-09-17 13:11:45 [DEBUG   ] chipify.plot: Waveform equation 'out_d' skipped: name 'outp' is not defined
2026-09-17 13:11:46 [DEBUG   ] chipify.expression: evaluate_dataframe_column 'out_d': 'outp-outn' → 'outp-outn'
2026-09-17 13:11:46 [DEBUG   ] chipify.plot: Waveform equation 'out_d' skipped: name 'outp' is not defined
2026-09-17 13:11:46 [DEBUG   ] chipify.expression: evaluate_dataframe_column 'out_d': 'outp-outn' → 'outp-outn'
2026-09-17 13:11:46 [DEBUG   ] chipify.plot: Waveform equation 'out_d' skipped: name 'outp' is not defined
2026-09-17 13:12:42 [INFO    ] chipify.gui_qt.controllers.simulation: SimulationController.start: corners_ngspice.yaml
2026-09-17 13:12:42 [INFO    ] chipify.gui_qt.sim_worker: SimWorker.run on thread Dummy-18
2026-09-17 13:12:42 [INFO    ] chipify.simulator: run_sim() started. Testbenches: 2
2026-09-17 13:12:42 [INFO    ] chipify.simulator: Phase 1/3: generating parameter cases...
2026-09-17 13:12:42 [INFO    ] chipify.simulator: Total cases: 30
2026-09-17 13:12:42 [INFO    ] chipify.simulator: Simulator engine(s) in use: ngspice
2026-09-17 13:12:42 [INFO    ] chipify.simulator: Phase 2/3: generating Xschem templates...
2026-09-17 13:12:42 [INFO    ] chipify.engines.xschem: run_xschem: /foss/designs/heichip/isource_beta/testbenches/xschem/tb_isource_beta_op.sch (mode=spice)
2026-09-17 13:12:42 [INFO    ] chipify.engines.xschem: Xschem env: HOME=/headless XSCHEM_SHAREDIR=None PATH=/headless/.local/bin:/foss/tools/bin:/foss/tools/sak:/usr/local/sbin:/usr/local/bin:/usr/sbin:/usr/bin:/sbin:/bin:/foss/tools/kactus2:/foss/tools/klayout:/foss/tools/osic-multitool cwd=/foss/designs/heichip/isource_beta/chipify
2026-09-17 13:12:42 [INFO    ] chipify.engines.xschem: Xschem PID=20191 cmd=xschem -n --spice -q -x -o /tmp/chipify_f828d4bc08 /foss/designs/heichip/isource_beta/testbenches/xschem/tb_isource_beta_op.sch
2026-09-17 13:12:43 [INFO    ] chipify.engines.xschem: xschem post-run scan: recent_files=['../../../../../tmp/chipify_f828d4bc08/tb_isource_beta_op.xschem.log', '../../../../../tmp/chipify_f828d4bc08/tb_isource_beta_op.spice'] netlist_files=['../../../../../tmp/chipify_f828d4bc08/tb_isource_beta_op.spice'] chosen=../../../../../tmp/chipify_f828d4bc08/tb_isource_beta_op.spice
2026-09-17 13:12:43 [INFO    ] chipify.engines.xschem: Xschem netlist generated OK (spice).
2026-09-17 13:12:43 [INFO    ] chipify.engines.xschem: run_xschem: /foss/designs/heichip/isource_beta/testbenches/xschem/tb_isource_beta_tran.sch (mode=spice)
2026-09-17 13:12:43 [INFO    ] chipify.engines.xschem: Xschem env: HOME=/headless XSCHEM_SHAREDIR=None PATH=/headless/.local/bin:/foss/tools/bin:/foss/tools/sak:/usr/local/sbin:/usr/local/bin:/usr/sbin:/usr/bin:/sbin:/bin:/foss/tools/kactus2:/foss/tools/klayout:/foss/tools/osic-multitool cwd=/foss/designs/heichip/isource_beta/chipify
2026-09-17 13:12:43 [INFO    ] chipify.engines.xschem: Xschem PID=20201 cmd=xschem -n --spice -q -x -o /tmp/chipify_f828d4bc08 /foss/designs/heichip/isource_beta/testbenches/xschem/tb_isource_beta_tran.sch
2026-09-17 13:12:43 [INFO    ] chipify.engines.xschem: xschem post-run scan: recent_files=['../../../../../tmp/chipify_f828d4bc08/tb_isource_beta_tran.spice', '../../../../../tmp/chipify_f828d4bc08/tb_isource_beta_op.spice', '../../../../../tmp/chipify_f828d4bc08/tb_isource_beta_tran.xschem.log'] netlist_files=['../../../../../tmp/chipify_f828d4bc08/tb_isource_beta_tran.spice', '../../../../../tmp/chipify_f828d4bc08/tb_isource_beta_op.spice'] chosen=../../../../../tmp/chipify_f828d4bc08/tb_isource_beta_tran.spice
2026-09-17 13:12:43 [INFO    ] chipify.engines.xschem: Xschem netlist generated OK (spice).
2026-09-17 13:12:43 [INFO    ] chipify.simulator: Phase 3/3: staging files to RAM disk...
2026-09-17 13:12:43 [INFO    ] chipify.engines.staging: Staging library files to RAM disk: /tmp/chipify_f828d4bc08
2026-09-17 13:12:43 [DEBUG   ] chipify.engines.staging: No tb/xschemrc to stage (looked at /foss/designs/heichip/isource_beta/chipify/../testbenches/xschem/xschemrc)
2026-09-17 13:12:43 [INFO    ] chipify.simulator: transient store: /foss/designs/heichip/isource_beta/chipify/out/analysis_data/transient/20260917_131243
2026-09-17 13:12:43 [INFO    ] chipify.simulator: Spawning pool: 11 workers, 30 tasks.
2026-09-17 13:12:43 [DEBUG   ] chipify.simulator: Pool created (forkserver, 11 workers).
2026-09-17 13:12:43 [DEBUG   ] chipify.simulator: 30 batch tasks submitted (chunk_size=1).
2026-09-17 13:12:56 [INFO    ] chipify.simulator: Pool finished cleanly. 30 results collected.
2026-09-17 13:12:56 [INFO    ] chipify.simulator: run_sim() exited.
2026-09-17 13:12:56 [INFO    ] chipify.gui_qt.sim_worker: run_sim returned 30 rows. Saving results…
2026-09-17 13:12:56 [INFO    ] chipify.run_meta: Wrote run metadata: /foss/designs/heichip/isource_beta/chipify/out/history/run_20260917_131256.meta.json
2026-09-17 13:12:56 [INFO    ] chipify.run_meta: Wrote run metadata: /foss/designs/heichip/isource_beta/chipify/out/simulation_results.meta.json
2026-09-17 13:12:56 [DEBUG   ] chipify.expression: evaluate_dataframe_column 'iout': 'out/res' → 'out/res'
2026-09-17 13:12:56 [WARNING ] chipify.uikit.services.equations: Scalar equation 'iout' failed: name 'res' is not defined
2026-09-17 13:12:56 [DEBUG   ] chipify.expression: evaluate_dataframe_column 'out_d': 'outp-outn' → 'outp-outn'
2026-09-17 13:12:56 [DEBUG   ] chipify.plot: Waveform equation 'out_d' skipped: name 'outp' is not defined
2026-09-17 13:12:56 [DEBUG   ] chipify.expression: evaluate_dataframe_column 'out_d': 'outp-outn' → 'outp-outn'
2026-09-17 13:12:56 [DEBUG   ] chipify.plot: Waveform equation 'out_d' skipped: name 'outp' is not defined
2026-09-17 13:12:56 [DEBUG   ] chipify.expression: evaluate_dataframe_column 'out_d': 'outp-outn' → 'outp-outn'
2026-09-17 13:12:56 [DEBUG   ] chipify.plot: Waveform equation 'out_d' skipped: name 'outp' is not defined
2026-09-17 13:12:56 [DEBUG   ] chipify.expression: evaluate_dataframe_column 'out_d': 'outp-outn' → 'outp-outn'
2026-09-17 13:12:56 [DEBUG   ] chipify.plot: Waveform equation 'out_d' skipped: name 'outp' is not defined
2026-09-17 13:12:56 [DEBUG   ] chipify.expression: evaluate_dataframe_column 'out_d': 'outp-outn' → 'outp-outn'
2026-09-17 13:12:56 [DEBUG   ] chipify.plot: Waveform equation 'out_d' skipped: name 'outp' is not defined
2026-09-17 13:12:56 [DEBUG   ] chipify.expression: evaluate_dataframe_column 'out_d': 'outp-outn' → 'outp-outn'
2026-09-17 13:12:56 [DEBUG   ] chipify.plot: Waveform equation 'out_d' skipped: name 'outp' is not defined
2026-09-17 13:12:56 [DEBUG   ] chipify.expression: evaluate_dataframe_column 'out_d': 'outp-outn' → 'outp-outn'
2026-09-17 13:12:56 [DEBUG   ] chipify.plot: Waveform equation 'out_d' skipped: name 'outp' is not defined
2026-09-17 13:12:56 [DEBUG   ] chipify.expression: evaluate_dataframe_column 'out_d': 'outp-outn' → 'outp-outn'
2026-09-17 13:12:56 [DEBUG   ] chipify.plot: Waveform equation 'out_d' skipped: name 'outp' is not defined
2026-09-17 13:12:56 [DEBUG   ] chipify.expression: evaluate_dataframe_column 'out_d': 'outp-outn' → 'outp-outn'
2026-09-17 13:12:56 [DEBUG   ] chipify.plot: Waveform equation 'out_d' skipped: name 'outp' is not defined
2026-09-17 13:12:56 [DEBUG   ] chipify.expression: evaluate_dataframe_column 'out_d': 'outp-outn' → 'outp-outn'
2026-09-17 13:12:56 [DEBUG   ] chipify.plot: Waveform equation 'out_d' skipped: name 'outp' is not defined
2026-09-17 13:12:56 [DEBUG   ] chipify.expression: evaluate_dataframe_column 'out_d': 'outp-outn' → 'outp-outn'
2026-09-17 13:12:56 [DEBUG   ] chipify.plot: Waveform equation 'out_d' skipped: name 'outp' is not defined
2026-09-17 13:12:56 [DEBUG   ] chipify.expression: evaluate_dataframe_column 'out_d': 'outp-outn' → 'outp-outn'
2026-09-17 13:12:56 [DEBUG   ] chipify.plot: Waveform equation 'out_d' skipped: name 'outp' is not defined
2026-09-17 13:12:56 [DEBUG   ] chipify.expression: evaluate_dataframe_column 'out_d': 'outp-outn' → 'outp-outn'
2026-09-17 13:12:56 [DEBUG   ] chipify.plot: Waveform equation 'out_d' skipped: name 'outp' is not defined
2026-09-17 13:12:56 [DEBUG   ] chipify.expression: evaluate_dataframe_column 'out_d': 'outp-outn' → 'outp-outn'
2026-09-17 13:12:56 [DEBUG   ] chipify.plot: Waveform equation 'out_d' skipped: name 'outp' is not defined
2026-09-17 13:12:56 [DEBUG   ] chipify.expression: evaluate_dataframe_column 'out_d': 'outp-outn' → 'outp-outn'
2026-09-17 13:12:56 [DEBUG   ] chipify.plot: Waveform equation 'out_d' skipped: name 'outp' is not defined
2026-09-17 13:12:56 [DEBUG   ] chipify.expression: evaluate_dataframe_column 'out_d': 'outp-outn' → 'outp-outn'
2026-09-17 13:12:56 [DEBUG   ] chipify.plot: Waveform equation 'out_d' skipped: name 'outp' is not defined
2026-09-17 13:12:56 [DEBUG   ] chipify.expression: evaluate_dataframe_column 'out_d': 'outp-outn' → 'outp-outn'
2026-09-17 13:12:56 [DEBUG   ] chipify.plot: Waveform equation 'out_d' skipped: name 'outp' is not defined
2026-09-17 13:12:56 [DEBUG   ] chipify.expression: evaluate_dataframe_column 'out_d': 'outp-outn' → 'outp-outn'
2026-09-17 13:12:56 [DEBUG   ] chipify.plot: Waveform equation 'out_d' skipped: name 'outp' is not defined
2026-09-17 13:12:56 [DEBUG   ] chipify.expression: evaluate_dataframe_column 'out_d': 'outp-outn' → 'outp-outn'
2026-09-17 13:12:56 [DEBUG   ] chipify.plot: Waveform equation 'out_d' skipped: name 'outp' is not defined
2026-09-17 13:12:57 [DEBUG   ] chipify.expression: evaluate_dataframe_column 'out_d': 'outp-outn' → 'outp-outn'
2026-09-17 13:12:57 [DEBUG   ] chipify.plot: Waveform equation 'out_d' skipped: name 'outp' is not defined
2026-09-17 13:12:57 [DEBUG   ] chipify.expression: evaluate_dataframe_column 'out_d': 'outp-outn' → 'outp-outn'
2026-09-17 13:12:57 [DEBUG   ] chipify.plot: Waveform equation 'out_d' skipped: name 'outp' is not defined
2026-09-17 13:12:57 [DEBUG   ] chipify.expression: evaluate_dataframe_column 'out_d': 'outp-outn' → 'outp-outn'
2026-09-17 13:12:57 [DEBUG   ] chipify.plot: Waveform equation 'out_d' skipped: name 'outp' is not defined
2026-09-17 13:12:57 [DEBUG   ] chipify.expression: evaluate_dataframe_column 'out_d': 'outp-outn' → 'outp-outn'
2026-09-17 13:12:57 [DEBUG   ] chipify.plot: Waveform equation 'out_d' skipped: name 'outp' is not defined
2026-09-17 13:12:57 [DEBUG   ] chipify.expression: evaluate_dataframe_column 'out_d': 'outp-outn' → 'outp-outn'
2026-09-17 13:12:57 [DEBUG   ] chipify.plot: Waveform equation 'out_d' skipped: name 'outp' is not defined
2026-09-17 13:12:57 [DEBUG   ] chipify.expression: evaluate_dataframe_column 'out_d': 'outp-outn' → 'outp-outn'
2026-09-17 13:12:57 [DEBUG   ] chipify.plot: Waveform equation 'out_d' skipped: name 'outp' is not defined
2026-09-17 13:12:57 [DEBUG   ] chipify.expression: evaluate_dataframe_column 'out_d': 'outp-outn' → 'outp-outn'
2026-09-17 13:12:57 [DEBUG   ] chipify.plot: Waveform equation 'out_d' skipped: name 'outp' is not defined
2026-09-17 13:12:57 [DEBUG   ] chipify.expression: evaluate_dataframe_column 'out_d': 'outp-outn' → 'outp-outn'
2026-09-17 13:12:57 [DEBUG   ] chipify.plot: Waveform equation 'out_d' skipped: name 'outp' is not defined
2026-09-17 13:12:57 [DEBUG   ] chipify.expression: evaluate_dataframe_column 'out_d': 'outp-outn' → 'outp-outn'
2026-09-17 13:12:57 [DEBUG   ] chipify.plot: Waveform equation 'out_d' skipped: name 'outp' is not defined
2026-09-17 13:12:57 [DEBUG   ] chipify.expression: evaluate_dataframe_column 'out_d': 'outp-outn' → 'outp-outn'
2026-09-17 13:12:57 [DEBUG   ] chipify.plot: Waveform equation 'out_d' skipped: name 'outp' is not defined
2026-09-17 13:12:57 [DEBUG   ] chipify.expression: evaluate_dataframe_column 'out_d': 'outp-outn' → 'outp-outn'
2026-09-17 13:12:57 [DEBUG   ] chipify.plot: Waveform equation 'out_d' skipped: name 'outp' is not defined
2026-09-17 13:13:56 [DEBUG   ] chipify.expression: evaluate_dataframe_column 'out_d': 'outp-outn' → 'outp-outn'
2026-09-17 13:13:56 [DEBUG   ] chipify.plot: Waveform equation 'out_d' skipped: name 'outp' is not defined
2026-09-17 13:13:56 [DEBUG   ] chipify.expression: evaluate_dataframe_column 'out_d': 'outp-outn' → 'outp-outn'
2026-09-17 13:13:56 [DEBUG   ] chipify.plot: Waveform equation 'out_d' skipped: name 'outp' is not defined
2026-09-17 13:13:56 [DEBUG   ] chipify.expression: evaluate_dataframe_column 'out_d': 'outp-outn' → 'outp-outn'
2026-09-17 13:13:56 [DEBUG   ] chipify.plot: Waveform equation 'out_d' skipped: name 'outp' is not defined
2026-09-17 13:13:56 [DEBUG   ] chipify.expression: evaluate_dataframe_column 'out_d': 'outp-outn' → 'outp-outn'
2026-09-17 13:13:56 [DEBUG   ] chipify.plot: Waveform equation 'out_d' skipped: name 'outp' is not defined
2026-09-17 13:13:56 [DEBUG   ] chipify.expression: evaluate_dataframe_column 'out_d': 'outp-outn' → 'outp-outn'
2026-09-17 13:13:56 [DEBUG   ] chipify.plot: Waveform equation 'out_d' skipped: name 'outp' is not defined
2026-09-17 13:13:56 [DEBUG   ] chipify.expression: evaluate_dataframe_column 'out_d': 'outp-outn' → 'outp-outn'
2026-09-17 13:13:56 [DEBUG   ] chipify.plot: Waveform equation 'out_d' skipped: name 'outp' is not defined
2026-09-17 13:13:56 [DEBUG   ] chipify.expression: evaluate_dataframe_column 'out_d': 'outp-outn' → 'outp-outn'
2026-09-17 13:13:56 [DEBUG   ] chipify.plot: Waveform equation 'out_d' skipped: name 'outp' is not defined
2026-09-17 13:13:56 [DEBUG   ] chipify.expression: evaluate_dataframe_column 'out_d': 'outp-outn' → 'outp-outn'
2026-09-17 13:13:56 [DEBUG   ] chipify.plot: Waveform equation 'out_d' skipped: name 'outp' is not defined
2026-09-17 13:13:56 [DEBUG   ] chipify.expression: evaluate_dataframe_column 'out_d': 'outp-outn' → 'outp-outn'
2026-09-17 13:13:56 [DEBUG   ] chipify.plot: Waveform equation 'out_d' skipped: name 'outp' is not defined
2026-09-17 13:13:56 [DEBUG   ] chipify.expression: evaluate_dataframe_column 'out_d': 'outp-outn' → 'outp-outn'
2026-09-17 13:13:56 [DEBUG   ] chipify.plot: Waveform equation 'out_d' skipped: name 'outp' is not defined
2026-09-17 13:13:56 [DEBUG   ] chipify.expression: evaluate_dataframe_column 'out_d': 'outp-outn' → 'outp-outn'
2026-09-17 13:13:56 [DEBUG   ] chipify.plot: Waveform equation 'out_d' skipped: name 'outp' is not defined
2026-09-17 13:13:56 [DEBUG   ] chipify.expression: evaluate_dataframe_column 'out_d': 'outp-outn' → 'outp-outn'
2026-09-17 13:13:56 [DEBUG   ] chipify.plot: Waveform equation 'out_d' skipped: name 'outp' is not defined
2026-09-17 13:13:56 [DEBUG   ] chipify.expression: evaluate_dataframe_column 'out_d': 'outp-outn' → 'outp-outn'
2026-09-17 13:13:56 [DEBUG   ] chipify.plot: Waveform equation 'out_d' skipped: name 'outp' is not defined
2026-09-17 13:13:57 [DEBUG   ] chipify.expression: evaluate_dataframe_column 'out_d': 'outp-outn' → 'outp-outn'
2026-09-17 13:13:57 [DEBUG   ] chipify.plot: Waveform equation 'out_d' skipped: name 'outp' is not defined
2026-09-17 13:13:57 [DEBUG   ] chipify.expression: evaluate_dataframe_column 'out_d': 'outp-outn' → 'outp-outn'
2026-09-17 13:13:57 [DEBUG   ] chipify.plot: Waveform equation 'out_d' skipped: name 'outp' is not defined
2026-09-17 13:13:57 [DEBUG   ] chipify.expression: evaluate_dataframe_column 'out_d': 'outp-outn' → 'outp-outn'
2026-09-17 13:13:57 [DEBUG   ] chipify.plot: Waveform equation 'out_d' skipped: name 'outp' is not defined
2026-09-17 13:13:57 [DEBUG   ] chipify.expression: evaluate_dataframe_column 'out_d': 'outp-outn' → 'outp-outn'
2026-09-17 13:13:57 [DEBUG   ] chipify.plot: Waveform equation 'out_d' skipped: name 'outp' is not defined
2026-09-17 13:13:57 [DEBUG   ] chipify.expression: evaluate_dataframe_column 'out_d': 'outp-outn' → 'outp-outn'
2026-09-17 13:13:57 [DEBUG   ] chipify.plot: Waveform equation 'out_d' skipped: name 'outp' is not defined
2026-09-17 13:13:57 [DEBUG   ] chipify.expression: evaluate_dataframe_column 'out_d': 'outp-outn' → 'outp-outn'
2026-09-17 13:13:57 [DEBUG   ] chipify.plot: Waveform equation 'out_d' skipped: name 'outp' is not defined
2026-09-17 13:13:57 [DEBUG   ] chipify.expression: evaluate_dataframe_column 'out_d': 'outp-outn' → 'outp-outn'
2026-09-17 13:13:57 [DEBUG   ] chipify.plot: Waveform equation 'out_d' skipped: name 'outp' is not defined
2026-09-17 13:13:57 [DEBUG   ] chipify.expression: evaluate_dataframe_column 'out_d': 'outp-outn' → 'outp-outn'
2026-09-17 13:13:57 [DEBUG   ] chipify.plot: Waveform equation 'out_d' skipped: name 'outp' is not defined
2026-09-17 13:13:57 [DEBUG   ] chipify.expression: evaluate_dataframe_column 'out_d': 'outp-outn' → 'outp-outn'
2026-09-17 13:13:57 [DEBUG   ] chipify.plot: Waveform equation 'out_d' skipped: name 'outp' is not defined
2026-09-17 13:13:57 [DEBUG   ] chipify.expression: evaluate_dataframe_column 'out_d': 'outp-outn' → 'outp-outn'
2026-09-17 13:13:57 [DEBUG   ] chipify.plot: Waveform equation 'out_d' skipped: name 'outp' is not defined
2026-09-17 13:13:57 [DEBUG   ] chipify.expression: evaluate_dataframe_column 'out_d': 'outp-outn' → 'outp-outn'
2026-09-17 13:13:57 [DEBUG   ] chipify.plot: Waveform equation 'out_d' skipped: name 'outp' is not defined
2026-09-17 13:13:57 [DEBUG   ] chipify.expression: evaluate_dataframe_column 'out_d': 'outp-outn' → 'outp-outn'
2026-09-17 13:13:57 [DEBUG   ] chipify.plot: Waveform equation 'out_d' skipped: name 'outp' is not defined
2026-09-17 13:13:57 [DEBUG   ] chipify.expression: evaluate_dataframe_column 'out_d': 'outp-outn' → 'outp-outn'
2026-09-17 13:13:57 [DEBUG   ] chipify.plot: Waveform equation 'out_d' skipped: name 'outp' is not defined
2026-09-17 13:13:57 [DEBUG   ] chipify.expression: evaluate_dataframe_column 'out_d': 'outp-outn' → 'outp-outn'
2026-09-17 13:13:57 [DEBUG   ] chipify.plot: Waveform equation 'out_d' skipped: name 'outp' is not defined
2026-09-17 13:13:57 [DEBUG   ] chipify.expression: evaluate_dataframe_column 'out_d': 'outp-outn' → 'outp-outn'
2026-09-17 13:13:57 [DEBUG   ] chipify.plot: Waveform equation 'out_d' skipped: name 'outp' is not defined
2026-09-17 13:13:57 [DEBUG   ] chipify.expression: evaluate_dataframe_column 'out_d': 'outp-outn' → 'outp-outn'
2026-09-17 13:13:57 [DEBUG   ] chipify.plot: Waveform equation 'out_d' skipped: name 'outp' is not defined
2026-09-17 13:13:57 [DEBUG   ] chipify.expression: evaluate_dataframe_column 'out_d': 'outp-outn' → 'outp-outn'
2026-09-17 13:13:57 [DEBUG   ] chipify.plot: Waveform equation 'out_d' skipped: name 'outp' is not defined
2026-09-17 13:14:45 [INFO    ] chipify.gui_qt.controllers.simulation: SimulationController.start: corners_ngspice.yaml
2026-09-17 13:14:45 [INFO    ] chipify.gui_qt.sim_worker: SimWorker.run on thread Dummy-22
2026-09-17 13:14:45 [INFO    ] chipify.simulator: run_sim() started. Testbenches: 2
2026-09-17 13:14:45 [INFO    ] chipify.simulator: Phase 1/3: generating parameter cases...
2026-09-17 13:14:45 [INFO    ] chipify.simulator: Total cases: 30
2026-09-17 13:14:45 [INFO    ] chipify.simulator: Simulator engine(s) in use: ngspice
2026-09-17 13:14:45 [INFO    ] chipify.simulator: Phase 2/3: generating Xschem templates...
2026-09-17 13:14:45 [INFO    ] chipify.engines.xschem: run_xschem: /foss/designs/heichip/isource_beta/testbenches/xschem/tb_isource_beta_op.sch (mode=spice)
2026-09-17 13:14:45 [INFO    ] chipify.engines.xschem: Xschem env: HOME=/headless XSCHEM_SHAREDIR=None PATH=/headless/.local/bin:/foss/tools/bin:/foss/tools/sak:/usr/local/sbin:/usr/local/bin:/usr/sbin:/usr/bin:/sbin:/bin:/foss/tools/kactus2:/foss/tools/klayout:/foss/tools/osic-multitool cwd=/foss/designs/heichip/isource_beta/chipify
2026-09-17 13:14:45 [INFO    ] chipify.engines.xschem: Xschem PID=20443 cmd=xschem -n --spice -q -x -o /tmp/chipify_f828d4bc08 /foss/designs/heichip/isource_beta/testbenches/xschem/tb_isource_beta_op.sch
2026-09-17 13:14:46 [INFO    ] chipify.engines.xschem: xschem post-run scan: recent_files=['../../../../../tmp/chipify_f828d4bc08/tb_isource_beta_op.xschem.log', '../../../../../tmp/chipify_f828d4bc08/tb_isource_beta_op.spice'] netlist_files=['../../../../../tmp/chipify_f828d4bc08/tb_isource_beta_op.spice'] chosen=../../../../../tmp/chipify_f828d4bc08/tb_isource_beta_op.spice
2026-09-17 13:14:46 [INFO    ] chipify.engines.xschem: Xschem netlist generated OK (spice).
2026-09-17 13:14:46 [INFO    ] chipify.engines.xschem: run_xschem: /foss/designs/heichip/isource_beta/testbenches/xschem/tb_isource_beta_tran.sch (mode=spice)
2026-09-17 13:14:46 [INFO    ] chipify.engines.xschem: Xschem env: HOME=/headless XSCHEM_SHAREDIR=None PATH=/headless/.local/bin:/foss/tools/bin:/foss/tools/sak:/usr/local/sbin:/usr/local/bin:/usr/sbin:/usr/bin:/sbin:/bin:/foss/tools/kactus2:/foss/tools/klayout:/foss/tools/osic-multitool cwd=/foss/designs/heichip/isource_beta/chipify
2026-09-17 13:14:46 [INFO    ] chipify.engines.xschem: Xschem PID=20453 cmd=xschem -n --spice -q -x -o /tmp/chipify_f828d4bc08 /foss/designs/heichip/isource_beta/testbenches/xschem/tb_isource_beta_tran.sch
2026-09-17 13:14:46 [INFO    ] chipify.engines.xschem: xschem post-run scan: recent_files=['../../../../../tmp/chipify_f828d4bc08/tb_isource_beta_tran.spice', '../../../../../tmp/chipify_f828d4bc08/tb_isource_beta_op.spice', '../../../../../tmp/chipify_f828d4bc08/tb_isource_beta_tran.xschem.log'] netlist_files=['../../../../../tmp/chipify_f828d4bc08/tb_isource_beta_tran.spice', '../../../../../tmp/chipify_f828d4bc08/tb_isource_beta_op.spice'] chosen=../../../../../tmp/chipify_f828d4bc08/tb_isource_beta_tran.spice
2026-09-17 13:14:46 [INFO    ] chipify.engines.xschem: Xschem netlist generated OK (spice).
2026-09-17 13:14:46 [INFO    ] chipify.simulator: Phase 3/3: staging files to RAM disk...
2026-09-17 13:14:46 [INFO    ] chipify.engines.staging: Staging library files to RAM disk: /tmp/chipify_f828d4bc08
2026-09-17 13:14:46 [DEBUG   ] chipify.engines.staging: No tb/xschemrc to stage (looked at /foss/designs/heichip/isource_beta/chipify/../testbenches/xschem/xschemrc)
2026-09-17 13:14:46 [INFO    ] chipify.simulator: transient store: /foss/designs/heichip/isource_beta/chipify/out/analysis_data/transient/20260917_131446
2026-09-17 13:14:46 [INFO    ] chipify.simulator: Spawning pool: 11 workers, 30 tasks.
2026-09-17 13:14:46 [DEBUG   ] chipify.simulator: Pool created (forkserver, 11 workers).
2026-09-17 13:14:46 [DEBUG   ] chipify.simulator: 30 batch tasks submitted (chunk_size=1).
2026-09-17 13:14:58 [INFO    ] chipify.simulator: Pool finished cleanly. 30 results collected.
2026-09-17 13:14:58 [INFO    ] chipify.simulator: run_sim() exited.
2026-09-17 13:14:58 [INFO    ] chipify.gui_qt.sim_worker: run_sim returned 30 rows. Saving results…
2026-09-17 13:14:58 [INFO    ] chipify.run_meta: Wrote run metadata: /foss/designs/heichip/isource_beta/chipify/out/history/run_20260917_131458.meta.json
2026-09-17 13:14:58 [INFO    ] chipify.run_meta: Wrote run metadata: /foss/designs/heichip/isource_beta/chipify/out/simulation_results.meta.json
2026-09-17 13:14:58 [DEBUG   ] chipify.expression: evaluate_dataframe_column 'iout': 'out/res' → 'out/res'
2026-09-17 13:14:58 [WARNING ] chipify.uikit.services.equations: Scalar equation 'iout' failed: name 'res' is not defined
2026-09-17 13:14:58 [DEBUG   ] chipify.expression: evaluate_dataframe_column 'out_d': 'outp-outn' → 'outp-outn'
2026-09-17 13:14:58 [DEBUG   ] chipify.plot: Waveform equation 'out_d' skipped: name 'outp' is not defined
2026-09-17 13:14:58 [DEBUG   ] chipify.expression: evaluate_dataframe_column 'out_d': 'outp-outn' → 'outp-outn'
2026-09-17 13:14:58 [DEBUG   ] chipify.plot: Waveform equation 'out_d' skipped: name 'outp' is not defined
2026-09-17 13:14:58 [DEBUG   ] chipify.expression: evaluate_dataframe_column 'out_d': 'outp-outn' → 'outp-outn'
2026-09-17 13:14:58 [DEBUG   ] chipify.plot: Waveform equation 'out_d' skipped: name 'outp' is not defined
2026-09-17 13:14:58 [DEBUG   ] chipify.expression: evaluate_dataframe_column 'out_d': 'outp-outn' → 'outp-outn'
2026-09-17 13:14:58 [DEBUG   ] chipify.plot: Waveform equation 'out_d' skipped: name 'outp' is not defined
2026-09-17 13:14:58 [DEBUG   ] chipify.expression: evaluate_dataframe_column 'out_d': 'outp-outn' → 'outp-outn'
2026-09-17 13:14:58 [DEBUG   ] chipify.plot: Waveform equation 'out_d' skipped: name 'outp' is not defined
2026-09-17 13:14:58 [DEBUG   ] chipify.expression: evaluate_dataframe_column 'out_d': 'outp-outn' → 'outp-outn'
2026-09-17 13:14:58 [DEBUG   ] chipify.plot: Waveform equation 'out_d' skipped: name 'outp' is not defined
2026-09-17 13:14:58 [DEBUG   ] chipify.expression: evaluate_dataframe_column 'out_d': 'outp-outn' → 'outp-outn'
2026-09-17 13:14:58 [DEBUG   ] chipify.plot: Waveform equation 'out_d' skipped: name 'outp' is not defined
2026-09-17 13:14:58 [DEBUG   ] chipify.expression: evaluate_dataframe_column 'out_d': 'outp-outn' → 'outp-outn'
2026-09-17 13:14:58 [DEBUG   ] chipify.plot: Waveform equation 'out_d' skipped: name 'outp' is not defined
2026-09-17 13:14:58 [DEBUG   ] chipify.expression: evaluate_dataframe_column 'out_d': 'outp-outn' → 'outp-outn'
2026-09-17 13:14:58 [DEBUG   ] chipify.plot: Waveform equation 'out_d' skipped: name 'outp' is not defined
2026-09-17 13:14:58 [DEBUG   ] chipify.expression: evaluate_dataframe_column 'out_d': 'outp-outn' → 'outp-outn'
2026-09-17 13:14:58 [DEBUG   ] chipify.plot: Waveform equation 'out_d' skipped: name 'outp' is not defined
2026-09-17 13:14:58 [DEBUG   ] chipify.expression: evaluate_dataframe_column 'out_d': 'outp-outn' → 'outp-outn'
2026-09-17 13:14:58 [DEBUG   ] chipify.plot: Waveform equation 'out_d' skipped: name 'outp' is not defined
2026-09-17 13:14:58 [DEBUG   ] chipify.expression: evaluate_dataframe_column 'out_d': 'outp-outn' → 'outp-outn'
2026-09-17 13:14:58 [DEBUG   ] chipify.plot: Waveform equation 'out_d' skipped: name 'outp' is not defined
2026-09-17 13:14:58 [DEBUG   ] chipify.expression: evaluate_dataframe_column 'out_d': 'outp-outn' → 'outp-outn'
2026-09-17 13:14:58 [DEBUG   ] chipify.plot: Waveform equation 'out_d' skipped: name 'outp' is not defined
2026-09-17 13:14:58 [DEBUG   ] chipify.expression: evaluate_dataframe_column 'out_d': 'outp-outn' → 'outp-outn'
2026-09-17 13:14:58 [DEBUG   ] chipify.plot: Waveform equation 'out_d' skipped: name 'outp' is not defined
2026-09-17 13:14:58 [DEBUG   ] chipify.expression: evaluate_dataframe_column 'out_d': 'outp-outn' → 'outp-outn'
2026-09-17 13:14:58 [DEBUG   ] chipify.plot: Waveform equation 'out_d' skipped: name 'outp' is not defined
2026-09-17 13:14:58 [DEBUG   ] chipify.expression: evaluate_dataframe_column 'out_d': 'outp-outn' → 'outp-outn'
2026-09-17 13:14:58 [DEBUG   ] chipify.plot: Waveform equation 'out_d' skipped: name 'outp' is not defined
2026-09-17 13:14:58 [DEBUG   ] chipify.expression: evaluate_dataframe_column 'out_d': 'outp-outn' → 'outp-outn'
2026-09-17 13:14:59 [DEBUG   ] chipify.plot: Waveform equation 'out_d' skipped: name 'outp' is not defined
2026-09-17 13:14:59 [DEBUG   ] chipify.expression: evaluate_dataframe_column 'out_d': 'outp-outn' → 'outp-outn'
2026-09-17 13:14:59 [DEBUG   ] chipify.plot: Waveform equation 'out_d' skipped: name 'outp' is not defined
2026-09-17 13:14:59 [DEBUG   ] chipify.expression: evaluate_dataframe_column 'out_d': 'outp-outn' → 'outp-outn'
2026-09-17 13:14:59 [DEBUG   ] chipify.plot: Waveform equation 'out_d' skipped: name 'outp' is not defined
2026-09-17 13:14:59 [DEBUG   ] chipify.expression: evaluate_dataframe_column 'out_d': 'outp-outn' → 'outp-outn'
2026-09-17 13:14:59 [DEBUG   ] chipify.plot: Waveform equation 'out_d' skipped: name 'outp' is not defined
2026-09-17 13:14:59 [DEBUG   ] chipify.expression: evaluate_dataframe_column 'out_d': 'outp-outn' → 'outp-outn'
2026-09-17 13:14:59 [DEBUG   ] chipify.plot: Waveform equation 'out_d' skipped: name 'outp' is not defined
2026-09-17 13:14:59 [DEBUG   ] chipify.expression: evaluate_dataframe_column 'out_d': 'outp-outn' → 'outp-outn'
2026-09-17 13:14:59 [DEBUG   ] chipify.plot: Waveform equation 'out_d' skipped: name 'outp' is not defined
2026-09-17 13:14:59 [DEBUG   ] chipify.expression: evaluate_dataframe_column 'out_d': 'outp-outn' → 'outp-outn'
2026-09-17 13:14:59 [DEBUG   ] chipify.plot: Waveform equation 'out_d' skipped: name 'outp' is not defined
2026-09-17 13:14:59 [DEBUG   ] chipify.expression: evaluate_dataframe_column 'out_d': 'outp-outn' → 'outp-outn'
2026-09-17 13:14:59 [DEBUG   ] chipify.plot: Waveform equation 'out_d' skipped: name 'outp' is not defined
2026-09-17 13:14:59 [DEBUG   ] chipify.expression: evaluate_dataframe_column 'out_d': 'outp-outn' → 'outp-outn'
2026-09-17 13:14:59 [DEBUG   ] chipify.plot: Waveform equation 'out_d' skipped: name 'outp' is not defined
2026-09-17 13:14:59 [DEBUG   ] chipify.expression: evaluate_dataframe_column 'out_d': 'outp-outn' → 'outp-outn'
2026-09-17 13:14:59 [DEBUG   ] chipify.plot: Waveform equation 'out_d' skipped: name 'outp' is not defined
2026-09-17 13:14:59 [DEBUG   ] chipify.expression: evaluate_dataframe_column 'out_d': 'outp-outn' → 'outp-outn'
2026-09-17 13:14:59 [DEBUG   ] chipify.plot: Waveform equation 'out_d' skipped: name 'outp' is not defined
2026-09-17 13:14:59 [DEBUG   ] chipify.expression: evaluate_dataframe_column 'out_d': 'outp-outn' → 'outp-outn'
2026-09-17 13:14:59 [DEBUG   ] chipify.plot: Waveform equation 'out_d' skipped: name 'outp' is not defined
2026-09-17 13:14:59 [DEBUG   ] chipify.expression: evaluate_dataframe_column 'out_d': 'outp-outn' → 'outp-outn'
2026-09-17 13:14:59 [DEBUG   ] chipify.plot: Waveform equation 'out_d' skipped: name 'outp' is not defined
2026-09-17 13:14:59 [DEBUG   ] chipify.expression: evaluate_dataframe_column 'out_d': 'outp-outn' → 'outp-outn'
2026-09-17 13:14:59 [DEBUG   ] chipify.plot: Waveform equation 'out_d' skipped: name 'outp' is not defined
2026-09-17 13:15:05 [DEBUG   ] chipify.expression: evaluate_dataframe_column 'out_d': 'outp-outn' → 'outp-outn'
2026-09-17 13:15:05 [DEBUG   ] chipify.plot: Waveform equation 'out_d' skipped: name 'outp' is not defined
2026-09-17 13:15:05 [DEBUG   ] chipify.expression: evaluate_dataframe_column 'out_d': 'outp-outn' → 'outp-outn'
2026-09-17 13:15:05 [DEBUG   ] chipify.plot: Waveform equation 'out_d' skipped: name 'outp' is not defined
2026-09-17 13:15:05 [DEBUG   ] chipify.expression: evaluate_dataframe_column 'out_d': 'outp-outn' → 'outp-outn'
2026-09-17 13:15:05 [DEBUG   ] chipify.plot: Waveform equation 'out_d' skipped: name 'outp' is not defined
2026-09-17 13:15:05 [DEBUG   ] chipify.expression: evaluate_dataframe_column 'out_d': 'outp-outn' → 'outp-outn'
2026-09-17 13:15:05 [DEBUG   ] chipify.plot: Waveform equation 'out_d' skipped: name 'outp' is not defined
2026-09-17 13:15:05 [DEBUG   ] chipify.expression: evaluate_dataframe_column 'out_d': 'outp-outn' → 'outp-outn'
2026-09-17 13:15:05 [DEBUG   ] chipify.plot: Waveform equation 'out_d' skipped: name 'outp' is not defined
2026-09-17 13:15:05 [DEBUG   ] chipify.expression: evaluate_dataframe_column 'out_d': 'outp-outn' → 'outp-outn'
2026-09-17 13:15:05 [DEBUG   ] chipify.plot: Waveform equation 'out_d' skipped: name 'outp' is not defined
2026-09-17 13:15:05 [DEBUG   ] chipify.expression: evaluate_dataframe_column 'out_d': 'outp-outn' → 'outp-outn'
2026-09-17 13:15:05 [DEBUG   ] chipify.plot: Waveform equation 'out_d' skipped: name 'outp' is not defined
2026-09-17 13:15:05 [DEBUG   ] chipify.expression: evaluate_dataframe_column 'out_d': 'outp-outn' → 'outp-outn'
2026-09-17 13:15:05 [DEBUG   ] chipify.plot: Waveform equation 'out_d' skipped: name 'outp' is not defined
2026-09-17 13:15:05 [DEBUG   ] chipify.expression: evaluate_dataframe_column 'out_d': 'outp-outn' → 'outp-outn'
2026-09-17 13:15:05 [DEBUG   ] chipify.plot: Waveform equation 'out_d' skipped: name 'outp' is not defined
2026-09-17 13:15:05 [DEBUG   ] chipify.expression: evaluate_dataframe_column 'out_d': 'outp-outn' → 'outp-outn'
2026-09-17 13:15:05 [DEBUG   ] chipify.plot: Waveform equation 'out_d' skipped: name 'outp' is not defined
2026-09-17 13:15:05 [DEBUG   ] chipify.expression: evaluate_dataframe_column 'out_d': 'outp-outn' → 'outp-outn'
2026-09-17 13:15:05 [DEBUG   ] chipify.plot: Waveform equation 'out_d' skipped: name 'outp' is not defined
2026-09-17 13:15:05 [DEBUG   ] chipify.expression: evaluate_dataframe_column 'out_d': 'outp-outn' → 'outp-outn'
2026-09-17 13:15:05 [DEBUG   ] chipify.plot: Waveform equation 'out_d' skipped: name 'outp' is not defined
2026-09-17 13:15:05 [DEBUG   ] chipify.expression: evaluate_dataframe_column 'out_d': 'outp-outn' → 'outp-outn'
2026-09-17 13:15:05 [DEBUG   ] chipify.plot: Waveform equation 'out_d' skipped: name 'outp' is not defined
2026-09-17 13:15:05 [DEBUG   ] chipify.expression: evaluate_dataframe_column 'out_d': 'outp-outn' → 'outp-outn'
2026-09-17 13:15:05 [DEBUG   ] chipify.plot: Waveform equation 'out_d' skipped: name 'outp' is not defined
2026-09-17 13:15:05 [DEBUG   ] chipify.expression: evaluate_dataframe_column 'out_d': 'outp-outn' → 'outp-outn'
2026-09-17 13:15:05 [DEBUG   ] chipify.plot: Waveform equation 'out_d' skipped: name 'outp' is not defined
2026-09-17 13:15:05 [DEBUG   ] chipify.expression: evaluate_dataframe_column 'out_d': 'outp-outn' → 'outp-outn'
2026-09-17 13:15:05 [DEBUG   ] chipify.plot: Waveform equation 'out_d' skipped: name 'outp' is not defined
2026-09-17 13:15:05 [DEBUG   ] chipify.expression: evaluate_dataframe_column 'out_d': 'outp-outn' → 'outp-outn'
2026-09-17 13:15:05 [DEBUG   ] chipify.plot: Waveform equation 'out_d' skipped: name 'outp' is not defined
2026-09-17 13:15:05 [DEBUG   ] chipify.expression: evaluate_dataframe_column 'out_d': 'outp-outn' → 'outp-outn'
2026-09-17 13:15:05 [DEBUG   ] chipify.plot: Waveform equation 'out_d' skipped: name 'outp' is not defined
2026-09-17 13:15:05 [DEBUG   ] chipify.expression: evaluate_dataframe_column 'out_d': 'outp-outn' → 'outp-outn'
2026-09-17 13:15:05 [DEBUG   ] chipify.plot: Waveform equation 'out_d' skipped: name 'outp' is not defined
2026-09-17 13:15:05 [DEBUG   ] chipify.expression: evaluate_dataframe_column 'out_d': 'outp-outn' → 'outp-outn'
2026-09-17 13:15:05 [DEBUG   ] chipify.plot: Waveform equation 'out_d' skipped: name 'outp' is not defined
2026-09-17 13:15:05 [DEBUG   ] chipify.expression: evaluate_dataframe_column 'out_d': 'outp-outn' → 'outp-outn'
2026-09-17 13:15:05 [DEBUG   ] chipify.plot: Waveform equation 'out_d' skipped: name 'outp' is not defined
2026-09-17 13:15:05 [DEBUG   ] chipify.expression: evaluate_dataframe_column 'out_d': 'outp-outn' → 'outp-outn'
2026-09-17 13:15:05 [DEBUG   ] chipify.plot: Waveform equation 'out_d' skipped: name 'outp' is not defined
2026-09-17 13:15:05 [DEBUG   ] chipify.expression: evaluate_dataframe_column 'out_d': 'outp-outn' → 'outp-outn'
2026-09-17 13:15:05 [DEBUG   ] chipify.plot: Waveform equation 'out_d' skipped: name 'outp' is not defined
2026-09-17 13:15:05 [DEBUG   ] chipify.expression: evaluate_dataframe_column 'out_d': 'outp-outn' → 'outp-outn'
2026-09-17 13:15:05 [DEBUG   ] chipify.plot: Waveform equation 'out_d' skipped: name 'outp' is not defined
2026-09-17 13:15:05 [DEBUG   ] chipify.expression: evaluate_dataframe_column 'out_d': 'outp-outn' → 'outp-outn'
2026-09-17 13:15:05 [DEBUG   ] chipify.plot: Waveform equation 'out_d' skipped: name 'outp' is not defined
2026-09-17 13:15:05 [DEBUG   ] chipify.expression: evaluate_dataframe_column 'out_d': 'outp-outn' → 'outp-outn'
2026-09-17 13:15:05 [DEBUG   ] chipify.plot: Waveform equation 'out_d' skipped: name 'outp' is not defined
2026-09-17 13:15:06 [DEBUG   ] chipify.expression: evaluate_dataframe_column 'out_d': 'outp-outn' → 'outp-outn'
2026-09-17 13:15:06 [DEBUG   ] chipify.plot: Waveform equation 'out_d' skipped: name 'outp' is not defined
2026-09-17 13:15:06 [DEBUG   ] chipify.expression: evaluate_dataframe_column 'out_d': 'outp-outn' → 'outp-outn'
2026-09-17 13:15:06 [DEBUG   ] chipify.plot: Waveform equation 'out_d' skipped: name 'outp' is not defined
2026-09-17 13:15:06 [DEBUG   ] chipify.expression: evaluate_dataframe_column 'out_d': 'outp-outn' → 'outp-outn'
2026-09-17 13:15:06 [DEBUG   ] chipify.plot: Waveform equation 'out_d' skipped: name 'outp' is not defined
2026-09-17 13:15:06 [DEBUG   ] chipify.expression: evaluate_dataframe_column 'out_d': 'outp-outn' → 'outp-outn'
2026-09-17 13:15:06 [DEBUG   ] chipify.plot: Waveform equation 'out_d' skipped: name 'outp' is not defined
2026-09-17 13:15:36 [INFO    ] chipify.gui_qt.controllers.simulation: SimulationController.start: corners_ngspice.yaml
2026-09-17 13:15:36 [INFO    ] chipify.gui_qt.sim_worker: SimWorker.run on thread Dummy-26
2026-09-17 13:15:36 [INFO    ] chipify.simulator: run_sim() started. Testbenches: 2
2026-09-17 13:15:36 [INFO    ] chipify.simulator: Phase 1/3: generating parameter cases...
2026-09-17 13:15:36 [INFO    ] chipify.simulator: Total cases: 30
2026-09-17 13:15:36 [INFO    ] chipify.simulator: Simulator engine(s) in use: ngspice
2026-09-17 13:15:36 [INFO    ] chipify.simulator: Phase 2/3: generating Xschem templates...
2026-09-17 13:15:36 [INFO    ] chipify.engines.xschem: run_xschem: /foss/designs/heichip/isource_beta/testbenches/xschem/tb_isource_beta_op.sch (mode=spice)
2026-09-17 13:15:36 [INFO    ] chipify.engines.xschem: Xschem env: HOME=/headless XSCHEM_SHAREDIR=None PATH=/headless/.local/bin:/foss/tools/bin:/foss/tools/sak:/usr/local/sbin:/usr/local/bin:/usr/sbin:/usr/bin:/sbin:/bin:/foss/tools/kactus2:/foss/tools/klayout:/foss/tools/osic-multitool cwd=/foss/designs/heichip/isource_beta/chipify
2026-09-17 13:15:36 [INFO    ] chipify.engines.xschem: Xschem PID=20699 cmd=xschem -n --spice -q -x -o /tmp/chipify_f828d4bc08 /foss/designs/heichip/isource_beta/testbenches/xschem/tb_isource_beta_op.sch
2026-09-17 13:15:36 [INFO    ] chipify.engines.xschem: xschem post-run scan: recent_files=['../../../../../tmp/chipify_f828d4bc08/tb_isource_beta_op.xschem.log', '../../../../../tmp/chipify_f828d4bc08/tb_isource_beta_op.spice'] netlist_files=['../../../../../tmp/chipify_f828d4bc08/tb_isource_beta_op.spice'] chosen=../../../../../tmp/chipify_f828d4bc08/tb_isource_beta_op.spice
2026-09-17 13:15:36 [INFO    ] chipify.engines.xschem: Xschem netlist generated OK (spice).
2026-09-17 13:15:36 [INFO    ] chipify.engines.xschem: run_xschem: /foss/designs/heichip/isource_beta/testbenches/xschem/tb_isource_beta_tran.sch (mode=spice)
2026-09-17 13:15:36 [INFO    ] chipify.engines.xschem: Xschem env: HOME=/headless XSCHEM_SHAREDIR=None PATH=/headless/.local/bin:/foss/tools/bin:/foss/tools/sak:/usr/local/sbin:/usr/local/bin:/usr/sbin:/usr/bin:/sbin:/bin:/foss/tools/kactus2:/foss/tools/klayout:/foss/tools/osic-multitool cwd=/foss/designs/heichip/isource_beta/chipify
2026-09-17 13:15:36 [INFO    ] chipify.engines.xschem: Xschem PID=20709 cmd=xschem -n --spice -q -x -o /tmp/chipify_f828d4bc08 /foss/designs/heichip/isource_beta/testbenches/xschem/tb_isource_beta_tran.sch
2026-09-17 13:15:36 [INFO    ] chipify.engines.xschem: xschem post-run scan: recent_files=['../../../../../tmp/chipify_f828d4bc08/tb_isource_beta_tran.spice', '../../../../../tmp/chipify_f828d4bc08/tb_isource_beta_op.spice', '../../../../../tmp/chipify_f828d4bc08/tb_isource_beta_tran.xschem.log'] netlist_files=['../../../../../tmp/chipify_f828d4bc08/tb_isource_beta_tran.spice', '../../../../../tmp/chipify_f828d4bc08/tb_isource_beta_op.spice'] chosen=../../../../../tmp/chipify_f828d4bc08/tb_isource_beta_tran.spice
2026-09-17 13:15:36 [INFO    ] chipify.engines.xschem: Xschem netlist generated OK (spice).
2026-09-17 13:15:36 [INFO    ] chipify.simulator: Phase 3/3: staging files to RAM disk...
2026-09-17 13:15:36 [INFO    ] chipify.engines.staging: Staging library files to RAM disk: /tmp/chipify_f828d4bc08
2026-09-17 13:15:36 [DEBUG   ] chipify.engines.staging: No tb/xschemrc to stage (looked at /foss/designs/heichip/isource_beta/chipify/../testbenches/xschem/xschemrc)
2026-09-17 13:15:36 [INFO    ] chipify.simulator: transient store: /foss/designs/heichip/isource_beta/chipify/out/analysis_data/transient/20260917_131536
2026-09-17 13:15:36 [INFO    ] chipify.simulator: Spawning pool: 11 workers, 30 tasks.
2026-09-17 13:15:36 [DEBUG   ] chipify.simulator: Pool created (forkserver, 11 workers).
2026-09-17 13:15:36 [DEBUG   ] chipify.simulator: 30 batch tasks submitted (chunk_size=1).
2026-09-17 13:15:47 [INFO    ] chipify.simulator: Pool finished cleanly. 30 results collected.
2026-09-17 13:15:47 [INFO    ] chipify.simulator: run_sim() exited.
2026-09-17 13:15:47 [INFO    ] chipify.gui_qt.sim_worker: run_sim returned 30 rows. Saving results…
2026-09-17 13:15:47 [INFO    ] chipify.run_meta: Wrote run metadata: /foss/designs/heichip/isource_beta/chipify/out/history/run_20260917_131547.meta.json
2026-09-17 13:15:47 [INFO    ] chipify.run_meta: Wrote run metadata: /foss/designs/heichip/isource_beta/chipify/out/simulation_results.meta.json
2026-09-17 13:15:47 [DEBUG   ] chipify.expression: evaluate_dataframe_column 'iout': 'out/res' → 'out/res'
2026-09-17 13:15:47 [WARNING ] chipify.uikit.services.equations: Scalar equation 'iout' failed: name 'res' is not defined
2026-09-17 13:15:48 [DEBUG   ] chipify.expression: evaluate_dataframe_column 'out_d': 'outp-outn' → 'outp-outn'
2026-09-17 13:15:48 [DEBUG   ] chipify.plot: Waveform equation 'out_d' skipped: name 'outp' is not defined
2026-09-17 13:15:48 [DEBUG   ] chipify.expression: evaluate_dataframe_column 'out_d': 'outp-outn' → 'outp-outn'
2026-09-17 13:15:48 [DEBUG   ] chipify.plot: Waveform equation 'out_d' skipped: name 'outp' is not defined
2026-09-17 13:15:48 [DEBUG   ] chipify.expression: evaluate_dataframe_column 'out_d': 'outp-outn' → 'outp-outn'
2026-09-17 13:15:48 [DEBUG   ] chipify.plot: Waveform equation 'out_d' skipped: name 'outp' is not defined
2026-09-17 13:15:48 [DEBUG   ] chipify.expression: evaluate_dataframe_column 'out_d': 'outp-outn' → 'outp-outn'
2026-09-17 13:15:48 [DEBUG   ] chipify.plot: Waveform equation 'out_d' skipped: name 'outp' is not defined
2026-09-17 13:15:48 [DEBUG   ] chipify.expression: evaluate_dataframe_column 'out_d': 'outp-outn' → 'outp-outn'
2026-09-17 13:15:48 [DEBUG   ] chipify.plot: Waveform equation 'out_d' skipped: name 'outp' is not defined
2026-09-17 13:15:48 [DEBUG   ] chipify.expression: evaluate_dataframe_column 'out_d': 'outp-outn' → 'outp-outn'
2026-09-17 13:15:48 [DEBUG   ] chipify.plot: Waveform equation 'out_d' skipped: name 'outp' is not defined
2026-09-17 13:15:48 [DEBUG   ] chipify.expression: evaluate_dataframe_column 'out_d': 'outp-outn' → 'outp-outn'
2026-09-17 13:15:48 [DEBUG   ] chipify.plot: Waveform equation 'out_d' skipped: name 'outp' is not defined
2026-09-17 13:15:48 [DEBUG   ] chipify.expression: evaluate_dataframe_column 'out_d': 'outp-outn' → 'outp-outn'
2026-09-17 13:15:48 [DEBUG   ] chipify.plot: Waveform equation 'out_d' skipped: name 'outp' is not defined
2026-09-17 13:15:48 [DEBUG   ] chipify.expression: evaluate_dataframe_column 'out_d': 'outp-outn' → 'outp-outn'
2026-09-17 13:15:48 [DEBUG   ] chipify.plot: Waveform equation 'out_d' skipped: name 'outp' is not defined
2026-09-17 13:15:48 [DEBUG   ] chipify.expression: evaluate_dataframe_column 'out_d': 'outp-outn' → 'outp-outn'
2026-09-17 13:15:48 [DEBUG   ] chipify.plot: Waveform equation 'out_d' skipped: name 'outp' is not defined
2026-09-17 13:15:48 [DEBUG   ] chipify.expression: evaluate_dataframe_column 'out_d': 'outp-outn' → 'outp-outn'
2026-09-17 13:15:48 [DEBUG   ] chipify.plot: Waveform equation 'out_d' skipped: name 'outp' is not defined
2026-09-17 13:15:48 [DEBUG   ] chipify.expression: evaluate_dataframe_column 'out_d': 'outp-outn' → 'outp-outn'
2026-09-17 13:15:48 [DEBUG   ] chipify.plot: Waveform equation 'out_d' skipped: name 'outp' is not defined
2026-09-17 13:15:48 [DEBUG   ] chipify.expression: evaluate_dataframe_column 'out_d': 'outp-outn' → 'outp-outn'
2026-09-17 13:15:48 [DEBUG   ] chipify.plot: Waveform equation 'out_d' skipped: name 'outp' is not defined
2026-09-17 13:15:48 [DEBUG   ] chipify.expression: evaluate_dataframe_column 'out_d': 'outp-outn' → 'outp-outn'
2026-09-17 13:15:48 [DEBUG   ] chipify.plot: Waveform equation 'out_d' skipped: name 'outp' is not defined
2026-09-17 13:15:48 [DEBUG   ] chipify.expression: evaluate_dataframe_column 'out_d': 'outp-outn' → 'outp-outn'
2026-09-17 13:15:48 [DEBUG   ] chipify.plot: Waveform equation 'out_d' skipped: name 'outp' is not defined
2026-09-17 13:15:48 [DEBUG   ] chipify.expression: evaluate_dataframe_column 'out_d': 'outp-outn' → 'outp-outn'
2026-09-17 13:15:48 [DEBUG   ] chipify.plot: Waveform equation 'out_d' skipped: name 'outp' is not defined
2026-09-17 13:15:48 [DEBUG   ] chipify.expression: evaluate_dataframe_column 'out_d': 'outp-outn' → 'outp-outn'
2026-09-17 13:15:48 [DEBUG   ] chipify.plot: Waveform equation 'out_d' skipped: name 'outp' is not defined
2026-09-17 13:15:48 [DEBUG   ] chipify.expression: evaluate_dataframe_column 'out_d': 'outp-outn' → 'outp-outn'
2026-09-17 13:15:48 [DEBUG   ] chipify.plot: Waveform equation 'out_d' skipped: name 'outp' is not defined
2026-09-17 13:15:48 [DEBUG   ] chipify.expression: evaluate_dataframe_column 'out_d': 'outp-outn' → 'outp-outn'
2026-09-17 13:15:48 [DEBUG   ] chipify.plot: Waveform equation 'out_d' skipped: name 'outp' is not defined
2026-09-17 13:15:48 [DEBUG   ] chipify.expression: evaluate_dataframe_column 'out_d': 'outp-outn' → 'outp-outn'
2026-09-17 13:15:48 [DEBUG   ] chipify.plot: Waveform equation 'out_d' skipped: name 'outp' is not defined
2026-09-17 13:15:48 [DEBUG   ] chipify.expression: evaluate_dataframe_column 'out_d': 'outp-outn' → 'outp-outn'
2026-09-17 13:15:48 [DEBUG   ] chipify.plot: Waveform equation 'out_d' skipped: name 'outp' is not defined
2026-09-17 13:15:48 [DEBUG   ] chipify.expression: evaluate_dataframe_column 'out_d': 'outp-outn' → 'outp-outn'
2026-09-17 13:15:48 [DEBUG   ] chipify.plot: Waveform equation 'out_d' skipped: name 'outp' is not defined
2026-09-17 13:15:48 [DEBUG   ] chipify.expression: evaluate_dataframe_column 'out_d': 'outp-outn' → 'outp-outn'
2026-09-17 13:15:48 [DEBUG   ] chipify.plot: Waveform equation 'out_d' skipped: name 'outp' is not defined
2026-09-17 13:15:48 [DEBUG   ] chipify.expression: evaluate_dataframe_column 'out_d': 'outp-outn' → 'outp-outn'
2026-09-17 13:15:48 [DEBUG   ] chipify.plot: Waveform equation 'out_d' skipped: name 'outp' is not defined
2026-09-17 13:15:48 [DEBUG   ] chipify.expression: evaluate_dataframe_column 'out_d': 'outp-outn' → 'outp-outn'
2026-09-17 13:15:48 [DEBUG   ] chipify.plot: Waveform equation 'out_d' skipped: name 'outp' is not defined
2026-09-17 13:15:48 [DEBUG   ] chipify.expression: evaluate_dataframe_column 'out_d': 'outp-outn' → 'outp-outn'
2026-09-17 13:15:48 [DEBUG   ] chipify.plot: Waveform equation 'out_d' skipped: name 'outp' is not defined
2026-09-17 13:15:48 [DEBUG   ] chipify.expression: evaluate_dataframe_column 'out_d': 'outp-outn' → 'outp-outn'
2026-09-17 13:15:48 [DEBUG   ] chipify.plot: Waveform equation 'out_d' skipped: name 'outp' is not defined
2026-09-17 13:15:48 [DEBUG   ] chipify.expression: evaluate_dataframe_column 'out_d': 'outp-outn' → 'outp-outn'
2026-09-17 13:15:48 [DEBUG   ] chipify.plot: Waveform equation 'out_d' skipped: name 'outp' is not defined
2026-09-17 13:15:48 [DEBUG   ] chipify.expression: evaluate_dataframe_column 'out_d': 'outp-outn' → 'outp-outn'
2026-09-17 13:15:48 [DEBUG   ] chipify.plot: Waveform equation 'out_d' skipped: name 'outp' is not defined
2026-09-17 13:15:48 [DEBUG   ] chipify.expression: evaluate_dataframe_column 'out_d': 'outp-outn' → 'outp-outn'
2026-09-17 13:15:48 [DEBUG   ] chipify.plot: Waveform equation 'out_d' skipped: name 'outp' is not defined
2026-09-17 13:15:53 [DEBUG   ] chipify.expression: evaluate_dataframe_column 'out_d': 'outp-outn' → 'outp-outn'
2026-09-17 13:15:53 [DEBUG   ] chipify.plot: Waveform equation 'out_d' skipped: name 'outp' is not defined
2026-09-17 13:15:53 [DEBUG   ] chipify.expression: evaluate_dataframe_column 'out_d': 'outp-outn' → 'outp-outn'
2026-09-17 13:15:53 [DEBUG   ] chipify.plot: Waveform equation 'out_d' skipped: name 'outp' is not defined
2026-09-17 13:15:53 [DEBUG   ] chipify.expression: evaluate_dataframe_column 'out_d': 'outp-outn' → 'outp-outn'
2026-09-17 13:15:53 [DEBUG   ] chipify.plot: Waveform equation 'out_d' skipped: name 'outp' is not defined
2026-09-17 13:15:53 [DEBUG   ] chipify.expression: evaluate_dataframe_column 'out_d': 'outp-outn' → 'outp-outn'
2026-09-17 13:15:53 [DEBUG   ] chipify.plot: Waveform equation 'out_d' skipped: name 'outp' is not defined
2026-09-17 13:15:53 [DEBUG   ] chipify.expression: evaluate_dataframe_column 'out_d': 'outp-outn' → 'outp-outn'
2026-09-17 13:15:53 [DEBUG   ] chipify.plot: Waveform equation 'out_d' skipped: name 'outp' is not defined
2026-09-17 13:15:53 [DEBUG   ] chipify.expression: evaluate_dataframe_column 'out_d': 'outp-outn' → 'outp-outn'
2026-09-17 13:15:53 [DEBUG   ] chipify.plot: Waveform equation 'out_d' skipped: name 'outp' is not defined
2026-09-17 13:15:53 [DEBUG   ] chipify.expression: evaluate_dataframe_column 'out_d': 'outp-outn' → 'outp-outn'
2026-09-17 13:15:53 [DEBUG   ] chipify.plot: Waveform equation 'out_d' skipped: name 'outp' is not defined
2026-09-17 13:15:53 [DEBUG   ] chipify.expression: evaluate_dataframe_column 'out_d': 'outp-outn' → 'outp-outn'
2026-09-17 13:15:53 [DEBUG   ] chipify.plot: Waveform equation 'out_d' skipped: name 'outp' is not defined
2026-09-17 13:15:53 [DEBUG   ] chipify.expression: evaluate_dataframe_column 'out_d': 'outp-outn' → 'outp-outn'
2026-09-17 13:15:53 [DEBUG   ] chipify.plot: Waveform equation 'out_d' skipped: name 'outp' is not defined
2026-09-17 13:15:54 [DEBUG   ] chipify.expression: evaluate_dataframe_column 'out_d': 'outp-outn' → 'outp-outn'
2026-09-17 13:15:54 [DEBUG   ] chipify.plot: Waveform equation 'out_d' skipped: name 'outp' is not defined
2026-09-17 13:15:54 [DEBUG   ] chipify.expression: evaluate_dataframe_column 'out_d': 'outp-outn' → 'outp-outn'
2026-09-17 13:15:54 [DEBUG   ] chipify.plot: Waveform equation 'out_d' skipped: name 'outp' is not defined
2026-09-17 13:15:54 [DEBUG   ] chipify.expression: evaluate_dataframe_column 'out_d': 'outp-outn' → 'outp-outn'
2026-09-17 13:15:54 [DEBUG   ] chipify.plot: Waveform equation 'out_d' skipped: name 'outp' is not defined
2026-09-17 13:15:54 [DEBUG   ] chipify.expression: evaluate_dataframe_column 'out_d': 'outp-outn' → 'outp-outn'
2026-09-17 13:15:54 [DEBUG   ] chipify.plot: Waveform equation 'out_d' skipped: name 'outp' is not defined
2026-09-17 13:15:54 [DEBUG   ] chipify.expression: evaluate_dataframe_column 'out_d': 'outp-outn' → 'outp-outn'
2026-09-17 13:15:54 [DEBUG   ] chipify.plot: Waveform equation 'out_d' skipped: name 'outp' is not defined
2026-09-17 13:15:54 [DEBUG   ] chipify.expression: evaluate_dataframe_column 'out_d': 'outp-outn' → 'outp-outn'
2026-09-17 13:15:54 [DEBUG   ] chipify.plot: Waveform equation 'out_d' skipped: name 'outp' is not defined
2026-09-17 13:15:54 [DEBUG   ] chipify.expression: evaluate_dataframe_column 'out_d': 'outp-outn' → 'outp-outn'
2026-09-17 13:15:54 [DEBUG   ] chipify.plot: Waveform equation 'out_d' skipped: name 'outp' is not defined
2026-09-17 13:15:54 [DEBUG   ] chipify.expression: evaluate_dataframe_column 'out_d': 'outp-outn' → 'outp-outn'
2026-09-17 13:15:54 [DEBUG   ] chipify.plot: Waveform equation 'out_d' skipped: name 'outp' is not defined
2026-09-17 13:15:54 [DEBUG   ] chipify.expression: evaluate_dataframe_column 'out_d': 'outp-outn' → 'outp-outn'
2026-09-17 13:15:54 [DEBUG   ] chipify.plot: Waveform equation 'out_d' skipped: name 'outp' is not defined
2026-09-17 13:15:54 [DEBUG   ] chipify.expression: evaluate_dataframe_column 'out_d': 'outp-outn' → 'outp-outn'
2026-09-17 13:15:54 [DEBUG   ] chipify.plot: Waveform equation 'out_d' skipped: name 'outp' is not defined
2026-09-17 13:15:54 [DEBUG   ] chipify.expression: evaluate_dataframe_column 'out_d': 'outp-outn' → 'outp-outn'
2026-09-17 13:15:54 [DEBUG   ] chipify.plot: Waveform equation 'out_d' skipped: name 'outp' is not defined
2026-09-17 13:15:54 [DEBUG   ] chipify.expression: evaluate_dataframe_column 'out_d': 'outp-outn' → 'outp-outn'
2026-09-17 13:15:54 [DEBUG   ] chipify.plot: Waveform equation 'out_d' skipped: name 'outp' is not defined
2026-09-17 13:15:54 [DEBUG   ] chipify.expression: evaluate_dataframe_column 'out_d': 'outp-outn' → 'outp-outn'
2026-09-17 13:15:54 [DEBUG   ] chipify.plot: Waveform equation 'out_d' skipped: name 'outp' is not defined
2026-09-17 13:15:54 [DEBUG   ] chipify.expression: evaluate_dataframe_column 'out_d': 'outp-outn' → 'outp-outn'
2026-09-17 13:15:54 [DEBUG   ] chipify.plot: Waveform equation 'out_d' skipped: name 'outp' is not defined
2026-09-17 13:15:54 [DEBUG   ] chipify.expression: evaluate_dataframe_column 'out_d': 'outp-outn' → 'outp-outn'
2026-09-17 13:15:54 [DEBUG   ] chipify.plot: Waveform equation 'out_d' skipped: name 'outp' is not defined
2026-09-17 13:15:54 [DEBUG   ] chipify.expression: evaluate_dataframe_column 'out_d': 'outp-outn' → 'outp-outn'
2026-09-17 13:15:54 [DEBUG   ] chipify.plot: Waveform equation 'out_d' skipped: name 'outp' is not defined
2026-09-17 13:15:54 [DEBUG   ] chipify.expression: evaluate_dataframe_column 'out_d': 'outp-outn' → 'outp-outn'
2026-09-17 13:15:54 [DEBUG   ] chipify.plot: Waveform equation 'out_d' skipped: name 'outp' is not defined
2026-09-17 13:15:54 [DEBUG   ] chipify.expression: evaluate_dataframe_column 'out_d': 'outp-outn' → 'outp-outn'
2026-09-17 13:15:54 [DEBUG   ] chipify.plot: Waveform equation 'out_d' skipped: name 'outp' is not defined
2026-09-17 13:15:54 [DEBUG   ] chipify.expression: evaluate_dataframe_column 'out_d': 'outp-outn' → 'outp-outn'
2026-09-17 13:15:54 [DEBUG   ] chipify.plot: Waveform equation 'out_d' skipped: name 'outp' is not defined
2026-09-17 13:15:54 [DEBUG   ] chipify.expression: evaluate_dataframe_column 'out_d': 'outp-outn' → 'outp-outn'
2026-09-17 13:15:54 [DEBUG   ] chipify.plot: Waveform equation 'out_d' skipped: name 'outp' is not defined
2026-09-17 13:15:54 [DEBUG   ] chipify.expression: evaluate_dataframe_column 'out_d': 'outp-outn' → 'outp-outn'
2026-09-17 13:15:54 [DEBUG   ] chipify.plot: Waveform equation 'out_d' skipped: name 'outp' is not defined
2026-09-17 13:15:54 [DEBUG   ] chipify.expression: evaluate_dataframe_column 'out_d': 'outp-outn' → 'outp-outn'
2026-09-17 13:15:54 [DEBUG   ] chipify.plot: Waveform equation 'out_d' skipped: name 'outp' is not defined
2026-09-17 13:15:54 [DEBUG   ] chipify.expression: evaluate_dataframe_column 'out_d': 'outp-outn' → 'outp-outn'
2026-09-17 13:15:54 [DEBUG   ] chipify.plot: Waveform equation 'out_d' skipped: name 'outp' is not defined
2026-09-17 13:15:54 [DEBUG   ] chipify.expression: evaluate_dataframe_column 'out_d': 'outp-outn' → 'outp-outn'
2026-09-17 13:15:54 [DEBUG   ] chipify.plot: Waveform equation 'out_d' skipped: name 'outp' is not defined
2026-09-17 13:15:54 [DEBUG   ] chipify.expression: evaluate_dataframe_column 'out_d': 'outp-outn' → 'outp-outn'
2026-09-17 13:15:54 [DEBUG   ] chipify.plot: Waveform equation 'out_d' skipped: name 'outp' is not defined
2026-09-17 13:15:54 [DEBUG   ] chipify.expression: evaluate_dataframe_column 'out_d': 'outp-outn' → 'outp-outn'
2026-09-17 13:15:54 [DEBUG   ] chipify.plot: Waveform equation 'out_d' skipped: name 'outp' is not defined
2026-09-17 13:15:54 [DEBUG   ] chipify.expression: evaluate_dataframe_column 'out_d': 'outp-outn' → 'outp-outn'
2026-09-17 13:15:54 [DEBUG   ] chipify.plot: Waveform equation 'out_d' skipped: name 'outp' is not defined
2026-09-17 13:15:54 [DEBUG   ] chipify.expression: evaluate_dataframe_column 'out_d': 'outp-outn' → 'outp-outn'
2026-09-17 13:15:54 [DEBUG   ] chipify.plot: Waveform equation 'out_d' skipped: name 'outp' is not defined
2026-09-17 13:15:54 [DEBUG   ] chipify.expression: evaluate_dataframe_column 'out_d': 'outp-outn' → 'outp-outn'
2026-09-17 13:15:54 [DEBUG   ] chipify.plot: Waveform equation 'out_d' skipped: name 'outp' is not defined
2026-09-17 13:15:54 [DEBUG   ] chipify.expression: evaluate_dataframe_column 'out_d': 'outp-outn' → 'outp-outn'
2026-09-17 13:15:54 [DEBUG   ] chipify.plot: Waveform equation 'out_d' skipped: name 'outp' is not defined
2026-09-17 13:15:54 [DEBUG   ] chipify.expression: evaluate_dataframe_column 'out_d': 'outp-outn' → 'outp-outn'
2026-09-17 13:15:54 [DEBUG   ] chipify.plot: Waveform equation 'out_d' skipped: name 'outp' is not defined
2026-09-17 13:15:54 [DEBUG   ] chipify.expression: evaluate_dataframe_column 'out_d': 'outp-outn' → 'outp-outn'
2026-09-17 13:15:54 [DEBUG   ] chipify.plot: Waveform equation 'out_d' skipped: name 'outp' is not defined
2026-09-17 13:15:54 [DEBUG   ] chipify.expression: evaluate_dataframe_column 'out_d': 'outp-outn' → 'outp-outn'
2026-09-17 13:15:54 [DEBUG   ] chipify.plot: Waveform equation 'out_d' skipped: name 'outp' is not defined
2026-09-17 13:15:54 [DEBUG   ] chipify.expression: evaluate_dataframe_column 'out_d': 'outp-outn' → 'outp-outn'
2026-09-17 13:15:54 [DEBUG   ] chipify.plot: Waveform equation 'out_d' skipped: name 'outp' is not defined
2026-09-17 13:15:54 [DEBUG   ] chipify.expression: evaluate_dataframe_column 'out_d': 'outp-outn' → 'outp-outn'
2026-09-17 13:15:54 [DEBUG   ] chipify.plot: Waveform equation 'out_d' skipped: name 'outp' is not defined
2026-09-17 13:15:54 [DEBUG   ] chipify.expression: evaluate_dataframe_column 'out_d': 'outp-outn' → 'outp-outn'
2026-09-17 13:15:54 [DEBUG   ] chipify.plot: Waveform equation 'out_d' skipped: name 'outp' is not defined
2026-09-17 13:15:54 [DEBUG   ] chipify.expression: evaluate_dataframe_column 'out_d': 'outp-outn' → 'outp-outn'
2026-09-17 13:15:54 [DEBUG   ] chipify.plot: Waveform equation 'out_d' skipped: name 'outp' is not defined
2026-09-17 13:15:54 [DEBUG   ] chipify.expression: evaluate_dataframe_column 'out_d': 'outp-outn' → 'outp-outn'
2026-09-17 13:15:54 [DEBUG   ] chipify.plot: Waveform equation 'out_d' skipped: name 'outp' is not defined
2026-09-17 13:15:54 [DEBUG   ] chipify.expression: evaluate_dataframe_column 'out_d': 'outp-outn' → 'outp-outn'
2026-09-17 13:15:54 [DEBUG   ] chipify.plot: Waveform equation 'out_d' skipped: name 'outp' is not defined
2026-09-17 13:15:54 [DEBUG   ] chipify.expression: evaluate_dataframe_column 'out_d': 'outp-outn' → 'outp-outn'
2026-09-17 13:15:54 [DEBUG   ] chipify.plot: Waveform equation 'out_d' skipped: name 'outp' is not defined
2026-09-17 13:15:55 [DEBUG   ] chipify.expression: evaluate_dataframe_column 'out_d': 'outp-outn' → 'outp-outn'
2026-09-17 13:15:55 [DEBUG   ] chipify.plot: Waveform equation 'out_d' skipped: name 'outp' is not defined
2026-09-17 13:15:55 [DEBUG   ] chipify.expression: evaluate_dataframe_column 'out_d': 'outp-outn' → 'outp-outn'
2026-09-17 13:15:55 [DEBUG   ] chipify.plot: Waveform equation 'out_d' skipped: name 'outp' is not defined
2026-09-17 13:15:55 [DEBUG   ] chipify.expression: evaluate_dataframe_column 'out_d': 'outp-outn' → 'outp-outn'
2026-09-17 13:15:55 [DEBUG   ] chipify.plot: Waveform equation 'out_d' skipped: name 'outp' is not defined
2026-09-17 13:15:55 [DEBUG   ] chipify.expression: evaluate_dataframe_column 'out_d': 'outp-outn' → 'outp-outn'
2026-09-17 13:15:55 [DEBUG   ] chipify.plot: Waveform equation 'out_d' skipped: name 'outp' is not defined
2026-09-17 13:15:55 [DEBUG   ] chipify.expression: evaluate_dataframe_column 'out_d': 'outp-outn' → 'outp-outn'
2026-09-17 13:15:55 [DEBUG   ] chipify.plot: Waveform equation 'out_d' skipped: name 'outp' is not defined
2026-09-17 13:15:55 [DEBUG   ] chipify.expression: evaluate_dataframe_column 'out_d': 'outp-outn' → 'outp-outn'
2026-09-17 13:15:55 [DEBUG   ] chipify.plot: Waveform equation 'out_d' skipped: name 'outp' is not defined
2026-09-17 13:15:55 [DEBUG   ] chipify.expression: evaluate_dataframe_column 'out_d': 'outp-outn' → 'outp-outn'
2026-09-17 13:15:55 [DEBUG   ] chipify.plot: Waveform equation 'out_d' skipped: name 'outp' is not defined
2026-09-17 13:15:55 [DEBUG   ] chipify.expression: evaluate_dataframe_column 'out_d': 'outp-outn' → 'outp-outn'
2026-09-17 13:15:55 [DEBUG   ] chipify.plot: Waveform equation 'out_d' skipped: name 'outp' is not defined
2026-09-17 13:15:55 [DEBUG   ] chipify.expression: evaluate_dataframe_column 'out_d': 'outp-outn' → 'outp-outn'
2026-09-17 13:15:55 [DEBUG   ] chipify.plot: Waveform equation 'out_d' skipped: name 'outp' is not defined
2026-09-17 13:15:55 [DEBUG   ] chipify.expression: evaluate_dataframe_column 'out_d': 'outp-outn' → 'outp-outn'
2026-09-17 13:15:55 [DEBUG   ] chipify.plot: Waveform equation 'out_d' skipped: name 'outp' is not defined
2026-09-17 13:15:55 [DEBUG   ] chipify.expression: evaluate_dataframe_column 'out_d': 'outp-outn' → 'outp-outn'
2026-09-17 13:15:55 [DEBUG   ] chipify.plot: Waveform equation 'out_d' skipped: name 'outp' is not defined
2026-09-17 13:18:49 [INFO    ] chipify.gui_qt.controllers.simulation: SimulationController.start: corners_ngspice.yaml
2026-09-17 13:18:49 [INFO    ] chipify.gui_qt.sim_worker: SimWorker.run on thread Dummy-30
2026-09-17 13:18:49 [INFO    ] chipify.simulator: run_sim() started. Testbenches: 2
2026-09-17 13:18:49 [INFO    ] chipify.simulator: Phase 1/3: generating parameter cases...
2026-09-17 13:18:49 [INFO    ] chipify.simulator: Total cases: 30
2026-09-17 13:18:49 [INFO    ] chipify.simulator: Simulator engine(s) in use: ngspice
2026-09-17 13:18:49 [INFO    ] chipify.simulator: Phase 2/3: generating Xschem templates...
2026-09-17 13:18:49 [INFO    ] chipify.engines.xschem: run_xschem: /foss/designs/heichip/isource_beta/testbenches/xschem/tb_isource_beta_op.sch (mode=spice)
2026-09-17 13:18:49 [INFO    ] chipify.engines.xschem: Xschem env: HOME=/headless XSCHEM_SHAREDIR=None PATH=/headless/.local/bin:/foss/tools/bin:/foss/tools/sak:/usr/local/sbin:/usr/local/bin:/usr/sbin:/usr/bin:/sbin:/bin:/foss/tools/kactus2:/foss/tools/klayout:/foss/tools/osic-multitool cwd=/foss/designs/heichip/isource_beta/chipify
2026-09-17 13:18:49 [INFO    ] chipify.engines.xschem: Xschem PID=20969 cmd=xschem -n --spice -q -x -o /tmp/chipify_f828d4bc08 /foss/designs/heichip/isource_beta/testbenches/xschem/tb_isource_beta_op.sch
2026-09-17 13:18:49 [INFO    ] chipify.engines.xschem: xschem post-run scan: recent_files=['../../../../../tmp/chipify_f828d4bc08/tb_isource_beta_op.xschem.log', '../../../../../tmp/chipify_f828d4bc08/tb_isource_beta_op.spice'] netlist_files=['../../../../../tmp/chipify_f828d4bc08/tb_isource_beta_op.spice'] chosen=../../../../../tmp/chipify_f828d4bc08/tb_isource_beta_op.spice
2026-09-17 13:18:49 [INFO    ] chipify.engines.xschem: Xschem netlist generated OK (spice).
2026-09-17 13:18:49 [INFO    ] chipify.engines.xschem: run_xschem: /foss/designs/heichip/isource_beta/testbenches/xschem/tb_isource_beta_tran.sch (mode=spice)
2026-09-17 13:18:49 [INFO    ] chipify.engines.xschem: Xschem env: HOME=/headless XSCHEM_SHAREDIR=None PATH=/headless/.local/bin:/foss/tools/bin:/foss/tools/sak:/usr/local/sbin:/usr/local/bin:/usr/sbin:/usr/bin:/sbin:/bin:/foss/tools/kactus2:/foss/tools/klayout:/foss/tools/osic-multitool cwd=/foss/designs/heichip/isource_beta/chipify
2026-09-17 13:18:49 [INFO    ] chipify.engines.xschem: Xschem PID=20979 cmd=xschem -n --spice -q -x -o /tmp/chipify_f828d4bc08 /foss/designs/heichip/isource_beta/testbenches/xschem/tb_isource_beta_tran.sch
2026-09-17 13:18:49 [INFO    ] chipify.engines.xschem: xschem post-run scan: recent_files=['../../../../../tmp/chipify_f828d4bc08/tb_isource_beta_tran.spice', '../../../../../tmp/chipify_f828d4bc08/tb_isource_beta_op.spice', '../../../../../tmp/chipify_f828d4bc08/tb_isource_beta_tran.xschem.log'] netlist_files=['../../../../../tmp/chipify_f828d4bc08/tb_isource_beta_tran.spice', '../../../../../tmp/chipify_f828d4bc08/tb_isource_beta_op.spice'] chosen=../../../../../tmp/chipify_f828d4bc08/tb_isource_beta_tran.spice
2026-09-17 13:18:49 [INFO    ] chipify.engines.xschem: Xschem netlist generated OK (spice).
2026-09-17 13:18:49 [INFO    ] chipify.simulator: Phase 3/3: staging files to RAM disk...
2026-09-17 13:18:49 [INFO    ] chipify.engines.staging: Staging library files to RAM disk: /tmp/chipify_f828d4bc08
2026-09-17 13:18:49 [DEBUG   ] chipify.engines.staging: No tb/xschemrc to stage (looked at /foss/designs/heichip/isource_beta/chipify/../testbenches/xschem/xschemrc)
2026-09-17 13:18:49 [INFO    ] chipify.simulator: transient store: /foss/designs/heichip/isource_beta/chipify/out/analysis_data/transient/20260917_131849
2026-09-17 13:18:49 [INFO    ] chipify.simulator: Spawning pool: 11 workers, 30 tasks.
2026-09-17 13:18:50 [INFO    ] chipify.gui_qt.controllers.simulation: SimulationController.stop: abort requested.
2026-09-17 13:18:50 [INFO    ] chipify.gui_qt.sim_worker: SimWorker.request_stop: abort requested.
2026-09-17 13:18:50 [INFO    ] chipify.engines.abort: abort_simulation() called – writing abort flag.
2026-09-17 13:18:50 [DEBUG   ] chipify.simulator: Pool created (forkserver, 11 workers).
2026-09-17 13:18:50 [DEBUG   ] chipify.simulator: 30 batch tasks submitted (chunk_size=1).
2026-09-17 13:18:50 [INFO    ] chipify.simulator: Abort flag detected – terminating pool.
2026-09-17 13:18:50 [INFO    ] chipify.simulator: Simulation interrupted by user.
2026-09-17 13:18:50 [INFO    ] chipify.simulator: Pool terminated.
2026-09-17 13:18:50 [INFO    ] chipify.simulator: run_sim() exited.
2026-09-17 13:18:50 [INFO    ] chipify.gui_qt.sim_worker: run_sim returned None (aborted).
2026-09-17 13:19:00 [INFO    ] chipify.gui_qt.controllers.simulation: SimulationController.start: mismatch_ngspice.yaml
2026-09-17 13:19:00 [INFO    ] chipify.gui_qt.sim_worker: SimWorker.run on thread Dummy-30
2026-09-17 13:19:00 [INFO    ] chipify.simulator: run_sim() started. Testbenches: 1
2026-09-17 13:19:00 [INFO    ] chipify.simulator: Phase 1/3: generating parameter cases...
2026-09-17 13:19:00 [INFO    ] chipify.simulator: Total cases: 1500
2026-09-17 13:19:00 [INFO    ] chipify.simulator: Simulator engine(s) in use: ngspice
2026-09-17 13:19:00 [INFO    ] chipify.simulator: Phase 2/3: generating Xschem templates...
2026-09-17 13:19:00 [INFO    ] chipify.engines.xschem: run_xschem: /foss/designs/heichip/isource_beta/testbenches/xschem/tb_isource_beta_op.sch (mode=spice)
2026-09-17 13:19:00 [INFO    ] chipify.engines.xschem: Xschem env: HOME=/headless XSCHEM_SHAREDIR=None PATH=/headless/.local/bin:/foss/tools/bin:/foss/tools/sak:/usr/local/sbin:/usr/local/bin:/usr/sbin:/usr/bin:/sbin:/bin:/foss/tools/kactus2:/foss/tools/klayout:/foss/tools/osic-multitool cwd=/foss/designs/heichip/isource_beta/chipify
2026-09-17 13:19:00 [INFO    ] chipify.engines.xschem: Xschem PID=21004 cmd=xschem -n --spice -q -x -o /tmp/chipify_f828d4bc08 /foss/designs/heichip/isource_beta/testbenches/xschem/tb_isource_beta_op.sch
2026-09-17 13:19:00 [INFO    ] chipify.engines.xschem: xschem post-run scan: recent_files=['../../../../../tmp/chipify_f828d4bc08/tb_isource_beta_op.xschem.log', '../../../../../tmp/chipify_f828d4bc08/tb_isource_beta_op.spice'] netlist_files=['../../../../../tmp/chipify_f828d4bc08/tb_isource_beta_op.spice'] chosen=../../../../../tmp/chipify_f828d4bc08/tb_isource_beta_op.spice
2026-09-17 13:19:00 [INFO    ] chipify.engines.xschem: Xschem netlist generated OK (spice).
2026-09-17 13:19:00 [INFO    ] chipify.simulator: Phase 3/3: staging files to RAM disk...
2026-09-17 13:19:00 [INFO    ] chipify.engines.staging: Staging library files to RAM disk: /tmp/chipify_f828d4bc08
2026-09-17 13:19:00 [DEBUG   ] chipify.engines.staging: No tb/xschemrc to stage (looked at /foss/designs/heichip/isource_beta/chipify/../testbenches/xschem/xschemrc)
2026-09-17 13:19:00 [INFO    ] chipify.simulator: Spawning pool: 11 workers, 1500 tasks.
2026-09-17 13:19:00 [DEBUG   ] chipify.simulator: Pool created (forkserver, 11 workers).
2026-09-17 13:19:00 [DEBUG   ] chipify.simulator: 94 batch tasks submitted (chunk_size=16).
2026-09-17 13:19:20 [INFO    ] chipify.simulator: Pool finished cleanly. 1500 results collected.
2026-09-17 13:19:20 [INFO    ] chipify.simulator: run_sim() exited.
2026-09-17 13:19:20 [INFO    ] chipify.gui_qt.sim_worker: run_sim returned 1500 rows. Saving results…
2026-09-17 13:19:21 [INFO    ] chipify.run_meta: Wrote run metadata: /foss/designs/heichip/isource_beta/chipify/out/history/run_20260917_131920.meta.json
2026-09-17 13:19:21 [INFO    ] chipify.run_meta: Wrote run metadata: /foss/designs/heichip/isource_beta/chipify/out/simulation_results.meta.json
2026-09-17 13:19:21 [DEBUG   ] chipify.expression: evaluate_dataframe_column 'vd_tr': 'outp-outn' → 'outp-outn'
2026-09-17 13:19:21 [WARNING ] chipify.uikit.services.equations: Scalar equation 'vd_tr' failed: name 'outp' is not defined
2026-09-17 13:21:05 [INFO    ] chipify: ============================================================
2026-09-17 13:21:05 [INFO    ] chipify: Chipify 0.2.3  →  /usr/local/lib/python3.12/dist-packages/chipify
2026-09-17 13:21:05 [INFO    ] chipify: Logging initialised  →  /foss/designs/heichip/isource_beta/chipify/out/chipify.log
2026-09-17 13:21:05 [INFO    ] chipify: ============================================================
2026-09-17 13:21:05 [INFO    ] chipify.gui_qt: Wayland session detected; preferring XWayland (xcb) with a native-Wayland fallback.
2026-09-17 13:21:06 [INFO    ] chipify.gui_qt: Starting Chipify Qt GUI (theme=night, PySide6).
2026-09-17 13:21:06 [INFO    ] chipify.gui_qt.main_window: Initial window size 1300x912 (screen work area 1440x960).
2026-09-17 13:21:07 [DEBUG   ] chipify.gui_qt.main_window: MainWindow constructed (theme=night).
2026-09-17 13:21:07 [DEBUG   ] chipify.expression: evaluate_dataframe_column 'iout': 'out/res' → 'out/res'
2026-09-17 13:21:07 [WARNING ] chipify.uikit.services.equations: Scalar equation 'iout' failed: name 'res' is not defined
2026-09-17 13:21:08 [DEBUG   ] chipify.expression: evaluate_dataframe_column 'out_d': 'outp-outn' → 'outp-outn'
2026-09-17 13:21:08 [DEBUG   ] chipify.plot: Waveform equation 'out_d' skipped: name 'outp' is not defined
2026-09-17 13:21:08 [DEBUG   ] chipify.expression: evaluate_dataframe_column 'out_d': 'outp-outn' → 'outp-outn'
2026-09-17 13:21:08 [DEBUG   ] chipify.plot: Waveform equation 'out_d' skipped: name 'outp' is not defined
2026-09-17 13:21:08 [DEBUG   ] chipify.expression: evaluate_dataframe_column 'out_d': 'outp-outn' → 'outp-outn'
2026-09-17 13:21:08 [DEBUG   ] chipify.plot: Waveform equation 'out_d' skipped: name 'outp' is not defined
2026-09-17 13:21:08 [DEBUG   ] chipify.expression: evaluate_dataframe_column 'out_d': 'outp-outn' → 'outp-outn'
2026-09-17 13:21:08 [DEBUG   ] chipify.plot: Waveform equation 'out_d' skipped: name 'outp' is not defined
2026-09-17 13:21:08 [DEBUG   ] chipify.expression: evaluate_dataframe_column 'out_d': 'outp-outn' → 'outp-outn'
2026-09-17 13:21:08 [DEBUG   ] chipify.plot: Waveform equation 'out_d' skipped: name 'outp' is not defined
2026-09-17 13:21:08 [DEBUG   ] chipify.expression: evaluate_dataframe_column 'out_d': 'outp-outn' → 'outp-outn'
2026-09-17 13:21:08 [DEBUG   ] chipify.plot: Waveform equation 'out_d' skipped: name 'outp' is not defined
2026-09-17 13:21:08 [DEBUG   ] chipify.expression: evaluate_dataframe_column 'out_d': 'outp-outn' → 'outp-outn'
2026-09-17 13:21:08 [DEBUG   ] chipify.plot: Waveform equation 'out_d' skipped: name 'outp' is not defined
2026-09-17 13:21:08 [DEBUG   ] chipify.expression: evaluate_dataframe_column 'out_d': 'outp-outn' → 'outp-outn'
2026-09-17 13:21:08 [DEBUG   ] chipify.plot: Waveform equation 'out_d' skipped: name 'outp' is not defined
2026-09-17 13:21:08 [DEBUG   ] chipify.expression: evaluate_dataframe_column 'out_d': 'outp-outn' → 'outp-outn'
2026-09-17 13:21:08 [DEBUG   ] chipify.plot: Waveform equation 'out_d' skipped: name 'outp' is not defined
2026-09-17 13:21:09 [DEBUG   ] chipify.expression: evaluate_dataframe_column 'out_d': 'outp-outn' → 'outp-outn'
2026-09-17 13:21:09 [DEBUG   ] chipify.plot: Waveform equation 'out_d' skipped: name 'outp' is not defined
2026-09-17 13:21:09 [DEBUG   ] chipify.expression: evaluate_dataframe_column 'out_d': 'outp-outn' → 'outp-outn'
2026-09-17 13:21:09 [DEBUG   ] chipify.plot: Waveform equation 'out_d' skipped: name 'outp' is not defined
2026-09-17 13:21:09 [DEBUG   ] chipify.expression: evaluate_dataframe_column 'out_d': 'outp-outn' → 'outp-outn'
2026-09-17 13:21:09 [DEBUG   ] chipify.plot: Waveform equation 'out_d' skipped: name 'outp' is not defined
2026-09-17 13:21:09 [DEBUG   ] chipify.expression: evaluate_dataframe_column 'out_d': 'outp-outn' → 'outp-outn'
2026-09-17 13:21:09 [DEBUG   ] chipify.plot: Waveform equation 'out_d' skipped: name 'outp' is not defined
2026-09-17 13:21:09 [DEBUG   ] chipify.expression: evaluate_dataframe_column 'out_d': 'outp-outn' → 'outp-outn'
2026-09-17 13:21:09 [DEBUG   ] chipify.plot: Waveform equation 'out_d' skipped: name 'outp' is not defined
2026-09-17 13:21:09 [DEBUG   ] chipify.expression: evaluate_dataframe_column 'out_d': 'outp-outn' → 'outp-outn'
2026-09-17 13:21:09 [DEBUG   ] chipify.plot: Waveform equation 'out_d' skipped: name 'outp' is not defined
2026-09-17 13:21:09 [DEBUG   ] chipify.expression: evaluate_dataframe_column 'out_d': 'outp-outn' → 'outp-outn'
2026-09-17 13:21:09 [DEBUG   ] chipify.plot: Waveform equation 'out_d' skipped: name 'outp' is not defined
2026-09-17 13:21:09 [DEBUG   ] chipify.expression: evaluate_dataframe_column 'out_d': 'outp-outn' → 'outp-outn'
2026-09-17 13:21:09 [DEBUG   ] chipify.plot: Waveform equation 'out_d' skipped: name 'outp' is not defined
2026-09-17 13:21:09 [DEBUG   ] chipify.expression: evaluate_dataframe_column 'out_d': 'outp-outn' → 'outp-outn'
2026-09-17 13:21:09 [DEBUG   ] chipify.plot: Waveform equation 'out_d' skipped: name 'outp' is not defined
2026-09-17 13:21:09 [DEBUG   ] chipify.expression: evaluate_dataframe_column 'out_d': 'outp-outn' → 'outp-outn'
2026-09-17 13:21:09 [DEBUG   ] chipify.plot: Waveform equation 'out_d' skipped: name 'outp' is not defined
2026-09-17 13:21:09 [DEBUG   ] chipify.expression: evaluate_dataframe_column 'out_d': 'outp-outn' → 'outp-outn'
2026-09-17 13:21:09 [DEBUG   ] chipify.plot: Waveform equation 'out_d' skipped: name 'outp' is not defined
2026-09-17 13:21:09 [DEBUG   ] chipify.expression: evaluate_dataframe_column 'out_d': 'outp-outn' → 'outp-outn'
2026-09-17 13:21:09 [DEBUG   ] chipify.plot: Waveform equation 'out_d' skipped: name 'outp' is not defined
2026-09-17 13:21:09 [DEBUG   ] chipify.expression: evaluate_dataframe_column 'out_d': 'outp-outn' → 'outp-outn'
2026-09-17 13:21:09 [DEBUG   ] chipify.plot: Waveform equation 'out_d' skipped: name 'outp' is not defined
2026-09-17 13:21:09 [DEBUG   ] chipify.expression: evaluate_dataframe_column 'out_d': 'outp-outn' → 'outp-outn'
2026-09-17 13:21:09 [DEBUG   ] chipify.plot: Waveform equation 'out_d' skipped: name 'outp' is not defined
2026-09-17 13:21:09 [DEBUG   ] chipify.expression: evaluate_dataframe_column 'out_d': 'outp-outn' → 'outp-outn'
2026-09-17 13:21:09 [DEBUG   ] chipify.plot: Waveform equation 'out_d' skipped: name 'outp' is not defined
2026-09-17 13:21:09 [DEBUG   ] chipify.expression: evaluate_dataframe_column 'out_d': 'outp-outn' → 'outp-outn'
2026-09-17 13:21:09 [DEBUG   ] chipify.plot: Waveform equation 'out_d' skipped: name 'outp' is not defined
2026-09-17 13:21:09 [DEBUG   ] chipify.expression: evaluate_dataframe_column 'out_d': 'outp-outn' → 'outp-outn'
2026-09-17 13:21:09 [DEBUG   ] chipify.plot: Waveform equation 'out_d' skipped: name 'outp' is not defined
2026-09-17 13:21:09 [DEBUG   ] chipify.expression: evaluate_dataframe_column 'out_d': 'outp-outn' → 'outp-outn'
2026-09-17 13:21:09 [DEBUG   ] chipify.plot: Waveform equation 'out_d' skipped: name 'outp' is not defined
2026-09-17 13:21:09 [DEBUG   ] chipify.expression: evaluate_dataframe_column 'out_d': 'outp-outn' → 'outp-outn'
2026-09-17 13:21:09 [DEBUG   ] chipify.plot: Waveform equation 'out_d' skipped: name 'outp' is not defined
2026-09-17 13:21:09 [DEBUG   ] chipify.expression: evaluate_dataframe_column 'out_d': 'outp-outn' → 'outp-outn'
2026-09-17 13:21:09 [DEBUG   ] chipify.plot: Waveform equation 'out_d' skipped: name 'outp' is not defined
2026-09-17 13:21:09 [DEBUG   ] chipify.expression: evaluate_dataframe_column 'out_d': 'outp-outn' → 'outp-outn'
2026-09-17 13:21:09 [DEBUG   ] chipify.plot: Waveform equation 'out_d' skipped: name 'outp' is not defined
2026-09-17 13:21:12 [INFO    ] chipify.gui_qt.controllers.simulation: SimulationController.start: corners_ngspice.yaml
2026-09-17 13:21:12 [INFO    ] chipify.gui_qt.sim_worker: SimWorker.run on thread Dummy-1
2026-09-17 13:21:12 [INFO    ] chipify.simulator: run_sim() started. Testbenches: 2
2026-09-17 13:21:12 [INFO    ] chipify.simulator: Phase 1/3: generating parameter cases...
2026-09-17 13:21:12 [INFO    ] chipify.simulator: Total cases: 30
2026-09-17 13:21:12 [INFO    ] chipify.simulator: Simulator engine(s) in use: ngspice
2026-09-17 13:21:12 [INFO    ] chipify.simulator: Phase 2/3: generating Xschem templates...
2026-09-17 13:21:12 [INFO    ] chipify.engines.xschem: run_xschem: /foss/designs/heichip/isource_beta/testbenches/xschem/tb_isource_beta_op.sch (mode=spice)
2026-09-17 13:21:12 [INFO    ] chipify.engines.xschem: Xschem env: HOME=/headless XSCHEM_SHAREDIR=None PATH=/headless/.local/bin:/foss/tools/bin:/foss/tools/sak:/usr/local/sbin:/usr/local/bin:/usr/sbin:/usr/bin:/sbin:/bin:/foss/tools/kactus2:/foss/tools/klayout:/foss/tools/osic-multitool cwd=/foss/designs/heichip/isource_beta/chipify
2026-09-17 13:21:12 [INFO    ] chipify.engines.xschem: Xschem PID=22714 cmd=xschem -n --spice -q -x -o /tmp/chipify_f828d4bc08 /foss/designs/heichip/isource_beta/testbenches/xschem/tb_isource_beta_op.sch
2026-09-17 13:21:12 [INFO    ] chipify.engines.xschem: xschem post-run scan: recent_files=['../../../../../tmp/chipify_f828d4bc08/tb_isource_beta_op.xschem.log', '../../../../../tmp/chipify_f828d4bc08/tb_isource_beta_op.spice'] netlist_files=['../../../../../tmp/chipify_f828d4bc08/tb_isource_beta_op.spice'] chosen=../../../../../tmp/chipify_f828d4bc08/tb_isource_beta_op.spice
2026-09-17 13:21:12 [INFO    ] chipify.engines.xschem: Xschem netlist generated OK (spice).
2026-09-17 13:21:12 [INFO    ] chipify.engines.xschem: run_xschem: /foss/designs/heichip/isource_beta/testbenches/xschem/tb_isource_beta_tran.sch (mode=spice)
2026-09-17 13:21:12 [INFO    ] chipify.engines.xschem: Xschem env: HOME=/headless XSCHEM_SHAREDIR=None PATH=/headless/.local/bin:/foss/tools/bin:/foss/tools/sak:/usr/local/sbin:/usr/local/bin:/usr/sbin:/usr/bin:/sbin:/bin:/foss/tools/kactus2:/foss/tools/klayout:/foss/tools/osic-multitool cwd=/foss/designs/heichip/isource_beta/chipify
2026-09-17 13:21:12 [INFO    ] chipify.engines.xschem: Xschem PID=22724 cmd=xschem -n --spice -q -x -o /tmp/chipify_f828d4bc08 /foss/designs/heichip/isource_beta/testbenches/xschem/tb_isource_beta_tran.sch
2026-09-17 13:21:13 [INFO    ] chipify.engines.xschem: xschem post-run scan: recent_files=['../../../../../tmp/chipify_f828d4bc08/tb_isource_beta_tran.spice', '../../../../../tmp/chipify_f828d4bc08/tb_isource_beta_op.spice', '../../../../../tmp/chipify_f828d4bc08/tb_isource_beta_tran.xschem.log'] netlist_files=['../../../../../tmp/chipify_f828d4bc08/tb_isource_beta_tran.spice', '../../../../../tmp/chipify_f828d4bc08/tb_isource_beta_op.spice'] chosen=../../../../../tmp/chipify_f828d4bc08/tb_isource_beta_tran.spice
2026-09-17 13:21:13 [INFO    ] chipify.engines.xschem: Xschem netlist generated OK (spice).
2026-09-17 13:21:13 [INFO    ] chipify.simulator: Phase 3/3: staging files to RAM disk...
2026-09-17 13:21:13 [INFO    ] chipify.engines.staging: Staging library files to RAM disk: /tmp/chipify_f828d4bc08
2026-09-17 13:21:13 [DEBUG   ] chipify.engines.staging: No tb/xschemrc to stage (looked at /foss/designs/heichip/isource_beta/chipify/../testbenches/xschem/xschemrc)
2026-09-17 13:21:13 [INFO    ] chipify.simulator: transient store: /foss/designs/heichip/isource_beta/chipify/out/analysis_data/transient/20260917_132113
2026-09-17 13:21:13 [INFO    ] chipify.simulator: Spawning pool: 11 workers, 30 tasks.
2026-09-17 13:21:13 [DEBUG   ] chipify.simulator: Pool created (forkserver, 11 workers).
2026-09-17 13:21:13 [DEBUG   ] chipify.simulator: 30 batch tasks submitted (chunk_size=1).
2026-09-17 13:21:23 [INFO    ] chipify.simulator: Pool finished cleanly. 30 results collected.
2026-09-17 13:21:23 [INFO    ] chipify.simulator: run_sim() exited.
2026-09-17 13:21:23 [INFO    ] chipify.gui_qt.sim_worker: run_sim returned 30 rows. Saving results…
2026-09-17 13:21:23 [INFO    ] chipify.run_meta: Wrote run metadata: /foss/designs/heichip/isource_beta/chipify/out/history/run_20260917_132123.meta.json
2026-09-17 13:21:23 [INFO    ] chipify.run_meta: Wrote run metadata: /foss/designs/heichip/isource_beta/chipify/out/simulation_results.meta.json
2026-09-17 13:21:23 [DEBUG   ] chipify.expression: evaluate_dataframe_column 'iout': 'out/res' → 'out/res'
2026-09-17 13:21:23 [WARNING ] chipify.uikit.services.equations: Scalar equation 'iout' failed: name 'res' is not defined
2026-09-17 13:21:23 [DEBUG   ] chipify.expression: evaluate_dataframe_column 'out_d': 'outp-outn' → 'outp-outn'
2026-09-17 13:21:23 [DEBUG   ] chipify.plot: Waveform equation 'out_d' skipped: name 'outp' is not defined
2026-09-17 13:21:23 [DEBUG   ] chipify.expression: evaluate_dataframe_column 'out_d': 'outp-outn' → 'outp-outn'
2026-09-17 13:21:23 [DEBUG   ] chipify.plot: Waveform equation 'out_d' skipped: name 'outp' is not defined
2026-09-17 13:21:23 [DEBUG   ] chipify.expression: evaluate_dataframe_column 'out_d': 'outp-outn' → 'outp-outn'
2026-09-17 13:21:23 [DEBUG   ] chipify.plot: Waveform equation 'out_d' skipped: name 'outp' is not defined
2026-09-17 13:21:23 [DEBUG   ] chipify.expression: evaluate_dataframe_column 'out_d': 'outp-outn' → 'outp-outn'
2026-09-17 13:21:23 [DEBUG   ] chipify.plot: Waveform equation 'out_d' skipped: name 'outp' is not defined
2026-09-17 13:21:23 [DEBUG   ] chipify.expression: evaluate_dataframe_column 'out_d': 'outp-outn' → 'outp-outn'
2026-09-17 13:21:23 [DEBUG   ] chipify.plot: Waveform equation 'out_d' skipped: name 'outp' is not defined
2026-09-17 13:21:23 [DEBUG   ] chipify.expression: evaluate_dataframe_column 'out_d': 'outp-outn' → 'outp-outn'
2026-09-17 13:21:23 [DEBUG   ] chipify.plot: Waveform equation 'out_d' skipped: name 'outp' is not defined
2026-09-17 13:21:23 [DEBUG   ] chipify.expression: evaluate_dataframe_column 'out_d': 'outp-outn' → 'outp-outn'
2026-09-17 13:21:23 [DEBUG   ] chipify.plot: Waveform equation 'out_d' skipped: name 'outp' is not defined
2026-09-17 13:21:23 [DEBUG   ] chipify.expression: evaluate_dataframe_column 'out_d': 'outp-outn' → 'outp-outn'
2026-09-17 13:21:23 [DEBUG   ] chipify.plot: Waveform equation 'out_d' skipped: name 'outp' is not defined
2026-09-17 13:21:23 [DEBUG   ] chipify.expression: evaluate_dataframe_column 'out_d': 'outp-outn' → 'outp-outn'
2026-09-17 13:21:23 [DEBUG   ] chipify.plot: Waveform equation 'out_d' skipped: name 'outp' is not defined
2026-09-17 13:21:23 [DEBUG   ] chipify.expression: evaluate_dataframe_column 'out_d': 'outp-outn' → 'outp-outn'
2026-09-17 13:21:23 [DEBUG   ] chipify.plot: Waveform equation 'out_d' skipped: name 'outp' is not defined
2026-09-17 13:21:23 [DEBUG   ] chipify.expression: evaluate_dataframe_column 'out_d': 'outp-outn' → 'outp-outn'
2026-09-17 13:21:23 [DEBUG   ] chipify.plot: Waveform equation 'out_d' skipped: name 'outp' is not defined
2026-09-17 13:21:23 [DEBUG   ] chipify.expression: evaluate_dataframe_column 'out_d': 'outp-outn' → 'outp-outn'
2026-09-17 13:21:23 [DEBUG   ] chipify.plot: Waveform equation 'out_d' skipped: name 'outp' is not defined
2026-09-17 13:21:24 [DEBUG   ] chipify.expression: evaluate_dataframe_column 'out_d': 'outp-outn' → 'outp-outn'
2026-09-17 13:21:24 [DEBUG   ] chipify.plot: Waveform equation 'out_d' skipped: name 'outp' is not defined
2026-09-17 13:21:24 [DEBUG   ] chipify.expression: evaluate_dataframe_column 'out_d': 'outp-outn' → 'outp-outn'
2026-09-17 13:21:24 [DEBUG   ] chipify.plot: Waveform equation 'out_d' skipped: name 'outp' is not defined
2026-09-17 13:21:24 [DEBUG   ] chipify.expression: evaluate_dataframe_column 'out_d': 'outp-outn' → 'outp-outn'
2026-09-17 13:21:24 [DEBUG   ] chipify.plot: Waveform equation 'out_d' skipped: name 'outp' is not defined
2026-09-17 13:21:24 [DEBUG   ] chipify.expression: evaluate_dataframe_column 'out_d': 'outp-outn' → 'outp-outn'
2026-09-17 13:21:24 [DEBUG   ] chipify.plot: Waveform equation 'out_d' skipped: name 'outp' is not defined
2026-09-17 13:21:24 [DEBUG   ] chipify.expression: evaluate_dataframe_column 'out_d': 'outp-outn' → 'outp-outn'
2026-09-17 13:21:24 [DEBUG   ] chipify.plot: Waveform equation 'out_d' skipped: name 'outp' is not defined
2026-09-17 13:21:24 [DEBUG   ] chipify.expression: evaluate_dataframe_column 'out_d': 'outp-outn' → 'outp-outn'
2026-09-17 13:21:24 [DEBUG   ] chipify.plot: Waveform equation 'out_d' skipped: name 'outp' is not defined
2026-09-17 13:21:24 [DEBUG   ] chipify.expression: evaluate_dataframe_column 'out_d': 'outp-outn' → 'outp-outn'
2026-09-17 13:21:24 [DEBUG   ] chipify.plot: Waveform equation 'out_d' skipped: name 'outp' is not defined
2026-09-17 13:21:24 [DEBUG   ] chipify.expression: evaluate_dataframe_column 'out_d': 'outp-outn' → 'outp-outn'
2026-09-17 13:21:24 [DEBUG   ] chipify.plot: Waveform equation 'out_d' skipped: name 'outp' is not defined
2026-09-17 13:21:24 [DEBUG   ] chipify.expression: evaluate_dataframe_column 'out_d': 'outp-outn' → 'outp-outn'
2026-09-17 13:21:24 [DEBUG   ] chipify.plot: Waveform equation 'out_d' skipped: name 'outp' is not defined
2026-09-17 13:21:24 [DEBUG   ] chipify.expression: evaluate_dataframe_column 'out_d': 'outp-outn' → 'outp-outn'
2026-09-17 13:21:24 [DEBUG   ] chipify.plot: Waveform equation 'out_d' skipped: name 'outp' is not defined
2026-09-17 13:21:24 [DEBUG   ] chipify.expression: evaluate_dataframe_column 'out_d': 'outp-outn' → 'outp-outn'
2026-09-17 13:21:24 [DEBUG   ] chipify.plot: Waveform equation 'out_d' skipped: name 'outp' is not defined
2026-09-17 13:21:24 [DEBUG   ] chipify.expression: evaluate_dataframe_column 'out_d': 'outp-outn' → 'outp-outn'
2026-09-17 13:21:24 [DEBUG   ] chipify.plot: Waveform equation 'out_d' skipped: name 'outp' is not defined
2026-09-17 13:21:24 [DEBUG   ] chipify.expression: evaluate_dataframe_column 'out_d': 'outp-outn' → 'outp-outn'
2026-09-17 13:21:24 [DEBUG   ] chipify.plot: Waveform equation 'out_d' skipped: name 'outp' is not defined
2026-09-17 13:21:24 [DEBUG   ] chipify.expression: evaluate_dataframe_column 'out_d': 'outp-outn' → 'outp-outn'
2026-09-17 13:21:24 [DEBUG   ] chipify.plot: Waveform equation 'out_d' skipped: name 'outp' is not defined
2026-09-17 13:21:24 [DEBUG   ] chipify.expression: evaluate_dataframe_column 'out_d': 'outp-outn' → 'outp-outn'
2026-09-17 13:21:24 [DEBUG   ] chipify.plot: Waveform equation 'out_d' skipped: name 'outp' is not defined
2026-09-17 13:21:24 [DEBUG   ] chipify.expression: evaluate_dataframe_column 'out_d': 'outp-outn' → 'outp-outn'
2026-09-17 13:21:24 [DEBUG   ] chipify.plot: Waveform equation 'out_d' skipped: name 'outp' is not defined
2026-09-17 13:21:24 [DEBUG   ] chipify.expression: evaluate_dataframe_column 'out_d': 'outp-outn' → 'outp-outn'
2026-09-17 13:21:24 [DEBUG   ] chipify.plot: Waveform equation 'out_d' skipped: name 'outp' is not defined
2026-09-17 13:21:24 [DEBUG   ] chipify.expression: evaluate_dataframe_column 'out_d': 'outp-outn' → 'outp-outn'
2026-09-17 13:21:24 [DEBUG   ] chipify.plot: Waveform equation 'out_d' skipped: name 'outp' is not defined
2026-09-17 13:25:34 [INFO    ] chipify.gui_qt.controllers.simulation: SimulationController.start: corners_ngspice.yaml
2026-09-17 13:25:34 [INFO    ] chipify.gui_qt.sim_worker: SimWorker.run on thread Dummy-5
2026-09-17 13:25:34 [INFO    ] chipify.simulator: run_sim() started. Testbenches: 2
2026-09-17 13:25:34 [INFO    ] chipify.simulator: Phase 1/3: generating parameter cases...
2026-09-17 13:25:34 [INFO    ] chipify.simulator: Total cases: 30
2026-09-17 13:25:34 [INFO    ] chipify.simulator: Simulator engine(s) in use: ngspice
2026-09-17 13:25:34 [INFO    ] chipify.simulator: Phase 2/3: generating Xschem templates...
2026-09-17 13:25:34 [INFO    ] chipify.engines.xschem: run_xschem: /foss/designs/heichip/isource_beta/testbenches/xschem/tb_isource_beta_op.sch (mode=spice)
2026-09-17 13:25:34 [INFO    ] chipify.engines.xschem: Xschem env: HOME=/headless XSCHEM_SHAREDIR=None PATH=/headless/.local/bin:/foss/tools/bin:/foss/tools/sak:/usr/local/sbin:/usr/local/bin:/usr/sbin:/usr/bin:/sbin:/bin:/foss/tools/kactus2:/foss/tools/klayout:/foss/tools/osic-multitool cwd=/foss/designs/heichip/isource_beta/chipify
2026-09-17 13:25:34 [INFO    ] chipify.engines.xschem: Xschem PID=22969 cmd=xschem -n --spice -q -x -o /tmp/chipify_f828d4bc08 /foss/designs/heichip/isource_beta/testbenches/xschem/tb_isource_beta_op.sch
2026-09-17 13:25:35 [INFO    ] chipify.engines.xschem: xschem post-run scan: recent_files=['../../../../../tmp/chipify_f828d4bc08/tb_isource_beta_op.xschem.log', '../../../../../tmp/chipify_f828d4bc08/tb_isource_beta_op.spice'] netlist_files=['../../../../../tmp/chipify_f828d4bc08/tb_isource_beta_op.spice'] chosen=../../../../../tmp/chipify_f828d4bc08/tb_isource_beta_op.spice
2026-09-17 13:25:35 [INFO    ] chipify.engines.xschem: Xschem netlist generated OK (spice).
2026-09-17 13:25:35 [INFO    ] chipify.engines.xschem: run_xschem: /foss/designs/heichip/isource_beta/testbenches/xschem/tb_isource_beta_tran.sch (mode=spice)
2026-09-17 13:25:35 [INFO    ] chipify.engines.xschem: Xschem env: HOME=/headless XSCHEM_SHAREDIR=None PATH=/headless/.local/bin:/foss/tools/bin:/foss/tools/sak:/usr/local/sbin:/usr/local/bin:/usr/sbin:/usr/bin:/sbin:/bin:/foss/tools/kactus2:/foss/tools/klayout:/foss/tools/osic-multitool cwd=/foss/designs/heichip/isource_beta/chipify
2026-09-17 13:25:35 [INFO    ] chipify.engines.xschem: Xschem PID=22979 cmd=xschem -n --spice -q -x -o /tmp/chipify_f828d4bc08 /foss/designs/heichip/isource_beta/testbenches/xschem/tb_isource_beta_tran.sch
2026-09-17 13:25:35 [INFO    ] chipify.engines.xschem: xschem post-run scan: recent_files=['../../../../../tmp/chipify_f828d4bc08/tb_isource_beta_tran.spice', '../../../../../tmp/chipify_f828d4bc08/tb_isource_beta_op.spice', '../../../../../tmp/chipify_f828d4bc08/tb_isource_beta_tran.xschem.log'] netlist_files=['../../../../../tmp/chipify_f828d4bc08/tb_isource_beta_tran.spice', '../../../../../tmp/chipify_f828d4bc08/tb_isource_beta_op.spice'] chosen=../../../../../tmp/chipify_f828d4bc08/tb_isource_beta_tran.spice
2026-09-17 13:25:35 [INFO    ] chipify.engines.xschem: Xschem netlist generated OK (spice).
2026-09-17 13:25:35 [INFO    ] chipify.simulator: Phase 3/3: staging files to RAM disk...
2026-09-17 13:25:35 [INFO    ] chipify.engines.staging: Staging library files to RAM disk: /tmp/chipify_f828d4bc08
2026-09-17 13:25:35 [DEBUG   ] chipify.engines.staging: No tb/xschemrc to stage (looked at /foss/designs/heichip/isource_beta/chipify/../testbenches/xschem/xschemrc)
2026-09-17 13:25:35 [INFO    ] chipify.simulator: transient store: /foss/designs/heichip/isource_beta/chipify/out/analysis_data/transient/20260917_132535
2026-09-17 13:25:35 [INFO    ] chipify.simulator: Spawning pool: 11 workers, 30 tasks.
2026-09-17 13:25:35 [DEBUG   ] chipify.simulator: Pool created (forkserver, 11 workers).
2026-09-17 13:25:35 [DEBUG   ] chipify.simulator: 30 batch tasks submitted (chunk_size=1).
2026-09-17 13:25:46 [INFO    ] chipify.simulator: Pool finished cleanly. 30 results collected.
2026-09-17 13:25:46 [INFO    ] chipify.simulator: run_sim() exited.
2026-09-17 13:25:46 [INFO    ] chipify.gui_qt.sim_worker: run_sim returned 30 rows. Saving results…
2026-09-17 13:25:46 [INFO    ] chipify.run_meta: Wrote run metadata: /foss/designs/heichip/isource_beta/chipify/out/history/run_20260917_132546.meta.json
2026-09-17 13:25:46 [INFO    ] chipify.run_meta: Wrote run metadata: /foss/designs/heichip/isource_beta/chipify/out/simulation_results.meta.json
2026-09-17 13:25:46 [DEBUG   ] chipify.expression: evaluate_dataframe_column 'iout': 'out/res' → 'out/res'
2026-09-17 13:25:46 [WARNING ] chipify.uikit.services.equations: Scalar equation 'iout' failed: name 'res' is not defined
2026-09-17 13:25:46 [DEBUG   ] chipify.expression: evaluate_dataframe_column 'out_d': 'outp-outn' → 'outp-outn'
2026-09-17 13:25:46 [DEBUG   ] chipify.plot: Waveform equation 'out_d' skipped: name 'outp' is not defined
2026-09-17 13:25:46 [DEBUG   ] chipify.expression: evaluate_dataframe_column 'out_d': 'outp-outn' → 'outp-outn'
2026-09-17 13:25:46 [DEBUG   ] chipify.plot: Waveform equation 'out_d' skipped: name 'outp' is not defined
2026-09-17 13:25:46 [DEBUG   ] chipify.expression: evaluate_dataframe_column 'out_d': 'outp-outn' → 'outp-outn'
2026-09-17 13:25:46 [DEBUG   ] chipify.plot: Waveform equation 'out_d' skipped: name 'outp' is not defined
2026-09-17 13:25:47 [DEBUG   ] chipify.expression: evaluate_dataframe_column 'out_d': 'outp-outn' → 'outp-outn'
2026-09-17 13:25:47 [DEBUG   ] chipify.plot: Waveform equation 'out_d' skipped: name 'outp' is not defined
2026-09-17 13:25:47 [DEBUG   ] chipify.expression: evaluate_dataframe_column 'out_d': 'outp-outn' → 'outp-outn'
2026-09-17 13:25:47 [DEBUG   ] chipify.plot: Waveform equation 'out_d' skipped: name 'outp' is not defined
2026-09-17 13:25:47 [DEBUG   ] chipify.expression: evaluate_dataframe_column 'out_d': 'outp-outn' → 'outp-outn'
2026-09-17 13:25:47 [DEBUG   ] chipify.plot: Waveform equation 'out_d' skipped: name 'outp' is not defined
2026-09-17 13:25:47 [DEBUG   ] chipify.expression: evaluate_dataframe_column 'out_d': 'outp-outn' → 'outp-outn'
2026-09-17 13:25:47 [DEBUG   ] chipify.plot: Waveform equation 'out_d' skipped: name 'outp' is not defined
2026-09-17 13:25:47 [DEBUG   ] chipify.expression: evaluate_dataframe_column 'out_d': 'outp-outn' → 'outp-outn'
2026-09-17 13:25:47 [DEBUG   ] chipify.plot: Waveform equation 'out_d' skipped: name 'outp' is not defined
2026-09-17 13:25:47 [DEBUG   ] chipify.expression: evaluate_dataframe_column 'out_d': 'outp-outn' → 'outp-outn'
2026-09-17 13:25:47 [DEBUG   ] chipify.plot: Waveform equation 'out_d' skipped: name 'outp' is not defined
2026-09-17 13:25:47 [DEBUG   ] chipify.expression: evaluate_dataframe_column 'out_d': 'outp-outn' → 'outp-outn'
2026-09-17 13:25:47 [DEBUG   ] chipify.plot: Waveform equation 'out_d' skipped: name 'outp' is not defined
2026-09-17 13:25:47 [DEBUG   ] chipify.expression: evaluate_dataframe_column 'out_d': 'outp-outn' → 'outp-outn'
2026-09-17 13:25:47 [DEBUG   ] chipify.plot: Waveform equation 'out_d' skipped: name 'outp' is not defined
2026-09-17 13:25:47 [DEBUG   ] chipify.expression: evaluate_dataframe_column 'out_d': 'outp-outn' → 'outp-outn'
2026-09-17 13:25:47 [DEBUG   ] chipify.plot: Waveform equation 'out_d' skipped: name 'outp' is not defined
2026-09-17 13:25:47 [DEBUG   ] chipify.expression: evaluate_dataframe_column 'out_d': 'outp-outn' → 'outp-outn'
2026-09-17 13:25:47 [DEBUG   ] chipify.plot: Waveform equation 'out_d' skipped: name 'outp' is not defined
2026-09-17 13:25:47 [DEBUG   ] chipify.expression: evaluate_dataframe_column 'out_d': 'outp-outn' → 'outp-outn'
2026-09-17 13:25:47 [DEBUG   ] chipify.plot: Waveform equation 'out_d' skipped: name 'outp' is not defined
2026-09-17 13:25:47 [DEBUG   ] chipify.expression: evaluate_dataframe_column 'out_d': 'outp-outn' → 'outp-outn'
2026-09-17 13:25:47 [DEBUG   ] chipify.plot: Waveform equation 'out_d' skipped: name 'outp' is not defined
2026-09-17 13:25:47 [DEBUG   ] chipify.expression: evaluate_dataframe_column 'out_d': 'outp-outn' → 'outp-outn'
2026-09-17 13:25:47 [DEBUG   ] chipify.plot: Waveform equation 'out_d' skipped: name 'outp' is not defined
2026-09-17 13:25:47 [DEBUG   ] chipify.expression: evaluate_dataframe_column 'out_d': 'outp-outn' → 'outp-outn'
2026-09-17 13:25:47 [DEBUG   ] chipify.plot: Waveform equation 'out_d' skipped: name 'outp' is not defined
2026-09-17 13:25:47 [DEBUG   ] chipify.expression: evaluate_dataframe_column 'out_d': 'outp-outn' → 'outp-outn'
2026-09-17 13:25:47 [DEBUG   ] chipify.plot: Waveform equation 'out_d' skipped: name 'outp' is not defined
2026-09-17 13:25:47 [DEBUG   ] chipify.expression: evaluate_dataframe_column 'out_d': 'outp-outn' → 'outp-outn'
2026-09-17 13:25:47 [DEBUG   ] chipify.plot: Waveform equation 'out_d' skipped: name 'outp' is not defined
2026-09-17 13:25:47 [DEBUG   ] chipify.expression: evaluate_dataframe_column 'out_d': 'outp-outn' → 'outp-outn'
2026-09-17 13:25:47 [DEBUG   ] chipify.plot: Waveform equation 'out_d' skipped: name 'outp' is not defined
2026-09-17 13:25:47 [DEBUG   ] chipify.expression: evaluate_dataframe_column 'out_d': 'outp-outn' → 'outp-outn'
2026-09-17 13:25:47 [DEBUG   ] chipify.plot: Waveform equation 'out_d' skipped: name 'outp' is not defined
2026-09-17 13:25:47 [DEBUG   ] chipify.expression: evaluate_dataframe_column 'out_d': 'outp-outn' → 'outp-outn'
2026-09-17 13:25:47 [DEBUG   ] chipify.plot: Waveform equation 'out_d' skipped: name 'outp' is not defined
2026-09-17 13:25:47 [DEBUG   ] chipify.expression: evaluate_dataframe_column 'out_d': 'outp-outn' → 'outp-outn'
2026-09-17 13:25:47 [DEBUG   ] chipify.plot: Waveform equation 'out_d' skipped: name 'outp' is not defined
2026-09-17 13:25:47 [DEBUG   ] chipify.expression: evaluate_dataframe_column 'out_d': 'outp-outn' → 'outp-outn'
2026-09-17 13:25:47 [DEBUG   ] chipify.plot: Waveform equation 'out_d' skipped: name 'outp' is not defined
2026-09-17 13:25:47 [DEBUG   ] chipify.expression: evaluate_dataframe_column 'out_d': 'outp-outn' → 'outp-outn'
2026-09-17 13:25:47 [DEBUG   ] chipify.plot: Waveform equation 'out_d' skipped: name 'outp' is not defined
2026-09-17 13:25:47 [DEBUG   ] chipify.expression: evaluate_dataframe_column 'out_d': 'outp-outn' → 'outp-outn'
2026-09-17 13:25:47 [DEBUG   ] chipify.plot: Waveform equation 'out_d' skipped: name 'outp' is not defined
2026-09-17 13:25:47 [DEBUG   ] chipify.expression: evaluate_dataframe_column 'out_d': 'outp-outn' → 'outp-outn'
2026-09-17 13:25:47 [DEBUG   ] chipify.plot: Waveform equation 'out_d' skipped: name 'outp' is not defined
2026-09-17 13:25:47 [DEBUG   ] chipify.expression: evaluate_dataframe_column 'out_d': 'outp-outn' → 'outp-outn'
2026-09-17 13:25:47 [DEBUG   ] chipify.plot: Waveform equation 'out_d' skipped: name 'outp' is not defined
2026-09-17 13:25:47 [DEBUG   ] chipify.expression: evaluate_dataframe_column 'out_d': 'outp-outn' → 'outp-outn'
2026-09-17 13:25:47 [DEBUG   ] chipify.plot: Waveform equation 'out_d' skipped: name 'outp' is not defined
2026-09-17 13:25:47 [DEBUG   ] chipify.expression: evaluate_dataframe_column 'out_d': 'outp-outn' → 'outp-outn'
2026-09-17 13:25:47 [DEBUG   ] chipify.plot: Waveform equation 'out_d' skipped: name 'outp' is not defined
2026-09-17 13:27:57 [INFO    ] chipify: ============================================================
2026-09-17 13:27:57 [INFO    ] chipify: Chipify 0.2.3  →  /usr/local/lib/python3.12/dist-packages/chipify
2026-09-17 13:27:57 [INFO    ] chipify: Logging initialised  →  /foss/designs/heichip/isource_beta/chipify/out/chipify.log
2026-09-17 13:27:57 [INFO    ] chipify: ============================================================
2026-09-17 13:27:57 [INFO    ] chipify.gui_qt: Wayland session detected; preferring XWayland (xcb) with a native-Wayland fallback.
2026-09-17 13:27:58 [INFO    ] chipify.gui_qt: Starting Chipify Qt GUI (theme=night, PySide6).
2026-09-17 13:27:58 [INFO    ] chipify.gui_qt.main_window: Initial window size 1300x912 (screen work area 1440x960).
2026-09-17 13:27:58 [DEBUG   ] chipify.gui_qt.main_window: MainWindow constructed (theme=night).
2026-09-17 13:27:58 [DEBUG   ] chipify.expression: evaluate_dataframe_column 'iout': 'out/res' → 'out/res'
2026-09-17 13:27:58 [WARNING ] chipify.uikit.services.equations: Scalar equation 'iout' failed: name 'res' is not defined
2026-09-17 13:28:00 [DEBUG   ] chipify.expression: evaluate_dataframe_column 'out_d': 'outp-outn' → 'outp-outn'
2026-09-17 13:28:00 [DEBUG   ] chipify.plot: Waveform equation 'out_d' skipped: name 'outp' is not defined
2026-09-17 13:28:00 [DEBUG   ] chipify.expression: evaluate_dataframe_column 'out_d': 'outp-outn' → 'outp-outn'
2026-09-17 13:28:00 [DEBUG   ] chipify.plot: Waveform equation 'out_d' skipped: name 'outp' is not defined
2026-09-17 13:28:00 [DEBUG   ] chipify.expression: evaluate_dataframe_column 'out_d': 'outp-outn' → 'outp-outn'
2026-09-17 13:28:00 [DEBUG   ] chipify.plot: Waveform equation 'out_d' skipped: name 'outp' is not defined
2026-09-17 13:28:00 [DEBUG   ] chipify.expression: evaluate_dataframe_column 'out_d': 'outp-outn' → 'outp-outn'
2026-09-17 13:28:00 [DEBUG   ] chipify.plot: Waveform equation 'out_d' skipped: name 'outp' is not defined
2026-09-17 13:28:00 [DEBUG   ] chipify.expression: evaluate_dataframe_column 'out_d': 'outp-outn' → 'outp-outn'
2026-09-17 13:28:00 [DEBUG   ] chipify.plot: Waveform equation 'out_d' skipped: name 'outp' is not defined
2026-09-17 13:28:00 [DEBUG   ] chipify.expression: evaluate_dataframe_column 'out_d': 'outp-outn' → 'outp-outn'
2026-09-17 13:28:00 [DEBUG   ] chipify.plot: Waveform equation 'out_d' skipped: name 'outp' is not defined
2026-09-17 13:28:00 [DEBUG   ] chipify.expression: evaluate_dataframe_column 'out_d': 'outp-outn' → 'outp-outn'
2026-09-17 13:28:00 [DEBUG   ] chipify.plot: Waveform equation 'out_d' skipped: name 'outp' is not defined
2026-09-17 13:28:00 [DEBUG   ] chipify.expression: evaluate_dataframe_column 'out_d': 'outp-outn' → 'outp-outn'
2026-09-17 13:28:00 [DEBUG   ] chipify.plot: Waveform equation 'out_d' skipped: name 'outp' is not defined
2026-09-17 13:28:00 [DEBUG   ] chipify.expression: evaluate_dataframe_column 'out_d': 'outp-outn' → 'outp-outn'
2026-09-17 13:28:00 [DEBUG   ] chipify.plot: Waveform equation 'out_d' skipped: name 'outp' is not defined
2026-09-17 13:28:00 [DEBUG   ] chipify.expression: evaluate_dataframe_column 'out_d': 'outp-outn' → 'outp-outn'
2026-09-17 13:28:00 [DEBUG   ] chipify.plot: Waveform equation 'out_d' skipped: name 'outp' is not defined
2026-09-17 13:28:00 [DEBUG   ] chipify.expression: evaluate_dataframe_column 'out_d': 'outp-outn' → 'outp-outn'
2026-09-17 13:28:00 [DEBUG   ] chipify.plot: Waveform equation 'out_d' skipped: name 'outp' is not defined
2026-09-17 13:28:00 [DEBUG   ] chipify.expression: evaluate_dataframe_column 'out_d': 'outp-outn' → 'outp-outn'
2026-09-17 13:28:00 [DEBUG   ] chipify.plot: Waveform equation 'out_d' skipped: name 'outp' is not defined
2026-09-17 13:28:00 [DEBUG   ] chipify.expression: evaluate_dataframe_column 'out_d': 'outp-outn' → 'outp-outn'
2026-09-17 13:28:00 [DEBUG   ] chipify.plot: Waveform equation 'out_d' skipped: name 'outp' is not defined
2026-09-17 13:28:00 [DEBUG   ] chipify.expression: evaluate_dataframe_column 'out_d': 'outp-outn' → 'outp-outn'
2026-09-17 13:28:00 [DEBUG   ] chipify.plot: Waveform equation 'out_d' skipped: name 'outp' is not defined
2026-09-17 13:28:00 [DEBUG   ] chipify.expression: evaluate_dataframe_column 'out_d': 'outp-outn' → 'outp-outn'
2026-09-17 13:28:00 [DEBUG   ] chipify.plot: Waveform equation 'out_d' skipped: name 'outp' is not defined
2026-09-17 13:28:00 [DEBUG   ] chipify.expression: evaluate_dataframe_column 'out_d': 'outp-outn' → 'outp-outn'
2026-09-17 13:28:00 [DEBUG   ] chipify.plot: Waveform equation 'out_d' skipped: name 'outp' is not defined
2026-09-17 13:28:00 [DEBUG   ] chipify.expression: evaluate_dataframe_column 'out_d': 'outp-outn' → 'outp-outn'
2026-09-17 13:28:00 [DEBUG   ] chipify.plot: Waveform equation 'out_d' skipped: name 'outp' is not defined
2026-09-17 13:28:00 [DEBUG   ] chipify.expression: evaluate_dataframe_column 'out_d': 'outp-outn' → 'outp-outn'
2026-09-17 13:28:00 [DEBUG   ] chipify.plot: Waveform equation 'out_d' skipped: name 'outp' is not defined
2026-09-17 13:28:00 [DEBUG   ] chipify.expression: evaluate_dataframe_column 'out_d': 'outp-outn' → 'outp-outn'
2026-09-17 13:28:00 [DEBUG   ] chipify.plot: Waveform equation 'out_d' skipped: name 'outp' is not defined
2026-09-17 13:28:00 [DEBUG   ] chipify.expression: evaluate_dataframe_column 'out_d': 'outp-outn' → 'outp-outn'
2026-09-17 13:28:00 [DEBUG   ] chipify.plot: Waveform equation 'out_d' skipped: name 'outp' is not defined
2026-09-17 13:28:00 [DEBUG   ] chipify.expression: evaluate_dataframe_column 'out_d': 'outp-outn' → 'outp-outn'
2026-09-17 13:28:00 [DEBUG   ] chipify.plot: Waveform equation 'out_d' skipped: name 'outp' is not defined
2026-09-17 13:28:00 [DEBUG   ] chipify.expression: evaluate_dataframe_column 'out_d': 'outp-outn' → 'outp-outn'
2026-09-17 13:28:00 [DEBUG   ] chipify.plot: Waveform equation 'out_d' skipped: name 'outp' is not defined
2026-09-17 13:28:00 [DEBUG   ] chipify.expression: evaluate_dataframe_column 'out_d': 'outp-outn' → 'outp-outn'
2026-09-17 13:28:00 [DEBUG   ] chipify.plot: Waveform equation 'out_d' skipped: name 'outp' is not defined
2026-09-17 13:28:00 [DEBUG   ] chipify.expression: evaluate_dataframe_column 'out_d': 'outp-outn' → 'outp-outn'
2026-09-17 13:28:00 [DEBUG   ] chipify.plot: Waveform equation 'out_d' skipped: name 'outp' is not defined
2026-09-17 13:28:00 [DEBUG   ] chipify.expression: evaluate_dataframe_column 'out_d': 'outp-outn' → 'outp-outn'
2026-09-17 13:28:00 [DEBUG   ] chipify.plot: Waveform equation 'out_d' skipped: name 'outp' is not defined
2026-09-17 13:28:00 [DEBUG   ] chipify.expression: evaluate_dataframe_column 'out_d': 'outp-outn' → 'outp-outn'
2026-09-17 13:28:00 [DEBUG   ] chipify.plot: Waveform equation 'out_d' skipped: name 'outp' is not defined
2026-09-17 13:28:00 [DEBUG   ] chipify.expression: evaluate_dataframe_column 'out_d': 'outp-outn' → 'outp-outn'
2026-09-17 13:28:00 [DEBUG   ] chipify.plot: Waveform equation 'out_d' skipped: name 'outp' is not defined
2026-09-17 13:28:00 [DEBUG   ] chipify.expression: evaluate_dataframe_column 'out_d': 'outp-outn' → 'outp-outn'
2026-09-17 13:28:00 [DEBUG   ] chipify.plot: Waveform equation 'out_d' skipped: name 'outp' is not defined
2026-09-17 13:28:00 [DEBUG   ] chipify.expression: evaluate_dataframe_column 'out_d': 'outp-outn' → 'outp-outn'
2026-09-17 13:28:00 [DEBUG   ] chipify.plot: Waveform equation 'out_d' skipped: name 'outp' is not defined
2026-09-17 13:28:00 [DEBUG   ] chipify.expression: evaluate_dataframe_column 'out_d': 'outp-outn' → 'outp-outn'
2026-09-17 13:28:00 [DEBUG   ] chipify.plot: Waveform equation 'out_d' skipped: name 'outp' is not defined
2026-09-17 13:29:49 [INFO    ] chipify.gui_qt.controllers.simulation: SimulationController.start: corners_ngspice.yaml
2026-09-17 13:29:49 [INFO    ] chipify.gui_qt.sim_worker: SimWorker.run on thread Dummy-1
2026-09-17 13:29:49 [INFO    ] chipify.simulator: run_sim() started. Testbenches: 2
2026-09-17 13:29:49 [INFO    ] chipify.simulator: Phase 1/3: generating parameter cases...
2026-09-17 13:29:49 [INFO    ] chipify.simulator: Total cases: 30
2026-09-17 13:29:49 [INFO    ] chipify.simulator: Simulator engine(s) in use: ngspice
2026-09-17 13:29:49 [INFO    ] chipify.simulator: Phase 2/3: generating Xschem templates...
2026-09-17 13:29:49 [INFO    ] chipify.engines.xschem: run_xschem: /foss/designs/heichip/isource_beta/testbenches/xschem/tb_isource_beta_op.sch (mode=spice)
2026-09-17 13:29:49 [INFO    ] chipify.engines.xschem: Xschem env: HOME=/headless XSCHEM_SHAREDIR=None PATH=/headless/.local/bin:/foss/tools/bin:/foss/tools/sak:/usr/local/sbin:/usr/local/bin:/usr/sbin:/usr/bin:/sbin:/bin:/foss/tools/kactus2:/foss/tools/klayout:/foss/tools/osic-multitool cwd=/foss/designs/heichip/isource_beta/chipify
2026-09-17 13:29:49 [INFO    ] chipify.engines.xschem: Xschem PID=23269 cmd=xschem -n --spice -q -x -o /tmp/chipify_f828d4bc08 /foss/designs/heichip/isource_beta/testbenches/xschem/tb_isource_beta_op.sch
2026-09-17 13:29:50 [INFO    ] chipify.engines.xschem: xschem post-run scan: recent_files=['../../../../../tmp/chipify_f828d4bc08/tb_isource_beta_op.xschem.log', '../../../../../tmp/chipify_f828d4bc08/tb_isource_beta_op.spice'] netlist_files=['../../../../../tmp/chipify_f828d4bc08/tb_isource_beta_op.spice'] chosen=../../../../../tmp/chipify_f828d4bc08/tb_isource_beta_op.spice
2026-09-17 13:29:50 [INFO    ] chipify.engines.xschem: Xschem netlist generated OK (spice).
2026-09-17 13:29:50 [INFO    ] chipify.engines.xschem: run_xschem: /foss/designs/heichip/isource_beta/testbenches/xschem/tb_isource_beta_tran.sch (mode=spice)
2026-09-17 13:29:50 [INFO    ] chipify.engines.xschem: Xschem env: HOME=/headless XSCHEM_SHAREDIR=None PATH=/headless/.local/bin:/foss/tools/bin:/foss/tools/sak:/usr/local/sbin:/usr/local/bin:/usr/sbin:/usr/bin:/sbin:/bin:/foss/tools/kactus2:/foss/tools/klayout:/foss/tools/osic-multitool cwd=/foss/designs/heichip/isource_beta/chipify
2026-09-17 13:29:50 [INFO    ] chipify.engines.xschem: Xschem PID=23279 cmd=xschem -n --spice -q -x -o /tmp/chipify_f828d4bc08 /foss/designs/heichip/isource_beta/testbenches/xschem/tb_isource_beta_tran.sch
2026-09-17 13:29:50 [INFO    ] chipify.engines.xschem: xschem post-run scan: recent_files=['../../../../../tmp/chipify_f828d4bc08/tb_isource_beta_tran.spice', '../../../../../tmp/chipify_f828d4bc08/tb_isource_beta_op.spice', '../../../../../tmp/chipify_f828d4bc08/tb_isource_beta_tran.xschem.log'] netlist_files=['../../../../../tmp/chipify_f828d4bc08/tb_isource_beta_tran.spice', '../../../../../tmp/chipify_f828d4bc08/tb_isource_beta_op.spice'] chosen=../../../../../tmp/chipify_f828d4bc08/tb_isource_beta_tran.spice
2026-09-17 13:29:50 [INFO    ] chipify.engines.xschem: Xschem netlist generated OK (spice).
2026-09-17 13:29:50 [INFO    ] chipify.simulator: Phase 3/3: staging files to RAM disk...
2026-09-17 13:29:50 [INFO    ] chipify.engines.staging: Staging library files to RAM disk: /tmp/chipify_f828d4bc08
2026-09-17 13:29:50 [DEBUG   ] chipify.engines.staging: No tb/xschemrc to stage (looked at /foss/designs/heichip/isource_beta/chipify/../testbenches/xschem/xschemrc)
2026-09-17 13:29:50 [INFO    ] chipify.simulator: transient store: /foss/designs/heichip/isource_beta/chipify/out/analysis_data/transient/20260917_132950
2026-09-17 13:29:50 [INFO    ] chipify.simulator: Spawning pool: 11 workers, 30 tasks.
2026-09-17 13:29:50 [DEBUG   ] chipify.simulator: Pool created (forkserver, 11 workers).
2026-09-17 13:29:50 [DEBUG   ] chipify.simulator: 30 batch tasks submitted (chunk_size=1).
2026-09-17 13:29:52 [INFO    ] chipify.simulator: Pool finished cleanly. 30 results collected.
2026-09-17 13:29:52 [INFO    ] chipify.simulator: run_sim() exited.
2026-09-17 13:29:52 [INFO    ] chipify.gui_qt.sim_worker: run_sim returned 30 rows. Saving results…
2026-09-17 13:29:52 [INFO    ] chipify.run_meta: Wrote run metadata: /foss/designs/heichip/isource_beta/chipify/out/history/run_20260917_132952.meta.json
2026-09-17 13:29:52 [INFO    ] chipify.run_meta: Wrote run metadata: /foss/designs/heichip/isource_beta/chipify/out/simulation_results.meta.json
2026-09-17 13:29:52 [DEBUG   ] chipify.expression: evaluate_dataframe_column 'iout': 'out/res' → 'out/res'
2026-09-17 13:29:52 [WARNING ] chipify.uikit.services.equations: Scalar equation 'iout' failed: name 'res' is not defined
2026-09-17 13:32:51 [INFO    ] chipify.gui_qt.controllers.simulation: SimulationController.start: corners_ngspice.yaml
2026-09-17 13:32:51 [INFO    ] chipify.gui_qt.sim_worker: SimWorker.run on thread Dummy-1
2026-09-17 13:32:51 [INFO    ] chipify.simulator: run_sim() started. Testbenches: 2
2026-09-17 13:32:51 [INFO    ] chipify.simulator: Phase 1/3: generating parameter cases...
2026-09-17 13:32:51 [INFO    ] chipify.simulator: Total cases: 30
2026-09-17 13:32:51 [INFO    ] chipify.simulator: Simulator engine(s) in use: ngspice
2026-09-17 13:32:51 [INFO    ] chipify.simulator: Phase 2/3: generating Xschem templates...
2026-09-17 13:32:51 [INFO    ] chipify.engines.xschem: run_xschem: /foss/designs/heichip/isource_beta/testbenches/xschem/tb_isource_beta_op.sch (mode=spice)
2026-09-17 13:32:51 [INFO    ] chipify.engines.xschem: Xschem env: HOME=/headless XSCHEM_SHAREDIR=None PATH=/headless/.local/bin:/foss/tools/bin:/foss/tools/sak:/usr/local/sbin:/usr/local/bin:/usr/sbin:/usr/bin:/sbin:/bin:/foss/tools/kactus2:/foss/tools/klayout:/foss/tools/osic-multitool cwd=/foss/designs/heichip/isource_beta/chipify
2026-09-17 13:32:51 [INFO    ] chipify.engines.xschem: Xschem PID=23522 cmd=xschem -n --spice -q -x -o /tmp/chipify_f828d4bc08 /foss/designs/heichip/isource_beta/testbenches/xschem/tb_isource_beta_op.sch
2026-09-17 13:32:51 [INFO    ] chipify.engines.xschem: xschem post-run scan: recent_files=['../../../../../tmp/chipify_f828d4bc08/tb_isource_beta_op.xschem.log', '../../../../../tmp/chipify_f828d4bc08/tb_isource_beta_op.spice'] netlist_files=['../../../../../tmp/chipify_f828d4bc08/tb_isource_beta_op.spice'] chosen=../../../../../tmp/chipify_f828d4bc08/tb_isource_beta_op.spice
2026-09-17 13:32:51 [INFO    ] chipify.engines.xschem: Xschem netlist generated OK (spice).
2026-09-17 13:32:51 [INFO    ] chipify.engines.xschem: run_xschem: /foss/designs/heichip/isource_beta/testbenches/xschem/tb_isource_beta_tran.sch (mode=spice)
2026-09-17 13:32:51 [INFO    ] chipify.engines.xschem: Xschem env: HOME=/headless XSCHEM_SHAREDIR=None PATH=/headless/.local/bin:/foss/tools/bin:/foss/tools/sak:/usr/local/sbin:/usr/local/bin:/usr/sbin:/usr/bin:/sbin:/bin:/foss/tools/kactus2:/foss/tools/klayout:/foss/tools/osic-multitool cwd=/foss/designs/heichip/isource_beta/chipify
2026-09-17 13:32:51 [INFO    ] chipify.engines.xschem: Xschem PID=23532 cmd=xschem -n --spice -q -x -o /tmp/chipify_f828d4bc08 /foss/designs/heichip/isource_beta/testbenches/xschem/tb_isource_beta_tran.sch
2026-09-17 13:32:52 [INFO    ] chipify.engines.xschem: xschem post-run scan: recent_files=['../../../../../tmp/chipify_f828d4bc08/tb_isource_beta_tran.spice', '../../../../../tmp/chipify_f828d4bc08/tb_isource_beta_op.spice', '../../../../../tmp/chipify_f828d4bc08/tb_isource_beta_tran.xschem.log'] netlist_files=['../../../../../tmp/chipify_f828d4bc08/tb_isource_beta_tran.spice', '../../../../../tmp/chipify_f828d4bc08/tb_isource_beta_op.spice'] chosen=../../../../../tmp/chipify_f828d4bc08/tb_isource_beta_tran.spice
2026-09-17 13:32:52 [INFO    ] chipify.engines.xschem: Xschem netlist generated OK (spice).
2026-09-17 13:32:52 [INFO    ] chipify.simulator: Phase 3/3: staging files to RAM disk...
2026-09-17 13:32:52 [INFO    ] chipify.engines.staging: Staging library files to RAM disk: /tmp/chipify_f828d4bc08
2026-09-17 13:32:52 [DEBUG   ] chipify.engines.staging: No tb/xschemrc to stage (looked at /foss/designs/heichip/isource_beta/chipify/../testbenches/xschem/xschemrc)
2026-09-17 13:32:52 [INFO    ] chipify.simulator: transient store: /foss/designs/heichip/isource_beta/chipify/out/analysis_data/transient/20260917_133252
2026-09-17 13:32:52 [INFO    ] chipify.simulator: Spawning pool: 11 workers, 30 tasks.
2026-09-17 13:32:52 [DEBUG   ] chipify.simulator: Pool created (forkserver, 11 workers).
2026-09-17 13:32:52 [DEBUG   ] chipify.simulator: 30 batch tasks submitted (chunk_size=1).
2026-09-17 13:32:53 [INFO    ] chipify.simulator: Pool finished cleanly. 30 results collected.
2026-09-17 13:32:53 [INFO    ] chipify.simulator: run_sim() exited.
2026-09-17 13:32:53 [INFO    ] chipify.gui_qt.sim_worker: run_sim returned 30 rows. Saving results…
2026-09-17 13:32:54 [INFO    ] chipify.run_meta: Wrote run metadata: /foss/designs/heichip/isource_beta/chipify/out/history/run_20260917_133253.meta.json
2026-09-17 13:32:54 [INFO    ] chipify.run_meta: Wrote run metadata: /foss/designs/heichip/isource_beta/chipify/out/simulation_results.meta.json
2026-09-17 13:32:54 [DEBUG   ] chipify.expression: evaluate_dataframe_column 'iout': 'out/res' → 'out/res'
2026-09-17 13:32:54 [WARNING ] chipify.uikit.services.equations: Scalar equation 'iout' failed: name 'res' is not defined
2026-09-17 13:33:45 [INFO    ] chipify.gui_qt.controllers.simulation: SimulationController.start: corners_ngspice.yaml
2026-09-17 13:33:45 [INFO    ] chipify.gui_qt.sim_worker: SimWorker.run on thread Dummy-1
2026-09-17 13:33:45 [INFO    ] chipify.simulator: run_sim() started. Testbenches: 2
2026-09-17 13:33:45 [INFO    ] chipify.simulator: Phase 1/3: generating parameter cases...
2026-09-17 13:33:45 [INFO    ] chipify.simulator: Total cases: 30
2026-09-17 13:33:45 [INFO    ] chipify.simulator: Simulator engine(s) in use: ngspice
2026-09-17 13:33:45 [INFO    ] chipify.simulator: Phase 2/3: generating Xschem templates...
2026-09-17 13:33:45 [INFO    ] chipify.engines.xschem: run_xschem: /foss/designs/heichip/isource_beta/testbenches/xschem/tb_isource_beta_op.sch (mode=spice)
2026-09-17 13:33:45 [INFO    ] chipify.engines.xschem: Xschem env: HOME=/headless XSCHEM_SHAREDIR=None PATH=/headless/.local/bin:/foss/tools/bin:/foss/tools/sak:/usr/local/sbin:/usr/local/bin:/usr/sbin:/usr/bin:/sbin:/bin:/foss/tools/kactus2:/foss/tools/klayout:/foss/tools/osic-multitool cwd=/foss/designs/heichip/isource_beta/chipify
2026-09-17 13:33:45 [INFO    ] chipify.engines.xschem: Xschem PID=23770 cmd=xschem -n --spice -q -x -o /tmp/chipify_f828d4bc08 /foss/designs/heichip/isource_beta/testbenches/xschem/tb_isource_beta_op.sch
2026-09-17 13:33:45 [INFO    ] chipify.engines.xschem: xschem post-run scan: recent_files=['../../../../../tmp/chipify_f828d4bc08/tb_isource_beta_op.xschem.log', '../../../../../tmp/chipify_f828d4bc08/tb_isource_beta_op.spice'] netlist_files=['../../../../../tmp/chipify_f828d4bc08/tb_isource_beta_op.spice'] chosen=../../../../../tmp/chipify_f828d4bc08/tb_isource_beta_op.spice
2026-09-17 13:33:45 [INFO    ] chipify.engines.xschem: Xschem netlist generated OK (spice).
2026-09-17 13:33:45 [INFO    ] chipify.engines.xschem: run_xschem: /foss/designs/heichip/isource_beta/testbenches/xschem/tb_isource_beta_tran.sch (mode=spice)
2026-09-17 13:33:45 [INFO    ] chipify.engines.xschem: Xschem env: HOME=/headless XSCHEM_SHAREDIR=None PATH=/headless/.local/bin:/foss/tools/bin:/foss/tools/sak:/usr/local/sbin:/usr/local/bin:/usr/sbin:/usr/bin:/sbin:/bin:/foss/tools/kactus2:/foss/tools/klayout:/foss/tools/osic-multitool cwd=/foss/designs/heichip/isource_beta/chipify
2026-09-17 13:33:45 [INFO    ] chipify.engines.xschem: Xschem PID=23780 cmd=xschem -n --spice -q -x -o /tmp/chipify_f828d4bc08 /foss/designs/heichip/isource_beta/testbenches/xschem/tb_isource_beta_tran.sch
2026-09-17 13:33:46 [INFO    ] chipify.engines.xschem: xschem post-run scan: recent_files=['../../../../../tmp/chipify_f828d4bc08/tb_isource_beta_tran.spice', '../../../../../tmp/chipify_f828d4bc08/tb_isource_beta_op.spice', '../../../../../tmp/chipify_f828d4bc08/tb_isource_beta_tran.xschem.log'] netlist_files=['../../../../../tmp/chipify_f828d4bc08/tb_isource_beta_tran.spice', '../../../../../tmp/chipify_f828d4bc08/tb_isource_beta_op.spice'] chosen=../../../../../tmp/chipify_f828d4bc08/tb_isource_beta_tran.spice
2026-09-17 13:33:46 [INFO    ] chipify.engines.xschem: Xschem netlist generated OK (spice).
2026-09-17 13:33:46 [INFO    ] chipify.simulator: Phase 3/3: staging files to RAM disk...
2026-09-17 13:33:46 [INFO    ] chipify.engines.staging: Staging library files to RAM disk: /tmp/chipify_f828d4bc08
2026-09-17 13:33:46 [DEBUG   ] chipify.engines.staging: No tb/xschemrc to stage (looked at /foss/designs/heichip/isource_beta/chipify/../testbenches/xschem/xschemrc)
2026-09-17 13:33:46 [INFO    ] chipify.simulator: transient store: /foss/designs/heichip/isource_beta/chipify/out/analysis_data/transient/20260917_133346
2026-09-17 13:33:46 [INFO    ] chipify.simulator: Spawning pool: 11 workers, 30 tasks.
2026-09-17 13:33:46 [DEBUG   ] chipify.simulator: Pool created (forkserver, 11 workers).
2026-09-17 13:33:46 [DEBUG   ] chipify.simulator: 30 batch tasks submitted (chunk_size=1).
2026-09-17 13:35:18 [INFO    ] chipify.simulator: Pool finished cleanly. 30 results collected.
2026-09-17 13:35:18 [INFO    ] chipify.simulator: run_sim() exited.
2026-09-17 13:35:18 [INFO    ] chipify.gui_qt.sim_worker: run_sim returned 30 rows. Saving results…
2026-09-17 13:35:18 [INFO    ] chipify.run_meta: Wrote run metadata: /foss/designs/heichip/isource_beta/chipify/out/history/run_20260917_133518.meta.json
2026-09-17 13:35:19 [INFO    ] chipify.run_meta: Wrote run metadata: /foss/designs/heichip/isource_beta/chipify/out/simulation_results.meta.json
2026-09-17 13:35:19 [DEBUG   ] chipify.expression: evaluate_dataframe_column 'iout': 'out/res' → 'out/res'
2026-09-17 13:35:19 [WARNING ] chipify.uikit.services.equations: Scalar equation 'iout' failed: name 'res' is not defined
2026-09-17 13:35:19 [DEBUG   ] chipify.expression: evaluate_dataframe_column 'out_d': 'outp-outn' → 'outp-outn'
2026-09-17 13:35:19 [DEBUG   ] chipify.plot: Waveform equation 'out_d' skipped: name 'outp' is not defined
2026-09-17 13:35:19 [DEBUG   ] chipify.expression: evaluate_dataframe_column 'out_d': 'outp-outn' → 'outp-outn'
2026-09-17 13:35:19 [DEBUG   ] chipify.plot: Waveform equation 'out_d' skipped: name 'outp' is not defined
2026-09-17 13:35:19 [DEBUG   ] chipify.expression: evaluate_dataframe_column 'out_d': 'outp-outn' → 'outp-outn'
2026-09-17 13:35:19 [DEBUG   ] chipify.plot: Waveform equation 'out_d' skipped: name 'outp' is not defined
2026-09-17 13:35:19 [DEBUG   ] chipify.expression: evaluate_dataframe_column 'out_d': 'outp-outn' → 'outp-outn'
2026-09-17 13:35:19 [DEBUG   ] chipify.plot: Waveform equation 'out_d' skipped: name 'outp' is not defined
2026-09-17 13:35:19 [DEBUG   ] chipify.expression: evaluate_dataframe_column 'out_d': 'outp-outn' → 'outp-outn'
2026-09-17 13:35:19 [DEBUG   ] chipify.plot: Waveform equation 'out_d' skipped: name 'outp' is not defined
2026-09-17 13:35:19 [DEBUG   ] chipify.expression: evaluate_dataframe_column 'out_d': 'outp-outn' → 'outp-outn'
2026-09-17 13:35:19 [DEBUG   ] chipify.plot: Waveform equation 'out_d' skipped: name 'outp' is not defined
2026-09-17 13:35:19 [DEBUG   ] chipify.expression: evaluate_dataframe_column 'out_d': 'outp-outn' → 'outp-outn'
2026-09-17 13:35:19 [DEBUG   ] chipify.plot: Waveform equation 'out_d' skipped: name 'outp' is not defined
2026-09-17 13:35:19 [DEBUG   ] chipify.expression: evaluate_dataframe_column 'out_d': 'outp-outn' → 'outp-outn'
2026-09-17 13:35:19 [DEBUG   ] chipify.plot: Waveform equation 'out_d' skipped: name 'outp' is not defined
2026-09-17 13:35:19 [DEBUG   ] chipify.expression: evaluate_dataframe_column 'out_d': 'outp-outn' → 'outp-outn'
2026-09-17 13:35:19 [DEBUG   ] chipify.plot: Waveform equation 'out_d' skipped: name 'outp' is not defined
2026-09-17 13:35:19 [DEBUG   ] chipify.expression: evaluate_dataframe_column 'out_d': 'outp-outn' → 'outp-outn'
2026-09-17 13:35:19 [DEBUG   ] chipify.plot: Waveform equation 'out_d' skipped: name 'outp' is not defined
2026-09-17 13:35:19 [DEBUG   ] chipify.expression: evaluate_dataframe_column 'out_d': 'outp-outn' → 'outp-outn'
2026-09-17 13:35:19 [DEBUG   ] chipify.plot: Waveform equation 'out_d' skipped: name 'outp' is not defined
2026-09-17 13:35:19 [DEBUG   ] chipify.expression: evaluate_dataframe_column 'out_d': 'outp-outn' → 'outp-outn'
2026-09-17 13:35:19 [DEBUG   ] chipify.plot: Waveform equation 'out_d' skipped: name 'outp' is not defined
2026-09-17 13:35:19 [DEBUG   ] chipify.expression: evaluate_dataframe_column 'out_d': 'outp-outn' → 'outp-outn'
2026-09-17 13:35:19 [DEBUG   ] chipify.plot: Waveform equation 'out_d' skipped: name 'outp' is not defined
2026-09-17 13:35:19 [DEBUG   ] chipify.expression: evaluate_dataframe_column 'out_d': 'outp-outn' → 'outp-outn'
2026-09-17 13:35:19 [DEBUG   ] chipify.plot: Waveform equation 'out_d' skipped: name 'outp' is not defined
2026-09-17 13:35:19 [DEBUG   ] chipify.expression: evaluate_dataframe_column 'out_d': 'outp-outn' → 'outp-outn'
2026-09-17 13:35:19 [DEBUG   ] chipify.plot: Waveform equation 'out_d' skipped: name 'outp' is not defined
2026-09-17 13:35:19 [DEBUG   ] chipify.expression: evaluate_dataframe_column 'out_d': 'outp-outn' → 'outp-outn'
2026-09-17 13:35:19 [DEBUG   ] chipify.plot: Waveform equation 'out_d' skipped: name 'outp' is not defined
2026-09-17 13:35:19 [DEBUG   ] chipify.expression: evaluate_dataframe_column 'out_d': 'outp-outn' → 'outp-outn'
2026-09-17 13:35:19 [DEBUG   ] chipify.plot: Waveform equation 'out_d' skipped: name 'outp' is not defined
2026-09-17 13:35:19 [DEBUG   ] chipify.expression: evaluate_dataframe_column 'out_d': 'outp-outn' → 'outp-outn'
2026-09-17 13:35:19 [DEBUG   ] chipify.plot: Waveform equation 'out_d' skipped: name 'outp' is not defined
2026-09-17 13:35:19 [DEBUG   ] chipify.expression: evaluate_dataframe_column 'out_d': 'outp-outn' → 'outp-outn'
2026-09-17 13:35:19 [DEBUG   ] chipify.plot: Waveform equation 'out_d' skipped: name 'outp' is not defined
2026-09-17 13:35:19 [DEBUG   ] chipify.expression: evaluate_dataframe_column 'out_d': 'outp-outn' → 'outp-outn'
2026-09-17 13:35:19 [DEBUG   ] chipify.plot: Waveform equation 'out_d' skipped: name 'outp' is not defined
2026-09-17 13:35:19 [DEBUG   ] chipify.expression: evaluate_dataframe_column 'out_d': 'outp-outn' → 'outp-outn'
2026-09-17 13:35:19 [DEBUG   ] chipify.plot: Waveform equation 'out_d' skipped: name 'outp' is not defined
2026-09-17 13:35:19 [DEBUG   ] chipify.expression: evaluate_dataframe_column 'out_d': 'outp-outn' → 'outp-outn'
2026-09-17 13:35:19 [DEBUG   ] chipify.plot: Waveform equation 'out_d' skipped: name 'outp' is not defined
2026-09-17 13:35:19 [DEBUG   ] chipify.expression: evaluate_dataframe_column 'out_d': 'outp-outn' → 'outp-outn'
2026-09-17 13:35:19 [DEBUG   ] chipify.plot: Waveform equation 'out_d' skipped: name 'outp' is not defined
2026-09-17 13:35:19 [DEBUG   ] chipify.expression: evaluate_dataframe_column 'out_d': 'outp-outn' → 'outp-outn'
2026-09-17 13:35:19 [DEBUG   ] chipify.plot: Waveform equation 'out_d' skipped: name 'outp' is not defined
2026-09-17 13:35:19 [DEBUG   ] chipify.expression: evaluate_dataframe_column 'out_d': 'outp-outn' → 'outp-outn'
2026-09-17 13:35:19 [DEBUG   ] chipify.plot: Waveform equation 'out_d' skipped: name 'outp' is not defined
2026-09-17 13:35:19 [DEBUG   ] chipify.expression: evaluate_dataframe_column 'out_d': 'outp-outn' → 'outp-outn'
2026-09-17 13:35:19 [DEBUG   ] chipify.plot: Waveform equation 'out_d' skipped: name 'outp' is not defined
2026-09-17 13:35:19 [DEBUG   ] chipify.expression: evaluate_dataframe_column 'out_d': 'outp-outn' → 'outp-outn'
2026-09-17 13:35:19 [DEBUG   ] chipify.plot: Waveform equation 'out_d' skipped: name 'outp' is not defined
2026-09-17 13:35:19 [DEBUG   ] chipify.expression: evaluate_dataframe_column 'out_d': 'outp-outn' → 'outp-outn'
2026-09-17 13:35:19 [DEBUG   ] chipify.plot: Waveform equation 'out_d' skipped: name 'outp' is not defined
2026-09-17 13:35:19 [DEBUG   ] chipify.expression: evaluate_dataframe_column 'out_d': 'outp-outn' → 'outp-outn'
2026-09-17 13:35:19 [DEBUG   ] chipify.plot: Waveform equation 'out_d' skipped: name 'outp' is not defined
2026-09-17 13:35:19 [DEBUG   ] chipify.expression: evaluate_dataframe_column 'out_d': 'outp-outn' → 'outp-outn'
2026-09-17 13:35:19 [DEBUG   ] chipify.plot: Waveform equation 'out_d' skipped: name 'outp' is not defined
2026-09-17 13:36:06 [DEBUG   ] chipify.expression: evaluate_dataframe_column 'out_d': 'outp-outn' → 'outp-outn'
2026-09-17 13:36:06 [DEBUG   ] chipify.plot: Waveform equation 'out_d' skipped: name 'outp' is not defined
2026-09-17 13:36:06 [DEBUG   ] chipify.expression: evaluate_dataframe_column 'out_d': 'outp-outn' → 'outp-outn'
2026-09-17 13:36:06 [DEBUG   ] chipify.plot: Waveform equation 'out_d' skipped: name 'outp' is not defined
2026-09-17 13:36:06 [DEBUG   ] chipify.expression: evaluate_dataframe_column 'out_d': 'outp-outn' → 'outp-outn'
2026-09-17 13:36:06 [DEBUG   ] chipify.plot: Waveform equation 'out_d' skipped: name 'outp' is not defined
2026-09-17 13:36:06 [DEBUG   ] chipify.expression: evaluate_dataframe_column 'out_d': 'outp-outn' → 'outp-outn'
2026-09-17 13:36:06 [DEBUG   ] chipify.plot: Waveform equation 'out_d' skipped: name 'outp' is not defined
2026-09-17 13:36:06 [DEBUG   ] chipify.expression: evaluate_dataframe_column 'out_d': 'outp-outn' → 'outp-outn'
2026-09-17 13:36:06 [DEBUG   ] chipify.plot: Waveform equation 'out_d' skipped: name 'outp' is not defined
2026-09-17 13:36:06 [DEBUG   ] chipify.expression: evaluate_dataframe_column 'out_d': 'outp-outn' → 'outp-outn'
2026-09-17 13:36:06 [DEBUG   ] chipify.plot: Waveform equation 'out_d' skipped: name 'outp' is not defined
2026-09-17 13:36:06 [DEBUG   ] chipify.expression: evaluate_dataframe_column 'out_d': 'outp-outn' → 'outp-outn'
2026-09-17 13:36:06 [DEBUG   ] chipify.plot: Waveform equation 'out_d' skipped: name 'outp' is not defined
2026-09-17 13:36:06 [DEBUG   ] chipify.expression: evaluate_dataframe_column 'out_d': 'outp-outn' → 'outp-outn'
2026-09-17 13:36:06 [DEBUG   ] chipify.plot: Waveform equation 'out_d' skipped: name 'outp' is not defined
2026-09-17 13:36:06 [DEBUG   ] chipify.expression: evaluate_dataframe_column 'out_d': 'outp-outn' → 'outp-outn'
2026-09-17 13:36:06 [DEBUG   ] chipify.plot: Waveform equation 'out_d' skipped: name 'outp' is not defined
2026-09-17 13:36:06 [DEBUG   ] chipify.expression: evaluate_dataframe_column 'out_d': 'outp-outn' → 'outp-outn'
2026-09-17 13:36:06 [DEBUG   ] chipify.plot: Waveform equation 'out_d' skipped: name 'outp' is not defined
2026-09-17 13:36:06 [DEBUG   ] chipify.expression: evaluate_dataframe_column 'out_d': 'outp-outn' → 'outp-outn'
2026-09-17 13:36:06 [DEBUG   ] chipify.plot: Waveform equation 'out_d' skipped: name 'outp' is not defined
2026-09-17 13:36:06 [DEBUG   ] chipify.expression: evaluate_dataframe_column 'out_d': 'outp-outn' → 'outp-outn'
2026-09-17 13:36:06 [DEBUG   ] chipify.plot: Waveform equation 'out_d' skipped: name 'outp' is not defined
2026-09-17 13:36:06 [DEBUG   ] chipify.expression: evaluate_dataframe_column 'out_d': 'outp-outn' → 'outp-outn'
2026-09-17 13:36:06 [DEBUG   ] chipify.plot: Waveform equation 'out_d' skipped: name 'outp' is not defined
2026-09-17 13:36:06 [DEBUG   ] chipify.expression: evaluate_dataframe_column 'out_d': 'outp-outn' → 'outp-outn'
2026-09-17 13:36:06 [DEBUG   ] chipify.plot: Waveform equation 'out_d' skipped: name 'outp' is not defined
2026-09-17 13:36:07 [DEBUG   ] chipify.expression: evaluate_dataframe_column 'out_d': 'outp-outn' → 'outp-outn'
2026-09-17 13:36:07 [DEBUG   ] chipify.plot: Waveform equation 'out_d' skipped: name 'outp' is not defined
2026-09-17 13:36:07 [DEBUG   ] chipify.expression: evaluate_dataframe_column 'out_d': 'outp-outn' → 'outp-outn'
2026-09-17 13:36:07 [DEBUG   ] chipify.plot: Waveform equation 'out_d' skipped: name 'outp' is not defined
2026-09-17 13:36:07 [DEBUG   ] chipify.expression: evaluate_dataframe_column 'out_d': 'outp-outn' → 'outp-outn'
2026-09-17 13:36:07 [DEBUG   ] chipify.plot: Waveform equation 'out_d' skipped: name 'outp' is not defined
2026-09-17 13:36:07 [DEBUG   ] chipify.expression: evaluate_dataframe_column 'out_d': 'outp-outn' → 'outp-outn'
2026-09-17 13:36:07 [DEBUG   ] chipify.plot: Waveform equation 'out_d' skipped: name 'outp' is not defined
2026-09-17 13:36:07 [DEBUG   ] chipify.expression: evaluate_dataframe_column 'out_d': 'outp-outn' → 'outp-outn'
2026-09-17 13:36:07 [DEBUG   ] chipify.plot: Waveform equation 'out_d' skipped: name 'outp' is not defined
2026-09-17 13:36:07 [DEBUG   ] chipify.expression: evaluate_dataframe_column 'out_d': 'outp-outn' → 'outp-outn'
2026-09-17 13:36:07 [DEBUG   ] chipify.plot: Waveform equation 'out_d' skipped: name 'outp' is not defined
2026-09-17 13:36:07 [DEBUG   ] chipify.expression: evaluate_dataframe_column 'out_d': 'outp-outn' → 'outp-outn'
2026-09-17 13:36:07 [DEBUG   ] chipify.plot: Waveform equation 'out_d' skipped: name 'outp' is not defined
2026-09-17 13:36:07 [DEBUG   ] chipify.expression: evaluate_dataframe_column 'out_d': 'outp-outn' → 'outp-outn'
2026-09-17 13:36:07 [DEBUG   ] chipify.plot: Waveform equation 'out_d' skipped: name 'outp' is not defined
2026-09-17 13:36:07 [DEBUG   ] chipify.expression: evaluate_dataframe_column 'out_d': 'outp-outn' → 'outp-outn'
2026-09-17 13:36:07 [DEBUG   ] chipify.plot: Waveform equation 'out_d' skipped: name 'outp' is not defined
2026-09-17 13:36:07 [DEBUG   ] chipify.expression: evaluate_dataframe_column 'out_d': 'outp-outn' → 'outp-outn'
2026-09-17 13:36:07 [DEBUG   ] chipify.plot: Waveform equation 'out_d' skipped: name 'outp' is not defined
2026-09-17 13:36:07 [DEBUG   ] chipify.expression: evaluate_dataframe_column 'out_d': 'outp-outn' → 'outp-outn'
2026-09-17 13:36:07 [DEBUG   ] chipify.plot: Waveform equation 'out_d' skipped: name 'outp' is not defined
2026-09-17 13:36:07 [DEBUG   ] chipify.expression: evaluate_dataframe_column 'out_d': 'outp-outn' → 'outp-outn'
2026-09-17 13:36:07 [DEBUG   ] chipify.plot: Waveform equation 'out_d' skipped: name 'outp' is not defined
2026-09-17 13:36:07 [DEBUG   ] chipify.expression: evaluate_dataframe_column 'out_d': 'outp-outn' → 'outp-outn'
2026-09-17 13:36:07 [DEBUG   ] chipify.plot: Waveform equation 'out_d' skipped: name 'outp' is not defined
2026-09-17 13:36:07 [DEBUG   ] chipify.expression: evaluate_dataframe_column 'out_d': 'outp-outn' → 'outp-outn'
2026-09-17 13:36:07 [DEBUG   ] chipify.plot: Waveform equation 'out_d' skipped: name 'outp' is not defined
2026-09-17 13:36:07 [DEBUG   ] chipify.expression: evaluate_dataframe_column 'out_d': 'outp-outn' → 'outp-outn'
2026-09-17 13:36:07 [DEBUG   ] chipify.plot: Waveform equation 'out_d' skipped: name 'outp' is not defined
2026-09-17 13:36:07 [DEBUG   ] chipify.expression: evaluate_dataframe_column 'out_d': 'outp-outn' → 'outp-outn'
2026-09-17 13:36:07 [DEBUG   ] chipify.plot: Waveform equation 'out_d' skipped: name 'outp' is not defined
2026-09-17 13:37:19 [INFO    ] chipify.gui_qt.controllers.simulation: SimulationController.start: corners_ngspice.yaml
2026-09-17 13:37:19 [INFO    ] chipify.gui_qt.sim_worker: SimWorker.run on thread Dummy-1
2026-09-17 13:37:19 [INFO    ] chipify.simulator: run_sim() started. Testbenches: 2
2026-09-17 13:37:19 [INFO    ] chipify.simulator: Phase 1/3: generating parameter cases...
2026-09-17 13:37:19 [INFO    ] chipify.simulator: Total cases: 30
2026-09-17 13:37:19 [INFO    ] chipify.simulator: Simulator engine(s) in use: ngspice
2026-09-17 13:37:19 [INFO    ] chipify.simulator: Phase 2/3: generating Xschem templates...
2026-09-17 13:37:19 [INFO    ] chipify.engines.xschem: run_xschem: /foss/designs/heichip/isource_beta/testbenches/xschem/tb_isource_beta_op.sch (mode=spice)
2026-09-17 13:37:19 [INFO    ] chipify.engines.xschem: Xschem env: HOME=/headless XSCHEM_SHAREDIR=None PATH=/headless/.local/bin:/foss/tools/bin:/foss/tools/sak:/usr/local/sbin:/usr/local/bin:/usr/sbin:/usr/bin:/sbin:/bin:/foss/tools/kactus2:/foss/tools/klayout:/foss/tools/osic-multitool cwd=/foss/designs/heichip/isource_beta/chipify
2026-09-17 13:37:19 [INFO    ] chipify.engines.xschem: Xschem PID=24022 cmd=xschem -n --spice -q -x -o /tmp/chipify_f828d4bc08 /foss/designs/heichip/isource_beta/testbenches/xschem/tb_isource_beta_op.sch
2026-09-17 13:37:19 [INFO    ] chipify.engines.xschem: xschem post-run scan: recent_files=['../../../../../tmp/chipify_f828d4bc08/tb_isource_beta_op.xschem.log', '../../../../../tmp/chipify_f828d4bc08/tb_isource_beta_op.spice'] netlist_files=['../../../../../tmp/chipify_f828d4bc08/tb_isource_beta_op.spice'] chosen=../../../../../tmp/chipify_f828d4bc08/tb_isource_beta_op.spice
2026-09-17 13:37:19 [INFO    ] chipify.engines.xschem: Xschem netlist generated OK (spice).
2026-09-17 13:37:19 [INFO    ] chipify.engines.xschem: run_xschem: /foss/designs/heichip/isource_beta/testbenches/xschem/tb_isource_beta_tran.sch (mode=spice)
2026-09-17 13:37:19 [INFO    ] chipify.engines.xschem: Xschem env: HOME=/headless XSCHEM_SHAREDIR=None PATH=/headless/.local/bin:/foss/tools/bin:/foss/tools/sak:/usr/local/sbin:/usr/local/bin:/usr/sbin:/usr/bin:/sbin:/bin:/foss/tools/kactus2:/foss/tools/klayout:/foss/tools/osic-multitool cwd=/foss/designs/heichip/isource_beta/chipify
2026-09-17 13:37:19 [INFO    ] chipify.engines.xschem: Xschem PID=24032 cmd=xschem -n --spice -q -x -o /tmp/chipify_f828d4bc08 /foss/designs/heichip/isource_beta/testbenches/xschem/tb_isource_beta_tran.sch
2026-09-17 13:37:20 [INFO    ] chipify.engines.xschem: xschem post-run scan: recent_files=['../../../../../tmp/chipify_f828d4bc08/tb_isource_beta_tran.spice', '../../../../../tmp/chipify_f828d4bc08/tb_isource_beta_op.spice', '../../../../../tmp/chipify_f828d4bc08/tb_isource_beta_tran.xschem.log'] netlist_files=['../../../../../tmp/chipify_f828d4bc08/tb_isource_beta_tran.spice', '../../../../../tmp/chipify_f828d4bc08/tb_isource_beta_op.spice'] chosen=../../../../../tmp/chipify_f828d4bc08/tb_isource_beta_tran.spice
2026-09-17 13:37:20 [INFO    ] chipify.engines.xschem: Xschem netlist generated OK (spice).
2026-09-17 13:37:20 [INFO    ] chipify.simulator: Phase 3/3: staging files to RAM disk...
2026-09-17 13:37:20 [INFO    ] chipify.engines.staging: Staging library files to RAM disk: /tmp/chipify_f828d4bc08
2026-09-17 13:37:20 [DEBUG   ] chipify.engines.staging: No tb/xschemrc to stage (looked at /foss/designs/heichip/isource_beta/chipify/../testbenches/xschem/xschemrc)
2026-09-17 13:37:20 [INFO    ] chipify.simulator: transient store: /foss/designs/heichip/isource_beta/chipify/out/analysis_data/transient/20260917_133720
2026-09-17 13:37:20 [INFO    ] chipify.simulator: Spawning pool: 11 workers, 30 tasks.
2026-09-17 13:37:20 [DEBUG   ] chipify.simulator: Pool created (forkserver, 11 workers).
2026-09-17 13:37:20 [DEBUG   ] chipify.simulator: 30 batch tasks submitted (chunk_size=1).
2026-09-17 13:38:59 [INFO    ] chipify.simulator: Pool finished cleanly. 30 results collected.
2026-09-17 13:38:59 [INFO    ] chipify.simulator: run_sim() exited.
2026-09-17 13:38:59 [INFO    ] chipify.gui_qt.sim_worker: run_sim returned 30 rows. Saving results…
2026-09-17 13:38:59 [INFO    ] chipify.run_meta: Wrote run metadata: /foss/designs/heichip/isource_beta/chipify/out/history/run_20260917_133859.meta.json
2026-09-17 13:38:59 [INFO    ] chipify.run_meta: Wrote run metadata: /foss/designs/heichip/isource_beta/chipify/out/simulation_results.meta.json
2026-09-17 13:38:59 [DEBUG   ] chipify.expression: evaluate_dataframe_column 'iout': 'out/res' → 'out/res'
2026-09-17 13:38:59 [WARNING ] chipify.uikit.services.equations: Scalar equation 'iout' failed: name 'res' is not defined
2026-09-17 13:39:05 [DEBUG   ] chipify.expression: evaluate_dataframe_column 'out_d': 'outp-outn' → 'outp-outn'
2026-09-17 13:39:05 [DEBUG   ] chipify.plot: Waveform equation 'out_d' skipped: name 'outp' is not defined
2026-09-17 13:39:05 [DEBUG   ] chipify.expression: evaluate_dataframe_column 'out_d': 'outp-outn' → 'outp-outn'
2026-09-17 13:39:05 [DEBUG   ] chipify.plot: Waveform equation 'out_d' skipped: name 'outp' is not defined
2026-09-17 13:39:05 [DEBUG   ] chipify.expression: evaluate_dataframe_column 'out_d': 'outp-outn' → 'outp-outn'
2026-09-17 13:39:05 [DEBUG   ] chipify.plot: Waveform equation 'out_d' skipped: name 'outp' is not defined
2026-09-17 13:39:05 [DEBUG   ] chipify.expression: evaluate_dataframe_column 'out_d': 'outp-outn' → 'outp-outn'
2026-09-17 13:39:05 [DEBUG   ] chipify.plot: Waveform equation 'out_d' skipped: name 'outp' is not defined
2026-09-17 13:39:05 [DEBUG   ] chipify.expression: evaluate_dataframe_column 'out_d': 'outp-outn' → 'outp-outn'
2026-09-17 13:39:05 [DEBUG   ] chipify.plot: Waveform equation 'out_d' skipped: name 'outp' is not defined
2026-09-17 13:39:05 [DEBUG   ] chipify.expression: evaluate_dataframe_column 'out_d': 'outp-outn' → 'outp-outn'
2026-09-17 13:39:05 [DEBUG   ] chipify.plot: Waveform equation 'out_d' skipped: name 'outp' is not defined
2026-09-17 13:39:05 [DEBUG   ] chipify.expression: evaluate_dataframe_column 'out_d': 'outp-outn' → 'outp-outn'
2026-09-17 13:39:05 [DEBUG   ] chipify.plot: Waveform equation 'out_d' skipped: name 'outp' is not defined
2026-09-17 13:39:05 [DEBUG   ] chipify.expression: evaluate_dataframe_column 'out_d': 'outp-outn' → 'outp-outn'
2026-09-17 13:39:05 [DEBUG   ] chipify.plot: Waveform equation 'out_d' skipped: name 'outp' is not defined
2026-09-17 13:39:05 [DEBUG   ] chipify.expression: evaluate_dataframe_column 'out_d': 'outp-outn' → 'outp-outn'
2026-09-17 13:39:05 [DEBUG   ] chipify.plot: Waveform equation 'out_d' skipped: name 'outp' is not defined
2026-09-17 13:39:05 [DEBUG   ] chipify.expression: evaluate_dataframe_column 'out_d': 'outp-outn' → 'outp-outn'
2026-09-17 13:39:05 [DEBUG   ] chipify.plot: Waveform equation 'out_d' skipped: name 'outp' is not defined
2026-09-17 13:39:05 [DEBUG   ] chipify.expression: evaluate_dataframe_column 'out_d': 'outp-outn' → 'outp-outn'
2026-09-17 13:39:05 [DEBUG   ] chipify.plot: Waveform equation 'out_d' skipped: name 'outp' is not defined
2026-09-17 13:39:05 [DEBUG   ] chipify.expression: evaluate_dataframe_column 'out_d': 'outp-outn' → 'outp-outn'
2026-09-17 13:39:05 [DEBUG   ] chipify.plot: Waveform equation 'out_d' skipped: name 'outp' is not defined
2026-09-17 13:39:05 [DEBUG   ] chipify.expression: evaluate_dataframe_column 'out_d': 'outp-outn' → 'outp-outn'
2026-09-17 13:39:05 [DEBUG   ] chipify.plot: Waveform equation 'out_d' skipped: name 'outp' is not defined
2026-09-17 13:39:05 [DEBUG   ] chipify.expression: evaluate_dataframe_column 'out_d': 'outp-outn' → 'outp-outn'
2026-09-17 13:39:05 [DEBUG   ] chipify.plot: Waveform equation 'out_d' skipped: name 'outp' is not defined
2026-09-17 13:39:05 [DEBUG   ] chipify.expression: evaluate_dataframe_column 'out_d': 'outp-outn' → 'outp-outn'
2026-09-17 13:39:05 [DEBUG   ] chipify.plot: Waveform equation 'out_d' skipped: name 'outp' is not defined
2026-09-17 13:39:05 [DEBUG   ] chipify.expression: evaluate_dataframe_column 'out_d': 'outp-outn' → 'outp-outn'
2026-09-17 13:39:05 [DEBUG   ] chipify.plot: Waveform equation 'out_d' skipped: name 'outp' is not defined
2026-09-17 13:39:05 [DEBUG   ] chipify.expression: evaluate_dataframe_column 'out_d': 'outp-outn' → 'outp-outn'
2026-09-17 13:39:05 [DEBUG   ] chipify.plot: Waveform equation 'out_d' skipped: name 'outp' is not defined
2026-09-17 13:39:05 [DEBUG   ] chipify.expression: evaluate_dataframe_column 'out_d': 'outp-outn' → 'outp-outn'
2026-09-17 13:39:05 [DEBUG   ] chipify.plot: Waveform equation 'out_d' skipped: name 'outp' is not defined
2026-09-17 13:39:05 [DEBUG   ] chipify.expression: evaluate_dataframe_column 'out_d': 'outp-outn' → 'outp-outn'
2026-09-17 13:39:05 [DEBUG   ] chipify.plot: Waveform equation 'out_d' skipped: name 'outp' is not defined
2026-09-17 13:39:05 [DEBUG   ] chipify.expression: evaluate_dataframe_column 'out_d': 'outp-outn' → 'outp-outn'
2026-09-17 13:39:05 [DEBUG   ] chipify.plot: Waveform equation 'out_d' skipped: name 'outp' is not defined
2026-09-17 13:39:05 [DEBUG   ] chipify.expression: evaluate_dataframe_column 'out_d': 'outp-outn' → 'outp-outn'
2026-09-17 13:39:05 [DEBUG   ] chipify.plot: Waveform equation 'out_d' skipped: name 'outp' is not defined
2026-09-17 13:39:05 [DEBUG   ] chipify.expression: evaluate_dataframe_column 'out_d': 'outp-outn' → 'outp-outn'
2026-09-17 13:39:05 [DEBUG   ] chipify.plot: Waveform equation 'out_d' skipped: name 'outp' is not defined
2026-09-17 13:39:05 [DEBUG   ] chipify.expression: evaluate_dataframe_column 'out_d': 'outp-outn' → 'outp-outn'
2026-09-17 13:39:05 [DEBUG   ] chipify.plot: Waveform equation 'out_d' skipped: name 'outp' is not defined
2026-09-17 13:39:05 [DEBUG   ] chipify.expression: evaluate_dataframe_column 'out_d': 'outp-outn' → 'outp-outn'
2026-09-17 13:39:05 [DEBUG   ] chipify.plot: Waveform equation 'out_d' skipped: name 'outp' is not defined
2026-09-17 13:39:05 [DEBUG   ] chipify.expression: evaluate_dataframe_column 'out_d': 'outp-outn' → 'outp-outn'
2026-09-17 13:39:05 [DEBUG   ] chipify.plot: Waveform equation 'out_d' skipped: name 'outp' is not defined
2026-09-17 13:39:05 [DEBUG   ] chipify.expression: evaluate_dataframe_column 'out_d': 'outp-outn' → 'outp-outn'
2026-09-17 13:39:05 [DEBUG   ] chipify.plot: Waveform equation 'out_d' skipped: name 'outp' is not defined
2026-09-17 13:39:05 [DEBUG   ] chipify.expression: evaluate_dataframe_column 'out_d': 'outp-outn' → 'outp-outn'
2026-09-17 13:39:05 [DEBUG   ] chipify.plot: Waveform equation 'out_d' skipped: name 'outp' is not defined
2026-09-17 13:39:05 [DEBUG   ] chipify.expression: evaluate_dataframe_column 'out_d': 'outp-outn' → 'outp-outn'
2026-09-17 13:39:05 [DEBUG   ] chipify.plot: Waveform equation 'out_d' skipped: name 'outp' is not defined
2026-09-17 13:39:05 [DEBUG   ] chipify.expression: evaluate_dataframe_column 'out_d': 'outp-outn' → 'outp-outn'
2026-09-17 13:39:05 [DEBUG   ] chipify.plot: Waveform equation 'out_d' skipped: name 'outp' is not defined
2026-09-17 13:39:05 [DEBUG   ] chipify.expression: evaluate_dataframe_column 'out_d': 'outp-outn' → 'outp-outn'
2026-09-17 13:39:05 [DEBUG   ] chipify.plot: Waveform equation 'out_d' skipped: name 'outp' is not defined
